// 4.26.1 0x577c7d83 D2 R0 FRGB565 U565 N0 SExtFlashSection
// Generated by imageconverter. Please, do not edit!

#include <touchgfx/hal/Config.hpp>

LOCATION_PRAGMA("ExtFlashSection")
KEEP extern const unsigned char image_humidity[] LOCATION_ATTRIBUTE("ExtFlashSection") = { // 90x90 RGB565 pixels.
    0xff, 0xff, 0xff, 0xff, 0xff, 0xff, 0xff, 0xff, 0xff, 0xff, 0xff, 0xff,
    0xff, 0xff, 0xff, 0xff, 0xff, 0xff, 0xff, 0xff, 0xff, 0xff, 0xff, 0xff,
    0xff, 0xff, 0xff, 0xff, 0xff, 0xff, 0xff, 0xff, 0xff, 0xff, 0xff, 0xff,
    0xff, 0xff, 0xff, 0xff, 0xff, 0xff, 0xff, 0xff, 0xff, 0xff, 0xff, 0xff,
    0xff, 0xff, 0xff, 0xff, 0xff, 0xff, 0xff, 0xff, 0xff, 0xff, 0xff, 0xff,
    0xff, 0xff, 0xff, 0xff, 0xff, 0xff, 0xff, 0xff, 0xff, 0xff, 0xff, 0xff,
    0xff, 0xff, 0xff, 0xff, 0xff, 0xff, 0xff, 0xff, 0xff, 0xff, 0xff, 0xff,
    0xff, 0xff, 0xff, 0xff, 0xff, 0xff, 0xff, 0xff, 0xff, 0xff, 0xff, 0xff,
    0xff, 0xff, 0xff, 0xff, 0xff, 0xff, 0xff, 0xff, 0xff, 0xff, 0xff, 0xff,
    0xff, 0xff, 0xff, 0xff, 0xff, 0xff, 0xff, 0xff, 0xff, 0xff, 0xff, 0xff,
    0xff, 0xff, 0xff, 0xff, 0xff, 0xff, 0xff, 0xff, 0xff, 0xff, 0xff, 0xff,
    0xff, 0xff, 0xff, 0xff, 0xff, 0xff, 0xff, 0xff, 0xff, 0xff, 0xff, 0xff,
    0xff, 0xff, 0xff, 0xff, 0xff, 0xff, 0xff, 0xff, 0xff, 0xff, 0xff, 0xff,
    0xff, 0xff, 0xff, 0xff, 0xff, 0xff, 0xff, 0xff, 0xff, 0xff, 0xff, 0xff,
    0xff, 0xff, 0xff, 0xff, 0xff, 0xff, 0xff, 0xff, 0xff, 0xff, 0xff, 0xff,
    0xff, 0xff, 0xff, 0xff, 0xff, 0xff, 0xff, 0xff, 0xff, 0xff, 0xff, 0xff,
    0xff, 0xff, 0xff, 0xff, 0xff, 0xff, 0xff, 0xff, 0xff, 0xff, 0xff, 0xff,
    0xff, 0xff, 0xff, 0xff, 0xff, 0xff, 0xff, 0xff, 0xff, 0xff, 0xff, 0xff,
    0xff, 0xff, 0xff, 0xff, 0xff, 0xff, 0xff, 0xff, 0xff, 0xff, 0xff, 0xff,
    0xff, 0xff, 0xff, 0xff, 0xff, 0xff, 0xff, 0xff, 0xff, 0xff, 0xff, 0xff,
    0xff, 0xff, 0xff, 0xff, 0xff, 0xff, 0xff, 0xff, 0xff, 0xff, 0xff, 0xff,
    0xff, 0xff, 0xff, 0xff, 0xff, 0xff, 0xff, 0xff, 0xff, 0xff, 0xff, 0xff,
    0xff, 0xff, 0xff, 0xff, 0xff, 0xff, 0xff, 0xff, 0xff, 0xff, 0xff, 0xff,
    0xff, 0xff, 0xff, 0xff, 0xff, 0xff, 0xff, 0xff, 0xff, 0xff, 0xff, 0xff,
    0xff, 0xff, 0xff, 0xff, 0xff, 0xff, 0xff, 0xff, 0xff, 0xff, 0xff, 0xff,
    0xff, 0xff, 0xff, 0xff, 0xff, 0xff, 0xff, 0xff, 0xff, 0xff, 0xff, 0xff,
    0xff, 0xff, 0xff, 0xff, 0xff, 0xff, 0xff, 0xff, 0xff, 0xff, 0xff, 0xff,
    0xff, 0xff, 0xff, 0xff, 0xff, 0xff, 0xff, 0xff, 0xff, 0xff, 0xff, 0xff,
    0xff, 0xff, 0xff, 0xff, 0xff, 0xff, 0xff, 0xff, 0xff, 0xff, 0xff, 0xff,
    0xff, 0xff, 0xff, 0xff, 0xff, 0xff, 0xff, 0xff, 0xff, 0xff, 0xff, 0xff,
    0xff, 0xff, 0xff, 0xff, 0xff, 0xff, 0xff, 0xff, 0xff, 0xff, 0xff, 0xff,
    0xff, 0xff, 0xff, 0xff, 0xff, 0xff, 0xff, 0xff, 0xff, 0xff, 0xff, 0xff,
    0xff, 0xff, 0xff, 0xff, 0xff, 0xff, 0xff, 0xff, 0xff, 0xff, 0xff, 0xff,
    0xff, 0xff, 0xff, 0xff, 0xff, 0xff, 0xff, 0xff, 0xff, 0xff, 0xff, 0xff,
    0xff, 0xff, 0xff, 0xff, 0xff, 0xff, 0xff, 0xff, 0xff, 0xff, 0xff, 0xff,
    0xff, 0xff, 0xff, 0xff, 0xff, 0xff, 0xff, 0xff, 0xff, 0xff, 0xff, 0xff,
    0xff, 0xff, 0xff, 0xff, 0xff, 0xff, 0xff, 0xff, 0xff, 0xff, 0xff, 0xff,
    0xff, 0xff, 0xff, 0xff, 0xff, 0xff, 0xff, 0xff, 0xff, 0xff, 0xff, 0xff,
    0xff, 0xff, 0xff, 0xff, 0xff, 0xff, 0xff, 0xff, 0xff, 0xff, 0xff, 0xff,
    0xff, 0xff, 0xff, 0xff, 0xff, 0xff, 0xff, 0xff, 0xff, 0xff, 0xff, 0xff,
    0xff, 0xff, 0xff, 0xff, 0xff, 0xff, 0xff, 0xff, 0xff, 0xff, 0xff, 0xff,
    0xff, 0xff, 0xff, 0xff, 0xff, 0xff, 0xff, 0xff, 0xff, 0xff, 0xff, 0xff,
    0xff, 0xff, 0xff, 0xff, 0xff, 0xff, 0xff, 0xff, 0xff, 0xff, 0xff, 0xff,
    0xff, 0xff, 0xff, 0xff, 0xff, 0xff, 0xff, 0xff, 0xff, 0xff, 0xff, 0xff,
    0xff, 0xff, 0xff, 0xff, 0xff, 0xff, 0xff, 0xff, 0xff, 0xff, 0xff, 0xff,
    0xff, 0xff, 0xff, 0xff, 0xff, 0xff, 0xff, 0xff, 0xff, 0xff, 0xff, 0xff,
    0xff, 0xff, 0xff, 0xff, 0xff, 0xff, 0xff, 0xff, 0xff, 0xff, 0xff, 0xff,
    0xff, 0xff, 0xff, 0xff, 0xff, 0xff, 0xff, 0xff, 0xff, 0xff, 0xff, 0xff,
    0xff, 0xff, 0xff, 0xff, 0xff, 0xff, 0xff, 0xff, 0xff, 0xff, 0xff, 0xff,
    0xff, 0xff, 0xff, 0xff, 0xff, 0xff, 0xff, 0xff, 0xff, 0xff, 0xff, 0xff,
    0xff, 0xff, 0xff, 0xff, 0xff, 0xff, 0xff, 0xff, 0xff, 0xff, 0xff, 0xff,
    0xff, 0xff, 0xff, 0xff, 0xff, 0xff, 0xff, 0xff, 0xff, 0xff, 0xff, 0xff,
    0xff, 0xff, 0xff, 0xff, 0xff, 0xff, 0xff, 0xff, 0xff, 0xff, 0xff, 0xff,
    0xff, 0xff, 0xff, 0xff, 0xff, 0xff, 0xff, 0xff, 0xff, 0xff, 0xff, 0xff,
    0xff, 0xff, 0xff, 0xff, 0xff, 0xff, 0xff, 0xff, 0xff, 0xff, 0xff, 0xff,
    0xff, 0xff, 0xff, 0xff, 0xff, 0xff, 0xff, 0xff, 0xff, 0xff, 0xff, 0xff,
    0xff, 0xff, 0xff, 0xff, 0xff, 0xff, 0xff, 0xff, 0xff, 0xff, 0xff, 0xff,
    0xff, 0xff, 0xff, 0xff, 0xff, 0xff, 0xff, 0xff, 0xff, 0xff, 0xff, 0xff,
    0xff, 0xff, 0xff, 0xff, 0xff, 0xff, 0xff, 0xff, 0xff, 0xff, 0xff, 0xff,
    0xff, 0xff, 0xff, 0xff, 0xff, 0xff, 0xff, 0xff, 0xff, 0xff, 0xff, 0xff,
    0xff, 0xff, 0xff, 0xff, 0xff, 0xff, 0xff, 0xff, 0xff, 0xff, 0xff, 0xff,
    0xff, 0xff, 0xff, 0xff, 0xff, 0xff, 0xff, 0xff, 0xff, 0xff, 0xff, 0xff,
    0xff, 0xff, 0xff, 0xff, 0xff, 0xff, 0xff, 0xff, 0xff, 0xff, 0xff, 0xff,
    0xff, 0xff, 0xff, 0xff, 0xff, 0xff, 0xff, 0xff, 0xff, 0xff, 0xff, 0xff,
    0xff, 0xff, 0xff, 0xff, 0xff, 0xff, 0xff, 0xff, 0xff, 0xff, 0xff, 0xff,
    0xff, 0xff, 0xff, 0xff, 0xff, 0xff, 0xff, 0xff, 0xff, 0xff, 0xff, 0xff,
    0xff, 0xff, 0xff, 0xff, 0xff, 0xff, 0xff, 0xff, 0xff, 0xff, 0xff, 0xff,
    0xff, 0xff, 0xff, 0xff, 0xff, 0xff, 0xff, 0xff, 0xff, 0xff, 0xff, 0xff,
    0xff, 0xff, 0xff, 0xff, 0xff, 0xff, 0xff, 0xff, 0xff, 0xff, 0xff, 0xff,
    0xff, 0xff, 0xff, 0xff, 0xff, 0xff, 0xff, 0xff, 0xff, 0xff, 0xff, 0xff,
    0xff, 0xff, 0xff, 0xff, 0xff, 0xff, 0xff, 0xff, 0xff, 0xff, 0xff, 0xff,
    0xff, 0xff, 0xff, 0xff, 0xff, 0xff, 0xff, 0xff, 0xff, 0xff, 0xff, 0xff,
    0xff, 0xff, 0xff, 0xff, 0xff, 0xff, 0xff, 0xff, 0xff, 0xff, 0xff, 0xff,
    0xff, 0xff, 0xff, 0xff, 0xff, 0xff, 0xff, 0xff, 0xff, 0xff, 0xff, 0xff,
    0xff, 0xff, 0xff, 0xff, 0xff, 0xff, 0xff, 0xff, 0xff, 0xff, 0xff, 0xff,
    0xff, 0xff, 0xff, 0xff, 0xff, 0xff, 0xff, 0xff, 0xff, 0xff, 0xff, 0xff,
    0xff, 0xff, 0xff, 0xff, 0xff, 0xff, 0xff, 0xff, 0xff, 0xff, 0xff, 0xff,
    0xff, 0xff, 0xff, 0xff, 0xff, 0xff, 0xff, 0xff, 0xff, 0xff, 0xff, 0xff,
    0xff, 0xff, 0xff, 0xff, 0xff, 0xff, 0xff, 0xff, 0xff, 0xff, 0xff, 0xff,
    0xff, 0xff, 0xff, 0xff, 0xff, 0xff, 0xdf, 0xff, 0xdf, 0xf7, 0xdf, 0xf7,
    0xdf, 0xf7, 0xdf, 0xf7, 0xdf, 0xf7, 0xdf, 0xf7, 0xdf, 0xf7, 0xdf, 0xf7,
    0xff, 0xff, 0xff, 0xff, 0xff, 0xff, 0xff, 0xff, 0xff, 0xff, 0xff, 0xff,
    0xff, 0xff, 0xff, 0xff, 0xff, 0xff, 0xff, 0xff, 0xff, 0xff, 0xff, 0xff,
    0xff, 0xff, 0xff, 0xff, 0xff, 0xff, 0xff, 0xff, 0xff, 0xff, 0xff, 0xff,
    0xff, 0xff, 0xdf, 0xff, 0xdf, 0xf7, 0xdf, 0xef, 0xdf, 0xf7, 0xdf, 0xf7,
    0xdf, 0xef, 0xdf, 0xf7, 0xdf, 0xf7, 0xdf, 0xf7, 0xff, 0xff, 0xff, 0xff,
    0xff, 0xff, 0xff, 0xff, 0xff, 0xff, 0xff, 0xff, 0xff, 0xff, 0xff, 0xff,
    0xff, 0xff, 0xff, 0xff, 0xff, 0xff, 0xff, 0xff, 0xff, 0xff, 0xff, 0xff,
    0xff, 0xff, 0xff, 0xff, 0xff, 0xff, 0xff, 0xff, 0xff, 0xff, 0xff, 0xff,
    0xff, 0xff, 0xff, 0xff, 0xff, 0xff, 0xff, 0xff, 0xff, 0xff, 0xff, 0xff,
    0xff, 0xff, 0xff, 0xff, 0xff, 0xff, 0xff, 0xff, 0xff, 0xff, 0xff, 0xff,
    0xff, 0xff, 0xff, 0xff, 0xff, 0xff, 0xff, 0xff, 0xff, 0xff, 0xff, 0xff,
    0xff, 0xff, 0xff, 0xff, 0xff, 0xff, 0xff, 0xff, 0xff, 0xff, 0xff, 0xff,
    0xff, 0xff, 0xff, 0xff, 0xff, 0xff, 0xff, 0xff, 0xff, 0xff, 0xff, 0xf7,
    0xbf, 0xef, 0xbf, 0xef, 0xbf, 0xe7, 0xbf, 0xe7, 0x9f, 0xe7, 0x9f, 0xe7,
    0x9f, 0xe7, 0x7f, 0xe7, 0x9f, 0xdf, 0x9f, 0xe7, 0x9f, 0xe7, 0x9f, 0xe7,
    0x9f, 0xe7, 0xbf, 0xef, 0xbf, 0xef, 0xbf, 0xef, 0xff, 0xff, 0xff, 0xf7,
    0xff, 0xff, 0xff, 0xff, 0xff, 0xff, 0xff, 0xff, 0xff, 0xff, 0xff, 0xff,
    0xff, 0xff, 0xff, 0xff, 0xff, 0xff, 0xff, 0xf7, 0xdf, 0xef, 0xbf, 0xef,
    0x9f, 0xe7, 0x9f, 0xe7, 0xbf, 0xe7, 0x9f, 0xe7, 0x9f, 0xe7, 0x9f, 0xe7,
    0x9f, 0xe7, 0x9f, 0xe7, 0x9f, 0xe7, 0x9f, 0xe7, 0x9f, 0xe7, 0xbf, 0xe7,
    0xdf, 0xef, 0xff, 0xf7, 0xff, 0xff, 0xff, 0xff, 0xff, 0xff, 0xff, 0xff,
    0xff, 0xff, 0xff, 0xff, 0xff, 0xff, 0xff, 0xff, 0xff, 0xff, 0xff, 0xff,
    0xff, 0xff, 0xff, 0xff, 0xff, 0xff, 0xff, 0xff, 0xff, 0xff, 0xff, 0xff,
    0xff, 0xff, 0xff, 0xff, 0xff, 0xff, 0xdf, 0xff, 0xff, 0xff, 0xff, 0xff,
    0xff, 0xff, 0xff, 0xff, 0xff, 0xff, 0xff, 0xff, 0xff, 0xff, 0xff, 0xff,
    0xff, 0xff, 0xff, 0xff, 0xff, 0xff, 0xff, 0xff, 0xff, 0xff, 0xff, 0xff,
    0xff, 0xff, 0xff, 0xff, 0xff, 0xff, 0xff, 0xff, 0xff, 0xff, 0xff, 0xff,
    0xff, 0xff, 0xff, 0xff, 0xff, 0xff, 0xdf, 0xf7, 0xbf, 0xef, 0x9f, 0xef,
    0xbf, 0xe7, 0xbf, 0xe7, 0xbf, 0xe7, 0x9f, 0xdf, 0xbf, 0xe7, 0xbf, 0xdf,
    0xbf, 0xe7, 0xbf, 0xe7, 0xbf, 0xdf, 0xdf, 0xdf, 0xbf, 0xe7, 0xbf, 0xe7,
    0xbf, 0xe7, 0xbf, 0xdf, 0xbf, 0xe7, 0xbf, 0xe7, 0x9e, 0xef, 0x9e, 0xef,
    0x9e, 0xef, 0xdf, 0xff, 0xff, 0xff, 0xff, 0xff, 0xff, 0xff, 0xff, 0xff,
    0xdf, 0xf7, 0xbf, 0xf7, 0x9f, 0xe7, 0x9f, 0xe7, 0x9f, 0xdf, 0x9f, 0xdf,
    0xbf, 0xe7, 0xbf, 0xdf, 0xbf, 0xe7, 0xbf, 0xe7, 0xbf, 0xdf, 0xbf, 0xe7,
    0xbf, 0xe7, 0xbf, 0xdf, 0xbf, 0xdf, 0xbf, 0xe7, 0xbf, 0xe7, 0xbf, 0xe7,
    0x9f, 0xe7, 0x9f, 0xe7, 0xbf, 0xef, 0xbf, 0xf7, 0xff, 0xff, 0xff, 0xff,
    0xff, 0xff, 0xff, 0xff, 0xff, 0xff, 0xff, 0xff, 0xff, 0xff, 0xff, 0xff,
    0xff, 0xff, 0xff, 0xff, 0xff, 0xff, 0xff, 0xff, 0xff, 0xff, 0xff, 0xff,
    0xff, 0xff, 0xff, 0xff, 0xdf, 0xff, 0xbe, 0xf7, 0xff, 0xff, 0xff, 0xff,
    0xff, 0xff, 0xff, 0xff, 0xff, 0xff, 0xff, 0xff, 0xff, 0xff, 0xff, 0xff,
    0xff, 0xff, 0xff, 0xff, 0xff, 0xff, 0xff, 0xff, 0xff, 0xff, 0xff, 0xff,
    0xff, 0xff, 0xff, 0xff, 0xff, 0xff, 0xff, 0xff, 0xff, 0xff, 0xff, 0xff,
    0xff, 0xf7, 0xdf, 0xef, 0xbf, 0xe7, 0x9f, 0xe7, 0x9f, 0xe7, 0xbf, 0xe7,
    0xbf, 0xe7, 0xbf, 0xe7, 0xbf, 0xe7, 0xbf, 0xe7, 0x9f, 0xe7, 0xbf, 0xe7,
    0xbf, 0xe7, 0xbf, 0xe7, 0x9f, 0xe7, 0xdf, 0xe7, 0x9f, 0xdf, 0xbf, 0xe7,
    0xff, 0xdf, 0x9d, 0xdf, 0xdc, 0xe6, 0xbf, 0xef, 0x7e, 0xd7, 0x7f, 0xdf,
    0x9f, 0xdf, 0xbf, 0xe7, 0xff, 0xf7, 0xff, 0xff, 0xff, 0xf7, 0xbf, 0xef,
    0xbf, 0xe7, 0xbf, 0xe7, 0xbf, 0xe7, 0xbf, 0xe7, 0xbf, 0xe7, 0xbf, 0xe7,
    0xbf, 0xe7, 0xbf, 0xe7, 0xbf, 0xe7, 0xbf, 0xe7, 0xbf, 0xe7, 0xbf, 0xe7,
    0xbf, 0xe7, 0xbf, 0xe7, 0xbf, 0xe7, 0xbf, 0xe7, 0xbf, 0xe7, 0xbf, 0xe7,
    0xbf, 0xe7, 0xbf, 0xe7, 0xbf, 0xe7, 0xbf, 0xe7, 0xbf, 0xe7, 0xbf, 0xe7,
    0xff, 0xff, 0xff, 0xff, 0xdf, 0xff, 0xff, 0xff, 0xff, 0xff, 0xff, 0xff,
    0xfe, 0xf7, 0xff, 0xff, 0xff, 0xff, 0xff, 0xff, 0xff, 0xff, 0xff, 0xff,
    0xff, 0xff, 0xdf, 0xff, 0x9e, 0xf7, 0xff, 0xff, 0xff, 0xff, 0xff, 0xff,
    0xff, 0xff, 0xff, 0xff, 0xff, 0xff, 0xff, 0xff, 0xff, 0xff, 0xff, 0xff,
    0xff, 0xff, 0xff, 0xff, 0xff, 0xff, 0xff, 0xff, 0xff, 0xff, 0xff, 0xff,
    0xff, 0xff, 0xff, 0xff, 0xff, 0xff, 0xff, 0xff, 0xff, 0xff, 0xdf, 0xf7,
    0xdf, 0xef, 0xbf, 0xef, 0xbf, 0xe7, 0xbf, 0xe7, 0xbf, 0xe7, 0xbf, 0xe7,
    0x9f, 0xe7, 0x9f, 0xe7, 0xbf, 0xe7, 0xbf, 0xe7, 0xbf, 0xe7, 0xbf, 0xe7,
    0xbf, 0xe7, 0xbf, 0xe7, 0xbf, 0xe7, 0x9f, 0xe7, 0xdf, 0xef, 0x9f, 0xef,
    0xdf, 0xdf, 0xdb, 0xee, 0x57, 0xf5, 0x9c, 0xdf, 0x5e, 0xdf, 0x9f, 0xe7,
    0x9f, 0xe7, 0x9f, 0xe7, 0xbf, 0xe7, 0xbf, 0xe7, 0xbf, 0xe7, 0x9f, 0xe7,
    0xbf, 0xe7, 0xbf, 0xe7, 0xbf, 0xe7, 0xbf, 0xe7, 0xbf, 0xe7, 0x9f, 0xe7,
    0xbf, 0xe7, 0xbf, 0xe7, 0x9f, 0xe7, 0x9f, 0xe7, 0xbf, 0xe7, 0x9f, 0xe7,
    0xbf, 0xe7, 0xbf, 0xe7, 0x9f, 0xe7, 0xbf, 0xe7, 0xbf, 0xe7, 0xbf, 0xe7,
    0xbf, 0xe7, 0xbf, 0xe7, 0x9f, 0xe7, 0xbf, 0xe7, 0xbf, 0xe7, 0xbf, 0xe7,
    0x9e, 0xe7, 0xbf, 0xef, 0xfe, 0xff, 0xdf, 0xff, 0xff, 0xff, 0xff, 0xff,
    0x9f, 0xff, 0xff, 0xff, 0xff, 0xff, 0xff, 0xff, 0xff, 0xff, 0xff, 0xff,
    0xbf, 0xf7, 0x9e, 0xf7, 0xdf, 0xff, 0xff, 0xff, 0xff, 0xff, 0xff, 0xff,
    0xff, 0xff, 0xff, 0xff, 0xff, 0xff, 0xff, 0xff, 0xff, 0xff, 0xff, 0xff,
    0xff, 0xff, 0xff, 0xff, 0xff, 0xff, 0xff, 0xff, 0xff, 0xff, 0xff, 0xff,
    0xff, 0xff, 0xff, 0xff, 0xff, 0xff, 0xff, 0xff, 0xbf, 0xef, 0xbf, 0xe7,
    0xbf, 0xe7, 0xbf, 0xe7, 0xbf, 0xdf, 0xbf, 0xdf, 0xbf, 0xe7, 0xbf, 0xe7,
    0xbf, 0xe7, 0xbf, 0xe7, 0xbf, 0xe7, 0x9f, 0xe7, 0xbf, 0xe7, 0x9f, 0xe7,
    0xbf, 0xe7, 0xbf, 0xe7, 0xdf, 0xdf, 0x9f, 0xe7, 0xbf, 0xe7, 0xbf, 0xe7,
    0x1a, 0xee, 0xb5, 0xfc, 0xb4, 0xf4, 0xf5, 0xe4, 0x5e, 0xe7, 0x9f, 0xe7,
    0x9f, 0xef, 0x9f, 0xe7, 0x9f, 0xe7, 0x9f, 0xe7, 0xbf, 0xe7, 0xbf, 0xe7,
    0xbf, 0xe7, 0x9f, 0xe7, 0xbf, 0xe7, 0xbf, 0xe7, 0x9f, 0xe7, 0xbf, 0xe7,
    0xbf, 0xe7, 0xbf, 0xe7, 0xbf, 0xe7, 0xbf, 0xe7, 0xbf, 0xe7, 0xbf, 0xe7,
    0x9f, 0xe7, 0xbf, 0xe7, 0xbf, 0xe7, 0xbf, 0xe7, 0xbf, 0xe7, 0xbf, 0xe7,
    0xbf, 0xe7, 0x9f, 0xe7, 0xbf, 0xe7, 0xbf, 0xe7, 0xbf, 0xe7, 0xbf, 0xe7,
    0xdf, 0xdf, 0xbf, 0xdf, 0xde, 0xef, 0xbf, 0xff, 0xff, 0xff, 0xff, 0xff,
    0xff, 0xff, 0xff, 0xff, 0xff, 0xff, 0xff, 0xff, 0xff, 0xff, 0xdf, 0xff,
    0xbf, 0xff, 0xff, 0xff, 0xff, 0xff, 0xff, 0xff, 0xff, 0xff, 0xff, 0xff,
    0xff, 0xff, 0xff, 0xff, 0xff, 0xff, 0xff, 0xff, 0xff, 0xff, 0xff, 0xff,
    0xff, 0xff, 0xff, 0xff, 0xff, 0xff, 0xff, 0xff, 0xff, 0xff, 0xff, 0xff,
    0xff, 0xff, 0xff, 0xff, 0xdf, 0xf7, 0xbf, 0xef, 0xbf, 0xe7, 0xbf, 0xe7,
    0xbf, 0xe7, 0xbf, 0xdf, 0xbf, 0xdf, 0x9f, 0xe7, 0xbf, 0xe7, 0xbf, 0xe7,
    0xbf, 0xe7, 0xbf, 0xe7, 0xbf, 0xe7, 0xbf, 0xe7, 0x9f, 0xe7, 0xbf, 0xdf,
    0x9f, 0xe7, 0xbf, 0xe7, 0x7f, 0xdf, 0xdf, 0xef, 0x9f, 0xe7, 0x9f, 0xdf,
    0xde, 0xe7, 0x58, 0xe6, 0x15, 0xe5, 0xbc, 0xd7, 0x7f, 0xe7, 0x9f, 0xe7,
    0x9f, 0xe7, 0xbf, 0xe7, 0xbf, 0xe7, 0xdf, 0xe7, 0xbf, 0xe7, 0xbf, 0xdf,
    0xbf, 0xe7, 0xbf, 0xe7, 0x9f, 0xe7, 0xbf, 0xe7, 0xbf, 0xe7, 0xbf, 0xe7,
    0x9f, 0xe7, 0xbf, 0xe7, 0xbf, 0xdf, 0x9f, 0xe7, 0xbf, 0xe7, 0xbf, 0xdf,
    0xbf, 0xe7, 0x9f, 0xe7, 0xbf, 0xdf, 0xbf, 0xe7, 0xbf, 0xe7, 0xbf, 0xe7,
    0xbf, 0xe7, 0xbf, 0xe7, 0xbf, 0xe7, 0x9f, 0xe7, 0xbf, 0xe7, 0xbf, 0xe7,
    0xbf, 0xdf, 0xbf, 0xe7, 0x5f, 0xe7, 0xbf, 0xe7, 0xbf, 0xef, 0xff, 0xff,
    0x1a, 0xae, 0x7f, 0xe7, 0xdf, 0xff, 0xff, 0xff, 0xff, 0xff, 0xdf, 0xff,
    0xdf, 0xff, 0xff, 0xff, 0xff, 0xff, 0xff, 0xff, 0xff, 0xff, 0xff, 0xff,
    0xff, 0xff, 0xff, 0xff, 0xff, 0xff, 0xff, 0xff, 0xff, 0xff, 0xff, 0xff,
    0xff, 0xff, 0xff, 0xff, 0xff, 0xff, 0xff, 0xff, 0xff, 0xff, 0xff, 0xff,
    0xff, 0xff, 0xdf, 0xf7, 0xbf, 0xef, 0x9f, 0xe7, 0xbf, 0xe7, 0xbf, 0xe7,
    0xbf, 0xe7, 0xbf, 0xe7, 0xbf, 0xe7, 0xbf, 0xe7, 0x9f, 0xe7, 0xbf, 0xe7,
    0x9f, 0xdf, 0x9f, 0xe7, 0xbf, 0xe7, 0xbf, 0xe7, 0xbf, 0xe7, 0xbf, 0xe7,
    0xbf, 0xe7, 0xbf, 0xe7, 0xdf, 0xdf, 0x7f, 0xef, 0xbf, 0xdf, 0xdf, 0xdf,
    0xbf, 0xe7, 0x1c, 0xe7, 0x7b, 0xe6, 0xdf, 0xe7, 0xbf, 0xe7, 0xbf, 0xe7,
    0xbf, 0xe7, 0xbf, 0xe7, 0xbf, 0xe7, 0xbf, 0xe7, 0xbf, 0xe7, 0x9f, 0xdf,
    0xbf, 0xe7, 0xbf, 0xe7, 0xbf, 0xe7, 0x9f, 0xe7, 0xbf, 0xdf, 0xbf, 0xe7,
    0x9f, 0xe7, 0xbf, 0xe7, 0xbf, 0xe7, 0x9f, 0xe7, 0xbf, 0xe7, 0xbf, 0xe7,
    0xbf, 0xe7, 0xbf, 0xe7, 0x9f, 0xe7, 0xbf, 0xe7, 0x9f, 0xe7, 0xbf, 0xe7,
    0x9f, 0xdf, 0xbf, 0xe7, 0xbf, 0xe7, 0x9f, 0xdf, 0xbf, 0xe7, 0xbf, 0xe7,
    0x9f, 0xe7, 0x9f, 0xe7, 0xdf, 0xef, 0xbf, 0xd7, 0xff, 0xef, 0xff, 0xff,
    0xb2, 0x63, 0x3a, 0xc6, 0xff, 0xff, 0xff, 0xff, 0xbe, 0xff, 0xbe, 0xf7,
    0xff, 0xff, 0xff, 0xff, 0xff, 0xff, 0xff, 0xff, 0xff, 0xff, 0xff, 0xff,
    0xff, 0xff, 0xff, 0xff, 0xff, 0xff, 0xff, 0xff, 0xff, 0xff, 0xff, 0xff,
    0xff, 0xff, 0xff, 0xff, 0xff, 0xff, 0xff, 0xff, 0xff, 0xff, 0xff, 0xff,
    0xdf, 0xf7, 0xbf, 0xef, 0x9f, 0xe7, 0xbf, 0xe7, 0xbf, 0xe7, 0x9f, 0xe7,
    0x9f, 0xe7, 0x9f, 0xe7, 0x9f, 0xe7, 0x9f, 0xe7, 0xbf, 0xe7, 0x9f, 0xe7,
    0xbf, 0xe7, 0xbf, 0xe7, 0xbf, 0xdf, 0x9f, 0xe7, 0xbf, 0xe7, 0xbf, 0xe7,
    0xbf, 0xe7, 0xbf, 0xe7, 0x7f, 0xdf, 0xff, 0xe7, 0x9f, 0xdf, 0x9f, 0xe7,
    0x5f, 0xdf, 0xbf, 0xdf, 0xff, 0xe7, 0x7f, 0xe7, 0xbf, 0xe7, 0xdf, 0xe7,
    0xbf, 0xdf, 0xbf, 0xe7, 0x9f, 0xdf, 0x9f, 0xe7, 0x9f, 0xe7, 0x9f, 0xe7,
    0xbf, 0xe7, 0xbf, 0xe7, 0xbf, 0xe7, 0xbf, 0xe7, 0xbf, 0xe7, 0xbf, 0xe7,
    0xbf, 0xe7, 0xbf, 0xdf, 0xbf, 0xe7, 0xbf, 0xe7, 0x9f, 0xe7, 0xbf, 0xe7,
    0xbf, 0xe7, 0x9f, 0xe7, 0xbf, 0xe7, 0xbf, 0xe7, 0xbf, 0xe7, 0xbf, 0xe7,
    0x9f, 0xe7, 0xbf, 0xe7, 0xbf, 0xe7, 0xbf, 0xe7, 0xbf, 0xe7, 0xbf, 0xe7,
    0x9f, 0xe7, 0x9f, 0xe7, 0xbf, 0xdf, 0xbf, 0xef, 0xd9, 0xad, 0x54, 0x84,
    0x13, 0xce, 0x12, 0xad, 0xd4, 0x9c, 0x1c, 0xdf, 0xff, 0xff, 0xff, 0xff,
    0xff, 0xff, 0xff, 0xff, 0xff, 0xff, 0xff, 0xff, 0xff, 0xff, 0xff, 0xff,
    0xff, 0xff, 0xff, 0xff, 0xff, 0xff, 0xff, 0xff, 0xff, 0xff, 0xff, 0xff,
    0xff, 0xff, 0xff, 0xff, 0xff, 0xff, 0xff, 0xff, 0xff, 0xff, 0xff, 0xf7,
    0xbf, 0xef, 0x9f, 0xe7, 0xbf, 0xe7, 0xbf, 0xe7, 0x9f, 0xe7, 0x9f, 0xe7,
    0xbf, 0xe7, 0xbf, 0xe7, 0xbf, 0xe7, 0xbf, 0xe7, 0xbf, 0xe7, 0xbf, 0xe7,
    0xbf, 0xe7, 0xbf, 0xe7, 0xbf, 0xe7, 0x9f, 0xe7, 0xbf, 0xdf, 0x9f, 0xe7,
    0x9f, 0xe7, 0xbf, 0xe7, 0xff, 0xdf, 0x5e, 0xef, 0xdf, 0xe7, 0x9f, 0xe7,
    0x9f, 0xd7, 0xdf, 0xdf, 0x7f, 0xef, 0xdf, 0xdf, 0x9f, 0xe7, 0xbf, 0xe7,
    0xbf, 0xe7, 0xbf, 0xe7, 0x9f, 0xe7, 0x9f, 0xe7, 0x9f, 0xe7, 0xbf, 0xe7,
    0xbf, 0xe7, 0x9f, 0xe7, 0x9f, 0xe7, 0xbf, 0xe7, 0x9f, 0xe7, 0xbf, 0xe7,
    0x9f, 0xe7, 0x9f, 0xe7, 0xbf, 0xe7, 0xbf, 0xe7, 0x9f, 0xdf, 0xbf, 0xe7,
    0xbf, 0xe7, 0xbf, 0xdf, 0xbf, 0xe7, 0x9f, 0xe7, 0xbf, 0xdf, 0xbf, 0xe7,
    0xbf, 0xe7, 0xbf, 0xe7, 0x9f, 0xe7, 0xbf, 0xe7, 0xbf, 0xe7, 0xbf, 0xe7,
    0x9f, 0xe7, 0xbf, 0xe7, 0xdf, 0xe7, 0x7e, 0xe7, 0x5b, 0xbe, 0xf7, 0x94,
    0xf1, 0xbd, 0x11, 0x9d, 0xb8, 0xb5, 0x7e, 0xef, 0xff, 0xff, 0xff, 0xff,
    0xff, 0xff, 0xff, 0xff, 0xff, 0xff, 0xff, 0xff, 0xff, 0xff, 0xff, 0xff,
    0xff, 0xff, 0xff, 0xff, 0xff, 0xff, 0xff, 0xff, 0xff, 0xff, 0xff, 0xff,
    0xff, 0xff, 0xff, 0xff, 0xff, 0xff, 0xff, 0xff, 0xff, 0xf7, 0xbf, 0xef,
    0x9f, 0xe7, 0xbf, 0xe7, 0xbf, 0xe7, 0xbf, 0xdf, 0xbf, 0xe7, 0xbf, 0xe7,
    0xbf, 0xe7, 0xbf, 0xe7, 0xbf, 0xdf, 0xbf, 0xdf, 0xbf, 0xdf, 0xbf, 0xdf,
    0xbf, 0xe7, 0xbf, 0xe7, 0x9f, 0xe7, 0xbf, 0xe7, 0xbf, 0xe7, 0xbf, 0xe7,
    0xbf, 0xe7, 0xbf, 0xe7, 0x9f, 0xdf, 0xbf, 0xef, 0x9f, 0xdf, 0xdf, 0xef,
    0x7f, 0xe7, 0xbe, 0xe7, 0xdf, 0xe7, 0x9f, 0xe7, 0x9f, 0xe7, 0x9f, 0xe7,
    0x9f, 0xe7, 0x9f, 0xe7, 0xbf, 0xe7, 0xbf, 0xdf, 0xbf, 0xe7, 0xbf, 0xdf,
    0xbf, 0xe7, 0xbf, 0xe7, 0xbf, 0xe7, 0xbf, 0xdf, 0xbf, 0xe7, 0xbf, 0xe7,
    0xbf, 0xdf, 0xbf, 0xe7, 0xbf, 0xe7, 0xbf, 0xe7, 0xbf, 0xe7, 0x9f, 0xe7,
    0xbf, 0xe7, 0xbf, 0xe7, 0x9f, 0xe7, 0xbf, 0xe7, 0xbf, 0xe7, 0x9f, 0xe7,
    0xbf, 0xe7, 0xbf, 0xdf, 0x9f, 0xe7, 0xbf, 0xe7, 0xbf, 0xdf, 0x9f, 0xe7,
    0xbf, 0xdf, 0xbf, 0xdf, 0x9e, 0xe7, 0xbf, 0xdf, 0xff, 0xef, 0xfd, 0xef,
    0xd6, 0x5b, 0x5b, 0xbe, 0xff, 0xff, 0xff, 0xff, 0xff, 0xff, 0xff, 0xff,
    0xff, 0xff, 0xdf, 0xff, 0xff, 0xff, 0xff, 0xff, 0xff, 0xff, 0xff, 0xff,
    0xff, 0xff, 0xff, 0xff, 0xff, 0xff, 0xff, 0xff, 0xff, 0xff, 0xff, 0xff,
    0xff, 0xff, 0xff, 0xff, 0xff, 0xff, 0xff, 0xff, 0xdf, 0xef, 0xbf, 0xe7,
    0xbf, 0xe7, 0xbf, 0xe7, 0xbf, 0xe7, 0xbf, 0xe7, 0xbf, 0xe7, 0xbf, 0xe7,
    0x9f, 0xe7, 0xbf, 0xe7, 0xbf, 0xe7, 0xbf, 0xe7, 0xbf, 0xe7, 0xbf, 0xe7,
    0xbf, 0xe7, 0x9f, 0xe7, 0xbf, 0xe7, 0xbf, 0xe7, 0xbf, 0xe7, 0xbf, 0xe7,
    0xbf, 0xe7, 0xbf, 0xe7, 0xbf, 0xe7, 0xbf, 0xe7, 0xbf, 0xe7, 0xbf, 0xe7,
    0xbf, 0xe7, 0xbf, 0xe7, 0xbf, 0xe7, 0xbf, 0xe7, 0xbf, 0xe7, 0xbf, 0xe7,
    0xbf, 0xe7, 0xbf, 0xe7, 0xbf, 0xe7, 0xbf, 0xe7, 0xbf, 0xe7, 0x9f, 0xe7,
    0x9f, 0xe7, 0xbe, 0xdf, 0xbf, 0xe7, 0xbf, 0xef, 0x5f, 0xdf, 0xdf, 0xdf,
    0xbf, 0xdf, 0x9f, 0xe7, 0xbf, 0xef, 0xbf, 0xdf, 0xbe, 0xdf, 0xbf, 0xe7,
    0x9f, 0xe7, 0xbf, 0xdf, 0xbf, 0xdf, 0xbf, 0xe7, 0xbf, 0xe7, 0xbf, 0xe7,
    0x9f, 0xe7, 0xbf, 0xe7, 0xbf, 0xe7, 0xbf, 0xe7, 0xbf, 0xe7, 0xbf, 0xe7,
    0xbf, 0xe7, 0xbf, 0xe7, 0xbf, 0xe7, 0xbf, 0xe7, 0x7f, 0xdf, 0xdf, 0xef,
    0x5a, 0xb6, 0x5e, 0xdf, 0xbf, 0xe7, 0xff, 0xf7, 0xff, 0xff, 0xff, 0xff,
    0xff, 0xff, 0xff, 0xff, 0xff, 0xff, 0xff, 0xff, 0xff, 0xff, 0xff, 0xff,
    0xff, 0xff, 0xff, 0xff, 0xff, 0xff, 0xff, 0xff, 0xff, 0xff, 0xff, 0xff,
    0xff, 0xff, 0xff, 0xff, 0xff, 0xff, 0xdf, 0xf7, 0xbf, 0xe7, 0x9f, 0xe7,
    0xbf, 0xe7, 0x9f, 0xe7, 0x9f, 0xe7, 0xbf, 0xe7, 0xbf, 0xe7, 0x9f, 0xe7,
    0xbf, 0xdf, 0xbf, 0xe7, 0x9f, 0xe7, 0xbf, 0xe7, 0xbf, 0xe7, 0x9f, 0xe7,
    0xbf, 0xe7, 0xbf, 0xe7, 0xbf, 0xdf, 0x9f, 0xe7, 0xbf, 0xe7, 0x9f, 0xdf,
    0x9f, 0xe7, 0xbf, 0xe7, 0x9f, 0xe7, 0xbf, 0xe7, 0xbf, 0xe7, 0x9f, 0xe7,
    0xbf, 0xe7, 0xbf, 0xe7, 0xbf, 0xe7, 0xbf, 0xe7, 0xbf, 0xe7, 0xbf, 0xe7,
    0xbf, 0xe7, 0xbf, 0xe7, 0xbf, 0xe7, 0xbf, 0xe7, 0xbf, 0xe7, 0xbf, 0xe7,
    0x9f, 0xe7, 0xbf, 0xe7, 0xbf, 0xe7, 0xdf, 0xef, 0xff, 0xef, 0xbf, 0xdf,
    0xbe, 0xdf, 0xbf, 0xe7, 0x9f, 0xe7, 0xbf, 0xdf, 0xdf, 0xe7, 0x7f, 0xe7,
    0x7f, 0xe7, 0xdf, 0xe7, 0xdf, 0xe7, 0x9f, 0xe7, 0xbf, 0xe7, 0xbf, 0xe7,
    0xbf, 0xe7, 0x9f, 0xe7, 0xbf, 0xe7, 0x9f, 0xe7, 0xbf, 0xe7, 0xbf, 0xe7,
    0x9f, 0xe7, 0xbf, 0xe7, 0xbf, 0xe7, 0xbf, 0xe7, 0xdf, 0xef, 0xdf, 0xe7,
    0x9f, 0xdf, 0xdf, 0xe7, 0x9f, 0xe7, 0xdf, 0xef, 0xff, 0xff, 0xff, 0xff,
    0xff, 0xff, 0xff, 0xff, 0xff, 0xff, 0xff, 0xff, 0xff, 0xff, 0xff, 0xff,
    0xff, 0xff, 0xff, 0xff, 0xff, 0xff, 0xff, 0xff, 0xff, 0xff, 0xff, 0xff,
    0xff, 0xff, 0xff, 0xff, 0xff, 0xff, 0xbf, 0xef, 0x9f, 0xe7, 0xbf, 0xdf,
    0xbf, 0xe7, 0xbf, 0xe7, 0x9f, 0xe7, 0xbf, 0xe7, 0xbf, 0xe7, 0xbf, 0xe7,
    0xbf, 0xe7, 0xbf, 0xe7, 0x9f, 0xe7, 0xbf, 0xe7, 0xbf, 0xe7, 0x9f, 0xe7,
    0xbf, 0xe7, 0xbf, 0xe7, 0xbf, 0xe7, 0xbf, 0xe7, 0xbf, 0xe7, 0xbf, 0xe7,
    0xbf, 0xe7, 0xbf, 0xdf, 0xbf, 0xe7, 0x9f, 0xe7, 0xbf, 0xe7, 0xbf, 0xe7,
    0x9f, 0xe7, 0xbf, 0xe7, 0x9f, 0xe7, 0x9f, 0xe7, 0xbf, 0xe7, 0xbf, 0xe7,
    0x9f, 0xe7, 0xbf, 0xe7, 0x9f, 0xdf, 0xbf, 0xe7, 0xbf, 0xe7, 0xbf, 0xe7,
    0xbf, 0xe7, 0xdf, 0xef, 0x3d, 0xd7, 0x38, 0x8d, 0x3e, 0xd7, 0x9f, 0xe7,
    0xde, 0xef, 0x9f, 0xe7, 0x9f, 0xe7, 0x9f, 0xdf, 0xdf, 0xe7, 0xbf, 0xe7,
    0x9f, 0xe7, 0xdf, 0xe7, 0x9f, 0xdf, 0xbf, 0xe7, 0x9f, 0xe7, 0xbf, 0xe7,
    0xbf, 0xdf, 0xbf, 0xe7, 0xbf, 0xe7, 0xbf, 0xdf, 0x9f, 0xe7, 0xbf, 0xe7,
    0xbf, 0xe7, 0xbf, 0xe7, 0x9f, 0xe7, 0x9f, 0xe7, 0xdf, 0xe7, 0x5e, 0xdf,
    0xdf, 0xef, 0x9f, 0xe7, 0x9f, 0xdf, 0xbf, 0xef, 0xdf, 0xf7, 0xff, 0xff,
    0xff, 0xff, 0xff, 0xff, 0xff, 0xff, 0xff, 0xff, 0xff, 0xff, 0xff, 0xff,
    0xff, 0xff, 0xff, 0xff, 0xff, 0xff, 0xff, 0xff, 0xff, 0xff, 0xff, 0xff,
    0xff, 0xff, 0xff, 0xff, 0xbf, 0xef, 0xbf, 0xe7, 0x9f, 0xdf, 0xbf, 0xdf,
    0xdf, 0xe7, 0xbf, 0xe7, 0x9f, 0xe7, 0xbf, 0xe7, 0x9f, 0xe7, 0xbf, 0xe7,
    0xbf, 0xe7, 0x9f, 0xe7, 0xbf, 0xe7, 0xbf, 0xe7, 0xbf, 0xe7, 0xbf, 0xdf,
    0x9f, 0xe7, 0xbf, 0xe7, 0x9f, 0xe7, 0xbf, 0xe7, 0xbf, 0xe7, 0x9f, 0xe7,
    0xbf, 0xe7, 0xbf, 0xe7, 0xbf, 0xe7, 0xbf, 0xe7, 0xbf, 0xdf, 0xbf, 0xe7,
    0xbf, 0xe7, 0xbf, 0xe7, 0xbf, 0xe7, 0xbf, 0xe7, 0xbf, 0xdf, 0x9f, 0xe7,
    0xbf, 0xe7, 0xbf, 0xe7, 0xbf, 0xe7, 0x9f, 0xe7, 0xbf, 0xe7, 0xbf, 0xe7,
    0x9f, 0xdf, 0xff, 0xef, 0x79, 0x9d, 0xd0, 0x3a, 0xd5, 0x7c, 0xdf, 0xe7,
    0xbf, 0xef, 0x9f, 0xdf, 0xbf, 0xe7, 0xbf, 0xe7, 0x7f, 0xdf, 0x9f, 0xe7,
    0x7e, 0xdf, 0x9f, 0xe7, 0xbf, 0xdf, 0xbf, 0xe7, 0xbf, 0xe7, 0xbf, 0xe7,
    0x9f, 0xe7, 0xbf, 0xe7, 0xbf, 0xe7, 0xbf, 0xe7, 0xbf, 0xe7, 0xbf, 0xe7,
    0xbf, 0xe7, 0x9f, 0xdf, 0xbf, 0xe7, 0xbf, 0xe7, 0x9f, 0xdf, 0xbf, 0xe7,
    0xdf, 0xe7, 0x9f, 0xe7, 0xbf, 0xdf, 0x9f, 0xe7, 0xbf, 0xef, 0xff, 0xff,
    0xff, 0xff, 0xff, 0xff, 0xff, 0xff, 0xff, 0xff, 0xff, 0xff, 0xff, 0xff,
    0xff, 0xff, 0xff, 0xff, 0xff, 0xff, 0xff, 0xff, 0xff, 0xff, 0xff, 0xff,
    0xff, 0xff, 0xdf, 0xff, 0x7f, 0xdf, 0x9f, 0xe7, 0xbf, 0xe7, 0xbf, 0xdf,
    0xbf, 0xe7, 0xbf, 0xe7, 0xbf, 0xe7, 0xbf, 0xdf, 0xbf, 0xe7, 0x9f, 0xdf,
    0xbf, 0xe7, 0xbf, 0xe7, 0xbf, 0xdf, 0x9f, 0xe7, 0xbf, 0xe7, 0xbf, 0xe7,
    0xbf, 0xe7, 0xbf, 0xe7, 0x9f, 0xdf, 0xbf, 0xe7, 0xbf, 0xe7, 0x9f, 0xdf,
    0xbf, 0xe7, 0x9f, 0xe7, 0x9f, 0xe7, 0xbf, 0xe7, 0x9f, 0xe7, 0xbf, 0xe7,
    0xbf, 0xdf, 0x9f, 0xe7, 0xbf, 0xe7, 0xbf, 0xe7, 0xbf, 0xe7, 0xbf, 0xe7,
    0xbf, 0xe7, 0xbf, 0xe7, 0xbf, 0xe7, 0x9f, 0xdf, 0x9f, 0xe7, 0x9f, 0xdf,
    0x9f, 0xdf, 0xdf, 0xe7, 0xf4, 0x63, 0xdc, 0x95, 0x34, 0x64, 0xdf, 0xe7,
    0x7f, 0xe7, 0xdf, 0xe7, 0xbf, 0xdf, 0xbf, 0xe7, 0x9f, 0xdf, 0xff, 0xef,
    0xff, 0xf7, 0xbf, 0xe7, 0xbf, 0xe7, 0xbf, 0xe7, 0xbf, 0xe7, 0xbf, 0xe7,
    0x9f, 0xe7, 0xbf, 0xe7, 0x9f, 0xe7, 0x9f, 0xe7, 0xbf, 0xdf, 0xbf, 0xe7,
    0xbf, 0xe7, 0x9f, 0xe7, 0xdf, 0xe7, 0xbf, 0xe7, 0xbf, 0xe7, 0xdf, 0xef,
    0x9f, 0xe7, 0xdf, 0xe7, 0xbf, 0xe7, 0x9f, 0xdf, 0xbf, 0xe7, 0xff, 0xf7,
    0xff, 0xff, 0xff, 0xff, 0xff, 0xff, 0xff, 0xff, 0xff, 0xff, 0xff, 0xff,
    0xff, 0xff, 0xff, 0xff, 0xff, 0xff, 0xff, 0xff, 0xff, 0xff, 0xff, 0xff,
    0xff, 0xff, 0xdf, 0xf7, 0x5e, 0xdf, 0x9f, 0xe7, 0xdf, 0xe7, 0xbf, 0xdf,
    0x9f, 0xe7, 0xbf, 0xe7, 0xbf, 0xe7, 0x9f, 0xdf, 0xbf, 0xe7, 0xbf, 0xe7,
    0xbf, 0xe7, 0xbf, 0xe7, 0x9f, 0xe7, 0xbf, 0xe7, 0xbf, 0xe7, 0x9f, 0xe7,
    0xbf, 0xe7, 0xbf, 0xe7, 0xbf, 0xe7, 0xbf, 0xe7, 0xbf, 0xe7, 0xbf, 0xe7,
    0xbf, 0xe7, 0xbf, 0xe7, 0xbf, 0xdf, 0xbf, 0xe7, 0xbf, 0xe7, 0x9f, 0xe7,
    0xbf, 0xe7, 0xbf, 0xe7, 0x9f, 0xe7, 0xbf, 0xdf, 0x9f, 0xe7, 0xbf, 0xe7,
    0x9f, 0xdf, 0xbf, 0xe7, 0x9f, 0xe7, 0xbf, 0xdf, 0xbf, 0xe7, 0x9f, 0xe7,
    0xff, 0xef, 0xdd, 0xbe, 0xd4, 0x53, 0x7f, 0xbf, 0xf4, 0x53, 0xf9, 0xa5,
    0xff, 0xef, 0x7e, 0xdf, 0xbf, 0xe7, 0x9e, 0xe7, 0xdf, 0xe7, 0x3b, 0xae,
    0x9c, 0xb6, 0xff, 0xef, 0x9e, 0xe7, 0x9f, 0xdf, 0xbf, 0xe7, 0xbf, 0xe7,
    0xbf, 0xdf, 0xbf, 0xe7, 0xbf, 0xe7, 0xbf, 0xe7, 0x9f, 0xe7, 0xbf, 0xe7,
    0xbf, 0xe7, 0xbf, 0xe7, 0xbf, 0xe7, 0x7f, 0xdf, 0xbf, 0xe7, 0x9f, 0xdf,
    0x9f, 0xdf, 0x9f, 0xe7, 0xbf, 0xe7, 0x9f, 0xdf, 0xbf, 0xe7, 0xdf, 0xef,
    0xff, 0xff, 0xff, 0xff, 0xff, 0xff, 0xff, 0xff, 0xff, 0xff, 0xff, 0xff,
    0xff, 0xff, 0xff, 0xff, 0xff, 0xff, 0xff, 0xff, 0xff, 0xff, 0xff, 0xff,
    0xff, 0xf7, 0xbf, 0xef, 0x7f, 0xdf, 0xbf, 0xe7, 0xbf, 0xe7, 0xbf, 0xe7,
    0x9f, 0xe7, 0xbf, 0xe7, 0xbf, 0xe7, 0xbf, 0xdf, 0xbf, 0xe7, 0x9f, 0xe7,
    0xbf, 0xe7, 0xbf, 0xe7, 0xbf, 0xe7, 0xbf, 0xe7, 0xbf, 0xdf, 0x9f, 0xe7,
    0xbf, 0xe7, 0xbf, 0xdf, 0x9f, 0xe7, 0xbf, 0xe7, 0x9f, 0xe7, 0xbf, 0xe7,
    0xbf, 0xe7, 0xbf, 0xe7, 0x9f, 0xe7, 0xbf, 0xe7, 0xbf, 0xe7, 0xbf, 0xe7,
    0xbf, 0xe7, 0xbf, 0xe7, 0xbf, 0xe7, 0xbf, 0xe7, 0xbf, 0xe7, 0xbf, 0xe7,
    0xbf, 0xe7, 0x9f, 0xe7, 0xbf, 0xe7, 0xbf, 0xe7, 0xbf, 0xe7, 0xbf, 0xe7,
    0xff, 0xf7, 0x96, 0x74, 0x38, 0x75, 0xbf, 0xbf, 0xdb, 0x8d, 0xf4, 0x5b,
    0xfe, 0xc6, 0x9e, 0xdf, 0xbf, 0xe7, 0xdf, 0xef, 0xfc, 0xce, 0x71, 0x4b,
    0xb3, 0x53, 0x7f, 0xdf, 0xdf, 0xef, 0x9f, 0xe7, 0xbf, 0xe7, 0xbf, 0xe7,
    0x9f, 0xe7, 0xbf, 0xe7, 0xbf, 0xdf, 0xbf, 0xe7, 0xbf, 0xe7, 0x9f, 0xe7,
    0xbf, 0xe7, 0xbf, 0xe7, 0x9f, 0xe7, 0x9f, 0xdf, 0xdf, 0xe7, 0x9f, 0xe7,
    0xdf, 0xe7, 0xbf, 0xe7, 0xbf, 0xe7, 0xbf, 0xe7, 0x9f, 0xe7, 0xbf, 0xe7,
    0xdf, 0xf7, 0xff, 0xff, 0xff, 0xff, 0xff, 0xff, 0xff, 0xff, 0xff, 0xff,
    0xff, 0xff, 0xff, 0xff, 0xff, 0xff, 0xff, 0xff, 0xff, 0xff, 0xff, 0xff,
    0xff, 0xf7, 0x9f, 0xef, 0xbf, 0xe7, 0xbf, 0xe7, 0xbf, 0xdf, 0xbf, 0xe7,
    0xbf, 0xe7, 0xbf, 0xe7, 0x9f, 0xe7, 0xbf, 0xe7, 0xbf, 0xe7, 0xbf, 0xe7,
    0x9f, 0xe7, 0xbf, 0xdf, 0x9f, 0xe7, 0xbf, 0xe7, 0xbf, 0xe7, 0xbf, 0xe7,
    0xbf, 0xe7, 0x9f, 0xe7, 0xbf, 0xe7, 0xbf, 0xe7, 0xbf, 0xdf, 0x9f, 0xe7,
    0xbf, 0xe7, 0xbf, 0xdf, 0x9f, 0xe7, 0xbf, 0xe7, 0xbf, 0xdf, 0x9f, 0xe7,
    0x9f, 0xe7, 0xbf, 0xdf, 0xbf, 0xe7, 0x9f, 0xe7, 0x9f, 0xdf, 0x9f, 0xe7,
    0xbf, 0xe7, 0xbf, 0xe7, 0xbf, 0xe7, 0xbf, 0xe7, 0xbf, 0xe7, 0xbf, 0xe7,
    0xbc, 0xce, 0x92, 0x4b, 0x3f, 0xaf, 0x1f, 0xaf, 0x3e, 0xb7, 0xd5, 0x53,
    0x38, 0x85, 0x5d, 0xd7, 0x9f, 0xe7, 0xff, 0xf7, 0xb8, 0x9d, 0x97, 0x6c,
    0x77, 0x6c, 0xdc, 0xc6, 0xdf, 0xef, 0xbf, 0xe7, 0xbf, 0xe7, 0xbf, 0xe7,
    0x9f, 0xe7, 0xbf, 0xe7, 0xbf, 0xe7, 0x9f, 0xe7, 0xbf, 0xe7, 0xbf, 0xdf,
    0xbf, 0xe7, 0x9f, 0xdf, 0xbf, 0xe7, 0xdf, 0xe7, 0xbf, 0xe7, 0xbf, 0xe7,
    0x9f, 0xe7, 0xbf, 0xe7, 0xbf, 0xe7, 0xbf, 0xe7, 0x9f, 0xdf, 0x9f, 0xe7,
    0xbf, 0xf7, 0xff, 0xff, 0xff, 0xff, 0xff, 0xff, 0xff, 0xff, 0xff, 0xff,
    0xff, 0xff, 0xff, 0xff, 0xff, 0xff, 0xff, 0xff, 0xff, 0xff, 0xff, 0xff,
    0xff, 0xf7, 0x7f, 0xdf, 0xde, 0xe7, 0xbf, 0xe7, 0x7f, 0xe7, 0xbf, 0xe7,
    0xbf, 0xdf, 0x9f, 0xdf, 0xbf, 0xe7, 0xdf, 0xdf, 0xbf, 0xe7, 0xbf, 0xe7,
    0xbf, 0xe7, 0x9f, 0xdf, 0x9f, 0xe7, 0xbf, 0xe7, 0xbf, 0xe7, 0x9f, 0xe7,
    0xdf, 0xdf, 0xbf, 0xdf, 0x9f, 0xdf, 0xbf, 0xef, 0x7f, 0xe7, 0x5f, 0xe7,
    0xdf, 0xef, 0xbf, 0xe7, 0x9f, 0xdf, 0xbf, 0xdf, 0xbf, 0xe7, 0xbf, 0xdf,
    0xbf, 0xdf, 0xbf, 0xe7, 0xbf, 0xe7, 0xbf, 0xe7, 0xbf, 0xe7, 0x9f, 0xe7,
    0xbf, 0xe7, 0x9f, 0xdf, 0xbf, 0xdf, 0xbe, 0xe7, 0x9f, 0xef, 0xff, 0xef,
    0x35, 0x64, 0x79, 0x85, 0x5f, 0xb7, 0xfe, 0xa6, 0x5f, 0xaf, 0x5c, 0x96,
    0x92, 0x4b, 0xff, 0xc6, 0xbf, 0xe7, 0xfe, 0xef, 0x34, 0x6c, 0x3d, 0x96,
    0xf8, 0x6c, 0x59, 0x95, 0xfe, 0xf7, 0xbf, 0xe7, 0xbf, 0xe7, 0x9f, 0xdf,
    0xbf, 0xe7, 0x9f, 0xdf, 0xbf, 0xe7, 0xbf, 0xe7, 0x9f, 0xe7, 0xbf, 0xe7,
    0xbf, 0xe7, 0xbf, 0xe7, 0xbf, 0xe7, 0xbf, 0xe7, 0xbf, 0xe7, 0xbf, 0xe7,
    0xbf, 0xe7, 0xbf, 0xe7, 0xbf, 0xe7, 0xbf, 0xdf, 0xbf, 0xe7, 0x9f, 0xe7,
    0x9f, 0xe7, 0xff, 0xff, 0xff, 0xff, 0xff, 0xff, 0xff, 0xff, 0xff, 0xff,
    0xff, 0xff, 0xff, 0xff, 0xff, 0xff, 0xff, 0xff, 0xff, 0xff, 0xff, 0xff,
    0x9f, 0xe7, 0xdf, 0xe7, 0xbf, 0xe7, 0xdf, 0xdf, 0xbe, 0xdf, 0x9f, 0xe7,
    0x9f, 0xe7, 0xbf, 0xef, 0xbf, 0xef, 0x9d, 0xdf, 0xbf, 0xe7, 0xbf, 0xe7,
    0xbf, 0xe7, 0xbf, 0xe7, 0xbf, 0xe7, 0xbf, 0xe7, 0xbf, 0xe7, 0x9f, 0xdf,
    0xbf, 0xdf, 0xdf, 0xef, 0x9f, 0xe7, 0x9f, 0xdf, 0xff, 0xdf, 0xfe, 0xdf,
    0xbe, 0xdf, 0x9f, 0xe7, 0x9f, 0xef, 0x7f, 0xe7, 0x9f, 0xe7, 0xbf, 0xef,
    0xbf, 0xef, 0x7f, 0xe7, 0x7f, 0xdf, 0x9f, 0xdf, 0xbf, 0xdf, 0x7e, 0xdf,
    0x7e, 0xdf, 0xdf, 0xdf, 0xdf, 0xe7, 0x7f, 0xdf, 0xff, 0xef, 0x3c, 0xa6,
    0xf3, 0x53, 0x1f, 0xb7, 0x1f, 0xaf, 0x3f, 0xaf, 0xff, 0xa6, 0x3f, 0xb7,
    0x75, 0x64, 0xf7, 0x7c, 0xdf, 0xef, 0x1d, 0xd7, 0xb3, 0x53, 0xff, 0xae,
    0x3c, 0x96, 0x15, 0x64, 0xdf, 0xe7, 0x7f, 0xd7, 0x9f, 0xe7, 0xbf, 0xe7,
    0x9f, 0xe7, 0xbf, 0xe7, 0xbf, 0xe7, 0xbf, 0xe7, 0x9f, 0xdf, 0xbf, 0xe7,
    0xbf, 0xe7, 0xbf, 0xe7, 0x9f, 0xe7, 0xbf, 0xe7, 0x9f, 0xe7, 0x9f, 0xe7,
    0xbf, 0xe7, 0xbf, 0xe7, 0xbf, 0xdf, 0xbf, 0xe7, 0xbf, 0xe7, 0x9f, 0xe7,
    0x9f, 0xe7, 0xff, 0xff, 0xff, 0xff, 0xff, 0xff, 0xff, 0xff, 0xff, 0xff,
    0xff, 0xff, 0xff, 0xff, 0xff, 0xff, 0xff, 0xff, 0xff, 0xff, 0xff, 0xff,
    0xbf, 0xef, 0xbf, 0xe7, 0x1f, 0xe7, 0xdf, 0xef, 0xfe, 0xe7, 0xff, 0xef,
    0xbf, 0xef, 0x9e, 0xe7, 0x7f, 0xdf, 0xbf, 0xef, 0x9f, 0xe7, 0xbf, 0xe7,
    0xbf, 0xe7, 0xbf, 0xe7, 0xbf, 0xe7, 0xbf, 0xe7, 0xbf, 0xe7, 0x9f, 0xe7,
    0x9f, 0xef, 0x7f, 0xe7, 0xbf, 0xdf, 0xdf, 0xdf, 0xdf, 0xdf, 0x9f, 0xe7,
    0x7f, 0xe7, 0xbf, 0xdf, 0xfe, 0xdf, 0xbf, 0xdf, 0x9f, 0xdf, 0x9f, 0xe7,
    0xbf, 0xef, 0xff, 0xef, 0xff, 0xef, 0xff, 0xef, 0xff, 0xef, 0xff, 0xf7,
    0xff, 0xef, 0x9f, 0xe7, 0x7f, 0xe7, 0x9f, 0xef, 0x9e, 0xdf, 0x73, 0x53,
    0x3c, 0x96, 0x3f, 0xb7, 0xff, 0xa6, 0x3f, 0xaf, 0xff, 0xa6, 0x3f, 0xb7,
    0xbe, 0xa6, 0x51, 0x3b, 0x5f, 0xd7, 0x59, 0x95, 0xb7, 0x6c, 0x9f, 0xbf,
    0x3f, 0xaf, 0xf3, 0x53, 0x99, 0x95, 0x7f, 0xdf, 0xbf, 0xe7, 0xdf, 0xe7,
    0x9f, 0xdf, 0xbf, 0xe7, 0x9f, 0xdf, 0x9f, 0xe7, 0xbf, 0xe7, 0xbf, 0xe7,
    0xbf, 0xe7, 0x9f, 0xe7, 0xbf, 0xe7, 0xbf, 0xe7, 0xbf, 0xe7, 0xbf, 0xe7,
    0x9f, 0xe7, 0xbf, 0xe7, 0xbf, 0xe7, 0xbf, 0xe7, 0xbf, 0xe7, 0xbf, 0xe7,
    0x9f, 0xe7, 0xff, 0xff, 0xff, 0xff, 0xff, 0xff, 0xff, 0xff, 0xff, 0xff,
    0xff, 0xff, 0xff, 0xff, 0xff, 0xff, 0xff, 0xff, 0xff, 0xff, 0xff, 0xff,
    0xbf, 0xef, 0x5a, 0xb6, 0xd2, 0x8c, 0x34, 0x9d, 0x9a, 0x9d, 0x9c, 0xb6,
    0xff, 0xe7, 0xdf, 0xe7, 0xde, 0xe7, 0x7f, 0xdf, 0x9f, 0xe7, 0xbf, 0xe7,
    0xbf, 0xe7, 0x9f, 0xe7, 0x9f, 0xdf, 0x9f, 0xdf, 0x9f, 0xe7, 0xbf, 0xe7,
    0x7f, 0xe7, 0xff, 0xe7, 0xbe, 0xe7, 0x7f, 0xef, 0xbf, 0xef, 0xbf, 0xdf,
    0x9f, 0xdf, 0x7f, 0xef, 0xbf, 0xe7, 0xff, 0xef, 0xff, 0xf7, 0xbf, 0xe7,
    0x1f, 0xd7, 0xbe, 0xc6, 0x5b, 0xb6, 0x39, 0xae, 0x1c, 0xb6, 0x9c, 0xc6,
    0xdd, 0xce, 0x7e, 0xe7, 0xbf, 0xf7, 0xff, 0xff, 0x55, 0x74, 0xf8, 0x7c,
    0x7f, 0xb7, 0x1f, 0xaf, 0xff, 0xa6, 0x1f, 0xaf, 0xff, 0xae, 0xff, 0xae,
    0x7f, 0xbf, 0x79, 0x7d, 0xd2, 0x63, 0x36, 0x64, 0x5d, 0x9e, 0x3f, 0xaf,
    0x5f, 0xaf, 0xba, 0x85, 0xf4, 0x5b, 0x7f, 0xd7, 0xbf, 0xe7, 0x9f, 0xe7,
    0x9f, 0xe7, 0xbf, 0xe7, 0x9f, 0xdf, 0x9f, 0xe7, 0xbf, 0xe7, 0x9f, 0xdf,
    0xbf, 0xe7, 0xbf, 0xe7, 0xbf, 0xe7, 0xbf, 0xe7, 0xbf, 0xe7, 0xbf, 0xdf,
    0xbf, 0xe7, 0x9f, 0xe7, 0xbf, 0xe7, 0xbf, 0xe7, 0xbf, 0xe7, 0x9f, 0xe7,
    0x9f, 0xe7, 0xdf, 0xf7, 0xff, 0xff, 0xff, 0xff, 0xff, 0xff, 0xff, 0xff,
    0xff, 0xff, 0xdf, 0xff, 0xff, 0xff, 0xff, 0xff, 0xff, 0xff, 0xbf, 0xf7,
    0xdf, 0xef, 0xd8, 0xa5, 0x0f, 0xde, 0x70, 0xfe, 0x31, 0xee, 0xd1, 0x9c,
    0x1a, 0xbe, 0xdf, 0xf7, 0xbf, 0xe7, 0xbf, 0xe7, 0xbf, 0xe7, 0xbf, 0xe7,
    0xbf, 0xe7, 0x9f, 0xdf, 0x9f, 0xdf, 0x9f, 0xdf, 0x9f, 0xe7, 0xbf, 0xe7,
    0xbf, 0xdf, 0xbf, 0xe7, 0x9e, 0xe7, 0xde, 0xe7, 0x9e, 0xdf, 0x7f, 0xe7,
    0xff, 0xf7, 0xff, 0xe7, 0x1e, 0xcf, 0xda, 0xa5, 0x96, 0x74, 0xf3, 0x5b,
    0xf2, 0x5b, 0x11, 0x6c, 0x11, 0x7c, 0x32, 0x84, 0x31, 0x74, 0x52, 0x74,
    0xd2, 0x6b, 0x92, 0x6b, 0x55, 0x7c, 0xd7, 0x7c, 0x14, 0x4c, 0x3d, 0xa7,
    0x1f, 0xa7, 0x3f, 0xaf, 0x1f, 0xaf, 0x1f, 0xaf, 0x1f, 0xa7, 0x1f, 0xaf,
    0xff, 0xa6, 0x7f, 0xb7, 0xf3, 0x53, 0x36, 0x5c, 0x9f, 0xbf, 0xff, 0xa6,
    0x3f, 0xaf, 0x1f, 0xaf, 0x93, 0x4b, 0x1b, 0xae, 0xff, 0xef, 0x5e, 0xd7,
    0x7e, 0xdf, 0xbf, 0xe7, 0xdf, 0xe7, 0xbf, 0xe7, 0xbf, 0xe7, 0x9f, 0xdf,
    0xbf, 0xe7, 0xbf, 0xe7, 0x9f, 0xe7, 0x9f, 0xe7, 0xbf, 0xe7, 0xbf, 0xe7,
    0x9f, 0xe7, 0xbf, 0xe7, 0x9f, 0xe7, 0xbf, 0xe7, 0xbf, 0xdf, 0xbf, 0xe7,
    0x9f, 0xe7, 0xbf, 0xef, 0xff, 0xff, 0xff, 0xff, 0xff, 0xff, 0xff, 0xff,
    0xff, 0xff, 0xff, 0xff, 0xff, 0xff, 0xff, 0xff, 0xff, 0xff, 0xbf, 0xef,
    0xff, 0xef, 0xdd, 0xc6, 0x11, 0xa5, 0x52, 0xff, 0x90, 0xee, 0x13, 0x95,
    0x3f, 0xd7, 0xbf, 0xe7, 0x9f, 0xdf, 0x9e, 0xdf, 0xbf, 0xe7, 0xbf, 0xe7,
    0x9f, 0xe7, 0x9f, 0xdf, 0x7f, 0xdf, 0x9f, 0xdf, 0x9f, 0xe7, 0xbf, 0xe7,
    0x9f, 0xdf, 0xbf, 0xe7, 0x9f, 0xdf, 0xbf, 0xd7, 0xff, 0xe7, 0xff, 0xf7,
    0x9c, 0xc6, 0x54, 0x64, 0xb2, 0x63, 0x51, 0x84, 0x50, 0xbd, 0x30, 0xee,
    0xb0, 0xfe, 0xf0, 0xfe, 0xf1, 0xfe, 0x31, 0xff, 0xf2, 0xfe, 0xf1, 0xfe,
    0xf2, 0xfe, 0xb3, 0xf6, 0x90, 0xb5, 0xb1, 0x42, 0x9d, 0xa6, 0x1f, 0xb7,
    0x1f, 0xaf, 0xff, 0xa6, 0x3f, 0xaf, 0xff, 0xa6, 0x3f, 0xaf, 0xff, 0xae,
    0xff, 0xa6, 0x1f, 0xaf, 0xdf, 0xa6, 0xd3, 0x4b, 0x9c, 0x9e, 0x3f, 0xaf,
    0xff, 0xa6, 0x9f, 0xbf, 0x5a, 0x85, 0x55, 0x6c, 0xbf, 0xe7, 0x9f, 0xe7,
    0x7e, 0xdf, 0x9f, 0xe7, 0xdf, 0xe7, 0xbf, 0xe7, 0xbf, 0xe7, 0xbf, 0xe7,
    0xbf, 0xe7, 0xbf, 0xe7, 0xbf, 0xdf, 0xbf, 0xe7, 0xbf, 0xe7, 0x9f, 0xe7,
    0xbf, 0xe7, 0xbf, 0xdf, 0x9f, 0xe7, 0xbf, 0xe7, 0xbf, 0xe7, 0xbf, 0xdf,
    0xbf, 0xe7, 0xbf, 0xef, 0xff, 0xff, 0xff, 0xff, 0xff, 0xff, 0xff, 0xff,
    0xff, 0xff, 0xff, 0xff, 0xff, 0xff, 0xff, 0xff, 0xff, 0xff, 0x9e, 0xef,
    0x9f, 0xe7, 0x7f, 0xdf, 0x14, 0x9d, 0xb0, 0xee, 0x32, 0x9c, 0xdf, 0xce,
    0xfe, 0xef, 0xbf, 0xe7, 0xdf, 0xdf, 0xff, 0xe7, 0xbf, 0xe7, 0x9f, 0xdf,
    0x9f, 0xdf, 0x9f, 0xdf, 0x9f, 0xe7, 0x9f, 0xe7, 0xbf, 0xe7, 0xbf, 0xe7,
    0xbf, 0xef, 0x9f, 0xdf, 0xff, 0xe7, 0xfe, 0xf7, 0x9c, 0xc6, 0xf6, 0x6b,
    0x70, 0x63, 0x90, 0xbd, 0xd0, 0xfe, 0x11, 0xff, 0x11, 0xff, 0xd0, 0xfe,
    0x90, 0xfe, 0x8f, 0xfe, 0x90, 0xfe, 0x91, 0xfe, 0xb1, 0xfe, 0x90, 0xfe,
    0x70, 0xfe, 0xf1, 0xfe, 0x30, 0x9d, 0xd9, 0x6c, 0xbe, 0xaf, 0xff, 0xa6,
    0xff, 0xa6, 0x1f, 0xaf, 0xff, 0xae, 0x1f, 0xaf, 0x1f, 0xaf, 0x1f, 0xaf,
    0xff, 0xa6, 0x1f, 0xaf, 0x9f, 0xb7, 0x18, 0x75, 0x95, 0x6c, 0x7f, 0xb7,
    0xff, 0x9e, 0x1e, 0xaf, 0x3f, 0xbf, 0x72, 0x3b, 0x3a, 0xb6, 0xff, 0xef,
    0x7f, 0xdf, 0x9f, 0xe7, 0xbf, 0xe7, 0x9f, 0xe7, 0x9f, 0xe7, 0xbf, 0xe7,
    0xbf, 0xe7, 0xbf, 0xe7, 0x9f, 0xe7, 0xbf, 0xe7, 0xbf, 0xe7, 0xbf, 0xdf,
    0xbf, 0xe7, 0xbf, 0xe7, 0x9f, 0xe7, 0xbf, 0xe7, 0xbf, 0xdf, 0xbf, 0xe7,
    0xbf, 0xe7, 0x9f, 0xef, 0xff, 0xff, 0xff, 0xff, 0xff, 0xff, 0xff, 0xff,
    0xff, 0xff, 0xff, 0xff, 0xff, 0xff, 0xff, 0xff, 0xff, 0xff, 0xdf, 0xf7,
    0x9f, 0xe7, 0xdf, 0xe7, 0x39, 0xa6, 0x54, 0x8c, 0x3d, 0xd7, 0xff, 0xe7,
    0x7f, 0xe7, 0x7f, 0xef, 0x9f, 0xdf, 0x9f, 0xef, 0xbf, 0xe7, 0x9f, 0xe7,
    0x7f, 0xdf, 0x7f, 0xdf, 0xbf, 0xe7, 0xbf, 0xe7, 0xbf, 0xe7, 0x9f, 0xe7,
    0x7f, 0xe7, 0xbe, 0xef, 0xdf, 0xe7, 0xf9, 0x84, 0x30, 0x5b, 0x91, 0xbd,
    0x12, 0xff, 0xd1, 0xfe, 0xb2, 0xfe, 0x91, 0xfe, 0x70, 0xfe, 0xb1, 0xfe,
    0xf2, 0xfe, 0xf2, 0xfe, 0x11, 0xff, 0x31, 0xff, 0x31, 0xff, 0x12, 0xff,
    0xd1, 0xfe, 0x11, 0xff, 0x93, 0x6b, 0x5e, 0x9e, 0x7d, 0xaf, 0xff, 0xae,
    0x1f, 0xaf, 0xff, 0xae, 0x1f, 0xaf, 0x1f, 0xa7, 0x1f, 0xaf, 0xff, 0xa6,
    0x3f, 0xb7, 0xff, 0xae, 0x3f, 0xa7, 0xbe, 0xb6, 0xb2, 0x53, 0xff, 0xae,
    0x1f, 0x9f, 0x1f, 0xaf, 0x1f, 0xb7, 0xda, 0x7d, 0xf2, 0x6b, 0xff, 0xef,
    0xbf, 0xe7, 0xbf, 0xe7, 0xbf, 0xe7, 0xbf, 0xe7, 0x9f, 0xe7, 0xbf, 0xe7,
    0xbf, 0xe7, 0x9f, 0xe7, 0xbf, 0xe7, 0xbf, 0xe7, 0x9f, 0xe7, 0xbf, 0xe7,
    0xbf, 0xe7, 0xbf, 0xe7, 0x9f, 0xe7, 0xbf, 0xe7, 0xbf, 0xdf, 0xbf, 0xdf,
    0xdf, 0xe7, 0xbf, 0xef, 0xff, 0xff, 0xff, 0xff, 0xff, 0xff, 0xff, 0xff,
    0xff, 0xff, 0xff, 0xff, 0xff, 0xff, 0xff, 0xff, 0xff, 0xff, 0xdf, 0xf7,
    0x9f, 0xe7, 0xbf, 0xdf, 0xbf, 0xe7, 0xdf, 0xef, 0xdf, 0xe7, 0xbf, 0xe7,
    0xbf, 0xe7, 0xbf, 0xe7, 0xbf, 0xe7, 0x9f, 0xe7, 0x7f, 0xdf, 0x9e, 0xdf,
    0x9f, 0xdf, 0x7e, 0xe7, 0xde, 0xe7, 0xbf, 0xe7, 0x7f, 0xe7, 0x9f, 0xdf,
    0xfe, 0xef, 0x1f, 0xdf, 0xb4, 0x53, 0x50, 0x8c, 0xb0, 0xfe, 0xd1, 0xfe,
    0x93, 0xfe, 0x90, 0xfe, 0xb0, 0xfe, 0xf1, 0xfe, 0x11, 0xff, 0x71, 0xee,
    0xb1, 0xd5, 0x31, 0xb5, 0xf0, 0xa4, 0xd0, 0x9c, 0xd1, 0x9c, 0x10, 0xb5,
    0xd0, 0xcd, 0xb3, 0xd5, 0x13, 0x64, 0x1f, 0xaf, 0x1f, 0xd7, 0x5f, 0xa7,
    0x1e, 0xaf, 0x1f, 0xa7, 0x1f, 0xa7, 0xff, 0xae, 0x1f, 0xaf, 0x1f, 0xa7,
    0x1e, 0xa7, 0xff, 0xb6, 0x1f, 0xa7, 0x5f, 0xb7, 0x34, 0x5c, 0xfc, 0x95,
    0x5f, 0xb7, 0x1f, 0xa7, 0xbe, 0x9e, 0x3f, 0xb7, 0xf5, 0x53, 0xd9, 0x9d,
    0xff, 0xf7, 0xbf, 0xe7, 0xbf, 0xdf, 0xbe, 0xe7, 0x9f, 0xe7, 0xbf, 0xdf,
    0xbf, 0xe7, 0xbf, 0xe7, 0xbf, 0xdf, 0xbf, 0xe7, 0x9f, 0xe7, 0xbf, 0xe7,
    0xbf, 0xe7, 0x9f, 0xe7, 0xbf, 0xe7, 0xbf, 0xe7, 0xbf, 0xe7, 0xbf, 0xdf,
    0xbf, 0xe7, 0x9f, 0xef, 0xff, 0xff, 0xff, 0xff, 0xff, 0xff, 0xff, 0xff,
    0xff, 0xff, 0xff, 0xff, 0xff, 0xff, 0xff, 0xff, 0xff, 0xff, 0xdf, 0xf7,
    0x9f, 0xe7, 0xbf, 0xdf, 0xbf, 0xe7, 0xbf, 0xe7, 0xbf, 0xe7, 0xbf, 0xe7,
    0x9f, 0xe7, 0xbf, 0xe7, 0x9f, 0xe7, 0x9f, 0xdf, 0xbf, 0xdf, 0xbe, 0xe7,
    0x5f, 0xe7, 0xdf, 0xe7, 0xbf, 0xdf, 0x9f, 0xef, 0xff, 0xe7, 0xdf, 0xef,
    0xbd, 0xc6, 0x74, 0x3b, 0x10, 0xbd, 0x12, 0xff, 0xf2, 0xfe, 0xd1, 0xfe,
    0xb0, 0xf6, 0x2f, 0xff, 0xd2, 0xfe, 0x50, 0xbd, 0xd0, 0x7b, 0xd2, 0x63,
    0x75, 0x6c, 0xf7, 0x7c, 0x18, 0x8d, 0x3a, 0x95, 0x38, 0x8d, 0xd8, 0x84,
    0x54, 0x74, 0x32, 0x5b, 0x36, 0x54, 0x7f, 0xaf, 0x7e, 0xdf, 0x1f, 0xb7,
    0x3f, 0xaf, 0xff, 0xa6, 0x1f, 0xa7, 0x3f, 0xa7, 0xff, 0xae, 0xdf, 0xae,
    0x3f, 0xaf, 0x3f, 0x97, 0x1f, 0xa7, 0x1f, 0xb7, 0x76, 0x64, 0xdb, 0x8d,
    0x3f, 0xaf, 0xde, 0xa6, 0x1f, 0xa7, 0x1f, 0xaf, 0x9d, 0xa6, 0x73, 0x4b,
    0x5e, 0xd7, 0xbf, 0xe7, 0xbf, 0xe7, 0x9f, 0xe7, 0xdf, 0xe7, 0xbf, 0xdf,
    0xbf, 0xe7, 0xbf, 0xe7, 0x9f, 0xe7, 0xbf, 0xe7, 0xbf, 0xe7, 0xbf, 0xdf,
    0x9f, 0xe7, 0xbf, 0xe7, 0xbf, 0xe7, 0xbf, 0xe7, 0xbf, 0xe7, 0x9f, 0xe7,
    0xbf, 0xe7, 0x9f, 0xef, 0xff, 0xff, 0xff, 0xff, 0xff, 0xff, 0xff, 0xff,
    0xff, 0xff, 0xff, 0xff, 0xff, 0xff, 0xff, 0xff, 0xff, 0xff, 0xdf, 0xf7,
    0x9f, 0xe7, 0xbf, 0xdf, 0xbf, 0xe7, 0xbf, 0xe7, 0x9f, 0xe7, 0x9f, 0xe7,
    0xbf, 0xe7, 0xbf, 0xe7, 0x9f, 0xdf, 0x7f, 0xdf, 0x9f, 0xdf, 0xbf, 0xdf,
    0xbf, 0xef, 0xdf, 0xe7, 0xdf, 0xe7, 0x7f, 0xd7, 0x9e, 0xef, 0x1e, 0xc7,
    0x53, 0x4b, 0x0f, 0xce, 0x32, 0xff, 0xb0, 0xfe, 0x8d, 0xf6, 0xd1, 0xfe,
    0xf4, 0xfe, 0x31, 0x9d, 0x71, 0x53, 0x76, 0x7c, 0xfa, 0xad, 0x1d, 0xdf,
    0x9e, 0xf7, 0xbe, 0xff, 0xbf, 0xff, 0xdf, 0xff, 0xfe, 0xff, 0xff, 0xff,
    0xff, 0xff, 0xfe, 0xde, 0xb4, 0x53, 0x1e, 0xa7, 0xff, 0xe7, 0x3f, 0xd7,
    0xff, 0xa6, 0xff, 0xae, 0x1f, 0xaf, 0x1f, 0xa7, 0x1f, 0xa7, 0x1f, 0xaf,
    0xfe, 0xae, 0x1f, 0xaf, 0x1f, 0xaf, 0x5f, 0xbf, 0x55, 0x5c, 0xfb, 0x8d,
    0xff, 0xae, 0x3f, 0xaf, 0x1f, 0xaf, 0xff, 0xa6, 0x7f, 0xbf, 0xf7, 0x74,
    0x75, 0x74, 0xff, 0xf7, 0x7e, 0xe7, 0xdf, 0xe7, 0x9f, 0xdf, 0xbf, 0xe7,
    0xbf, 0xe7, 0xbf, 0xe7, 0x9f, 0xe7, 0xbf, 0xe7, 0xbf, 0xe7, 0x9f, 0xe7,
    0xbf, 0xe7, 0xbf, 0xe7, 0xbf, 0xe7, 0xbf, 0xe7, 0xbf, 0xe7, 0x9f, 0xdf,
    0xbf, 0xe7, 0xbf, 0xef, 0xff, 0xff, 0xff, 0xff, 0xff, 0xff, 0xff, 0xff,
    0xff, 0xff, 0xff, 0xff, 0xff, 0xff, 0xff, 0xff, 0xff, 0xff, 0xdf, 0xf7,
    0x9f, 0xe7, 0xbf, 0xdf, 0xbf, 0xe7, 0xbf, 0xe7, 0xbf, 0xe7, 0xbf, 0xe7,
    0xbf, 0xe7, 0xbf, 0xe7, 0xbf, 0xe7, 0x9f, 0xdf, 0x9f, 0xe7, 0x9f, 0xe7,
    0xfe, 0xdf, 0x7f, 0xdf, 0x9f, 0xe7, 0xff, 0xe7, 0x5f, 0xe7, 0x2f, 0x4b,
    0xf0, 0xc5, 0xf0, 0xfe, 0x91, 0xfe, 0x92, 0xfe, 0xf0, 0xfe, 0xf0, 0xe5,
    0x90, 0x6b, 0x16, 0x7c, 0xdc, 0xd6, 0x7d, 0xef, 0xdd, 0xff, 0xbd, 0xff,
    0x9e, 0xff, 0xff, 0xff, 0xff, 0xff, 0xfe, 0xff, 0xff, 0xff, 0xbf, 0xff,
    0xff, 0xff, 0xdf, 0xff, 0xd4, 0x63, 0xbf, 0x9e, 0x5e, 0xd7, 0xde, 0xff,
    0xff, 0xa6, 0x1f, 0xa7, 0x1e, 0xaf, 0xdd, 0xae, 0x1e, 0xaf, 0x5f, 0xaf,
    0xff, 0xae, 0xdf, 0xb6, 0xff, 0xa6, 0xff, 0xae, 0xd2, 0x4b, 0xdf, 0xae,
    0xff, 0xa6, 0x3f, 0xaf, 0xde, 0xa6, 0x1f, 0xaf, 0xff, 0xae, 0x5e, 0xb7,
    0xb5, 0x53, 0x3b, 0xb6, 0xff, 0xf7, 0x9e, 0xdf, 0xdf, 0xe7, 0x9f, 0xe7,
    0xbf, 0xe7, 0xbf, 0xe7, 0xbf, 0xe7, 0xbf, 0xe7, 0xbf, 0xe7, 0xbf, 0xe7,
    0xbf, 0xe7, 0x9f, 0xdf, 0xbf, 0xe7, 0xbf, 0xe7, 0xbf, 0xe7, 0x9f, 0xe7,
    0x9f, 0xe7, 0xbf, 0xef, 0xff, 0xff, 0xff, 0xff, 0xff, 0xff, 0xff, 0xff,
    0xff, 0xff, 0xff, 0xff, 0xff, 0xff, 0xff, 0xff, 0xff, 0xff, 0xff, 0xff,
    0xbf, 0xef, 0x9f, 0xdf, 0x9f, 0xe7, 0xbf, 0xe7, 0xbf, 0xe7, 0xbf, 0xe7,
    0xbf, 0xe7, 0xbf, 0xe7, 0xbf, 0xe7, 0xbf, 0xe7, 0x9f, 0xdf, 0x9f, 0xef,
    0xff, 0xdf, 0xbf, 0xe7, 0x7f, 0xe7, 0xfe, 0xf7, 0x93, 0x43, 0x31, 0xbd,
    0x12, 0xff, 0x91, 0xfe, 0x6f, 0xfe, 0x33, 0xff, 0x91, 0xc5, 0x53, 0x43,
    0xba, 0xb5, 0xde, 0xf7, 0x7e, 0xf7, 0xbf, 0xff, 0xff, 0xff, 0xff, 0xff,
    0xff, 0xff, 0xff, 0xff, 0xff, 0xff, 0xff, 0xff, 0xfe, 0xf7, 0xff, 0xff,
    0xfe, 0xff, 0xfe, 0xff, 0x15, 0x8d, 0xf8, 0x6c, 0x3f, 0xbf, 0xdf, 0xef,
    0xff, 0xef, 0x1e, 0xb7, 0xfe, 0xa6, 0x3f, 0xaf, 0xff, 0xa6, 0xdf, 0x9e,
    0xff, 0xa6, 0xff, 0xae, 0x5f, 0xb7, 0xfb, 0x8d, 0x34, 0x54, 0x3f, 0xb7,
    0x1f, 0xaf, 0x1f, 0xaf, 0x3f, 0xaf, 0xff, 0xa6, 0xff, 0xa6, 0x5f, 0xaf,
    0x3c, 0x96, 0x94, 0x5b, 0x9f, 0xdf, 0xdf, 0xe7, 0x9e, 0xdf, 0xbf, 0xef,
    0xbf, 0xe7, 0x9f, 0xe7, 0xbf, 0xdf, 0x9f, 0xe7, 0xbf, 0xe7, 0xbf, 0xdf,
    0x9f, 0xe7, 0xbf, 0xe7, 0xbf, 0xe7, 0xbf, 0xe7, 0xbf, 0xdf, 0xbf, 0xe7,
    0x9f, 0xe7, 0xdf, 0xf7, 0xff, 0xff, 0xff, 0xff, 0xff, 0xff, 0xff, 0xff,
    0xff, 0xff, 0xff, 0xff, 0xff, 0xff, 0xff, 0xff, 0xff, 0xff, 0xff, 0xff,
    0xbf, 0xef, 0xbf, 0xdf, 0xbf, 0xe7, 0xbf, 0xe7, 0xbf, 0xe7, 0xbf, 0xe7,
    0x9f, 0xdf, 0x9f, 0xe7, 0xbf, 0xe7, 0xbf, 0xe7, 0xff, 0xe7, 0x9f, 0xe7,
    0x9f, 0xef, 0x9e, 0xdf, 0xff, 0xf7, 0xf8, 0x84, 0x91, 0x84, 0x33, 0xff,
    0x90, 0xf6, 0x92, 0xfe, 0xf2, 0xfe, 0x0f, 0xb5, 0x94, 0x43, 0xfb, 0xde,
    0xbe, 0xf7, 0x7c, 0xf7, 0xff, 0xff, 0xff, 0xff, 0xff, 0xff, 0xff, 0xff,
    0xff, 0xff, 0xff, 0xff, 0xff, 0xff, 0xff, 0xff, 0xdf, 0xff, 0xdf, 0xff,
    0xdf, 0xff, 0xff, 0xff, 0x7e, 0xe7, 0x72, 0x53, 0x5e, 0x9e, 0x9f, 0xbf,
    0xbe, 0xef, 0xff, 0xff, 0x5f, 0xd7, 0xbe, 0xb6, 0x1f, 0xb7, 0x3f, 0xb7,
    0x3e, 0xb7, 0x7e, 0xaf, 0xff, 0xae, 0x71, 0x3b, 0x5c, 0x96, 0x7f, 0xb7,
    0xff, 0xa6, 0x1f, 0xaf, 0xff, 0xa6, 0x3f, 0xaf, 0x1f, 0xaf, 0xdf, 0xa6,
    0x9f, 0xb7, 0xb7, 0x74, 0x77, 0x74, 0xff, 0xef, 0x9f, 0xdf, 0xdf, 0xe7,
    0xbf, 0xe7, 0xbf, 0xe7, 0x9f, 0xe7, 0xbf, 0xe7, 0xbf, 0xe7, 0x9f, 0xe7,
    0xbf, 0xe7, 0xbf, 0xe7, 0xbf, 0xe7, 0x9f, 0xdf, 0xbf, 0xe7, 0xbf, 0xe7,
    0x9f, 0xe7, 0xff, 0xf7, 0xff, 0xff, 0xff, 0xff, 0xff, 0xff, 0xff, 0xff,
    0xff, 0xff, 0xff, 0xff, 0xff, 0xff, 0xff, 0xff, 0xff, 0xff, 0xff, 0xff,
    0xdf, 0xef, 0xbf, 0xe7, 0xbf, 0xe7, 0xbf, 0xe7, 0x9f, 0xe7, 0x9f, 0xdf,
    0xbf, 0xe7, 0xbf, 0xe7, 0xbf, 0xe7, 0x9f, 0xe7, 0xbf, 0xdf, 0xbf, 0xe7,
    0x5e, 0xe7, 0xff, 0xef, 0xbd, 0xc6, 0x71, 0x53, 0xd1, 0xfe, 0x90, 0xf6,
    0x90, 0xfe, 0x52, 0xff, 0x90, 0xc5, 0x73, 0x53, 0x1d, 0xe7, 0x9c, 0xef,
    0x9e, 0xf7, 0xff, 0xff, 0xff, 0xff, 0xff, 0xff, 0xff, 0xff, 0xff, 0xff,
    0xff, 0xff, 0xff, 0xff, 0xff, 0xff, 0xff, 0xff, 0xff, 0xff, 0xff, 0xff,
    0xff, 0xff, 0xff, 0xff, 0xff, 0xff, 0x3c, 0xbe, 0x31, 0x4b, 0xbe, 0x9e,
    0x7f, 0xbf, 0x7f, 0xd7, 0x9f, 0xef, 0xff, 0xff, 0xbe, 0xdf, 0x5e, 0xc7,
    0x9f, 0xc7, 0xff, 0x9e, 0xd3, 0x4b, 0x59, 0x7d, 0x5f, 0xb7, 0xde, 0xa6,
    0x3f, 0xaf, 0xff, 0xa6, 0x1f, 0xaf, 0x1f, 0xaf, 0x3f, 0xaf, 0xbf, 0xa6,
    0x5f, 0xaf, 0x5f, 0xb7, 0xb4, 0x4b, 0x19, 0xa6, 0xff, 0xf7, 0x7e, 0xdf,
    0xbf, 0xe7, 0xbf, 0xe7, 0xbf, 0xe7, 0xbf, 0xe7, 0xbf, 0xe7, 0xbf, 0xe7,
    0xbf, 0xe7, 0x9f, 0xe7, 0xbf, 0xdf, 0xbf, 0xdf, 0xbf, 0xe7, 0xbf, 0xe7,
    0x9f, 0xe7, 0xff, 0xff, 0xff, 0xff, 0xff, 0xff, 0xff, 0xff, 0xff, 0xff,
    0xff, 0xff, 0xff, 0xff, 0xff, 0xff, 0xff, 0xff, 0xff, 0xff, 0xff, 0xff,
    0xbf, 0xef, 0xbf, 0xe7, 0xbf, 0xe7, 0xbf, 0xe7, 0x9f, 0xdf, 0x9f, 0xe7,
    0xbf, 0xe7, 0xbf, 0xe7, 0xbf, 0xe7, 0x9f, 0xe7, 0x9f, 0xe7, 0xbf, 0xe7,
    0xde, 0xe7, 0xff, 0xe7, 0x56, 0x64, 0x0f, 0xbd, 0x11, 0xff, 0x91, 0xfe,
    0xb0, 0xfe, 0x32, 0xde, 0x71, 0x53, 0xbd, 0xd6, 0x5c, 0xf7, 0xdf, 0xff,
    0xff, 0xff, 0xff, 0xff, 0xff, 0xff, 0xff, 0xff, 0xff, 0xff, 0xff, 0xff,
    0xff, 0xff, 0xff, 0xff, 0xff, 0xff, 0xff, 0xff, 0xff, 0xff, 0xff, 0xff,
    0xff, 0xff, 0xff, 0xff, 0xff, 0xff, 0xff, 0xff, 0x5b, 0xc6, 0x52, 0x4b,
    0x18, 0x75, 0xfe, 0xa6, 0x5f, 0xaf, 0x5f, 0xb7, 0x5f, 0xb7, 0xbe, 0xa6,
    0x7a, 0x85, 0x53, 0x4b, 0x39, 0x7d, 0x3f, 0xb7, 0xff, 0xae, 0x3f, 0xaf,
    0xff, 0xa6, 0x1f, 0xaf, 0x1f, 0xaf, 0xff, 0xae, 0xff, 0xa6, 0x5f, 0xb7,
    0xdf, 0xa6, 0x3f, 0xa7, 0x9c, 0xa6, 0x54, 0x53, 0x5f, 0xdf, 0xdf, 0xe7,
    0x9f, 0xe7, 0xbf, 0xe7, 0xbf, 0xdf, 0x9f, 0xe7, 0xbf, 0xe7, 0xbf, 0xdf,
    0x9f, 0xe7, 0xbf, 0xe7, 0xbf, 0xe7, 0xbf, 0xdf, 0xbf, 0xe7, 0xbf, 0xe7,
    0x9f, 0xef, 0xff, 0xff, 0xff, 0xff, 0xff, 0xff, 0xff, 0xff, 0xff, 0xff,
    0xff, 0xff, 0xff, 0xff, 0xff, 0xff, 0xff, 0xff, 0xff, 0xff, 0xff, 0xff,
    0xff, 0xf7, 0x9e, 0xef, 0xbf, 0xe7, 0x9f, 0xe7, 0xbf, 0xdf, 0xbf, 0xe7,
    0x9f, 0xe7, 0xbf, 0xe7, 0xbf, 0xe7, 0xbf, 0xdf, 0xbf, 0xdf, 0xdf, 0xe7,
    0xdf, 0xef, 0x3c, 0xb6, 0xcf, 0x6b, 0xf3, 0xfe, 0x91, 0xfe, 0x90, 0xfe,
    0xd2, 0xfe, 0xf2, 0x63, 0x99, 0xad, 0x9d, 0xff, 0xbf, 0xff, 0xff, 0xff,
    0x1c, 0xdf, 0x5b, 0xbe, 0x3c, 0xb6, 0x1c, 0xd7, 0xff, 0xff, 0xff, 0xff,
    0xff, 0xff, 0xff, 0xff, 0xff, 0xff, 0xff, 0xff, 0xff, 0xff, 0x5e, 0xdf,
    0x7e, 0xdf, 0x5d, 0xd7, 0x5d, 0xe7, 0x3e, 0xdf, 0xdf, 0xff, 0x7d, 0xf7,
    0xb5, 0x8c, 0xf2, 0x4a, 0x34, 0x5c, 0x75, 0x54, 0x15, 0x5c, 0xd3, 0x53,
    0x56, 0x64, 0x7c, 0x9e, 0x3f, 0xaf, 0x3f, 0xaf, 0x1f, 0xaf, 0x1f, 0xaf,
    0x1f, 0xaf, 0x1f, 0xaf, 0x1f, 0xaf, 0x1f, 0xaf, 0xff, 0xae, 0x1f, 0xa7,
    0x1f, 0xaf, 0xff, 0xae, 0x7f, 0xbf, 0xf7, 0x6c, 0xb6, 0x74, 0xff, 0xf7,
    0xbf, 0xe7, 0xbf, 0xdf, 0x9f, 0xe7, 0xbf, 0xe7, 0xbf, 0xe7, 0x9f, 0xe7,
    0xbf, 0xe7, 0xbf, 0xe7, 0x9f, 0xdf, 0xdf, 0xe7, 0xbf, 0xe7, 0x9f, 0xe7,
    0xdf, 0xf7, 0xff, 0xff, 0xff, 0xff, 0xff, 0xff, 0xff, 0xff, 0xff, 0xff,
    0xff, 0xff, 0xff, 0xff, 0xff, 0xff, 0xff, 0xff, 0xff, 0xff, 0xff, 0xff,
    0xff, 0xff, 0xdf, 0xef, 0x9f, 0xe7, 0xbf, 0xe7, 0xbf, 0xe7, 0xdf, 0xe7,
    0x9f, 0xe7, 0xbf, 0xe7, 0xbf, 0xe7, 0xbf, 0xdf, 0xbf, 0xdf, 0x7f, 0xe7,
    0xff, 0xf7, 0x96, 0x74, 0x30, 0xb5, 0xf2, 0xfe, 0x71, 0xfe, 0x11, 0xff,
    0x71, 0xbd, 0x93, 0x6b, 0xdd, 0xef, 0xff, 0xff, 0x1b, 0xd7, 0xf5, 0x53,
    0x52, 0x6b, 0x73, 0x7b, 0x72, 0x7b, 0x32, 0x6b, 0x93, 0x53, 0xdd, 0xc6,
    0xff, 0xf7, 0xff, 0xef, 0x9f, 0xff, 0xff, 0xff, 0xb6, 0x84, 0xcf, 0x5a,
    0x72, 0x73, 0x73, 0x6b, 0x93, 0x73, 0xd0, 0x3a, 0x9b, 0xce, 0xff, 0xff,
    0x7c, 0xbe, 0x16, 0x64, 0x9d, 0x9e, 0x1b, 0x8e, 0xfc, 0x95, 0xdf, 0xae,
    0x5f, 0xbf, 0x3f, 0xaf, 0x3f, 0xaf, 0x1f, 0xaf, 0x1f, 0xaf, 0xff, 0xae,
    0x1f, 0xaf, 0xff, 0xae, 0x1f, 0xaf, 0x1f, 0xaf, 0xff, 0xae, 0x1f, 0xa7,
    0x1f, 0xaf, 0xff, 0xae, 0x1e, 0xaf, 0xff, 0xae, 0xb3, 0x53, 0x1d, 0xd7,
    0xdf, 0xe7, 0x9f, 0xdf, 0x9f, 0xdf, 0xbf, 0xe7, 0xbf, 0xe7, 0x9f, 0xe7,
    0xbf, 0xe7, 0xbf, 0xe7, 0xbf, 0xe7, 0xbf, 0xe7, 0x9f, 0xe7, 0xbf, 0xe7,
    0xff, 0xf7, 0xff, 0xff, 0xff, 0xff, 0xff, 0xff, 0xff, 0xff, 0xff, 0xff,
    0xff, 0xff, 0xff, 0xff, 0xff, 0xff, 0xff, 0xff, 0xff, 0xff, 0xff, 0xff,
    0xff, 0xff, 0xdf, 0xff, 0x9f, 0xe7, 0x9f, 0xe7, 0xbf, 0xe7, 0xdf, 0xe7,
    0x9f, 0xe7, 0x9f, 0xe7, 0xbf, 0xe7, 0xbf, 0xe7, 0xbf, 0xdf, 0x7f, 0xef,
    0x7f, 0xe7, 0xb1, 0x53, 0x91, 0xf6, 0xd1, 0xfe, 0x91, 0xfe, 0xd1, 0xfe,
    0xd0, 0x5b, 0xbb, 0xce, 0x9f, 0xff, 0xbd, 0xde, 0xf1, 0x52, 0x13, 0xbc,
    0xb4, 0xfc, 0xd2, 0xfc, 0xb2, 0xfc, 0xb3, 0xfc, 0x53, 0xd4, 0xd0, 0x52,
    0x7c, 0xc6, 0xfe, 0xff, 0xff, 0xff, 0x5b, 0xbe, 0x10, 0x5b, 0x14, 0xfd,
    0xf3, 0xfc, 0x91, 0xfc, 0x92, 0x9b, 0x55, 0x7c, 0xff, 0xff, 0xde, 0xff,
    0x13, 0x64, 0xdc, 0x8d, 0x9f, 0xbf, 0x1f, 0xaf, 0x3f, 0xb7, 0x3f, 0xb7,
    0xff, 0xa6, 0x3f, 0xaf, 0x1f, 0xaf, 0x1f, 0xaf, 0xff, 0xae, 0xff, 0xa6,
    0x1f, 0xaf, 0x1f, 0xa7, 0x1f, 0xaf, 0x1f, 0xaf, 0x1f, 0xaf, 0xfe, 0xa6,
    0x3f, 0xa7, 0x1f, 0xaf, 0xfe, 0xa6, 0xbf, 0xbf, 0xb6, 0x6c, 0x37, 0x8d,
    0xff, 0xef, 0x9f, 0xe7, 0x7f, 0xdf, 0xbf, 0xe7, 0xbf, 0xe7, 0xbf, 0xe7,
    0x9f, 0xdf, 0xbf, 0xdf, 0xbf, 0xe7, 0xbf, 0xe7, 0xbf, 0xe7, 0xdf, 0xef,
    0xff, 0xff, 0xff, 0xff, 0xff, 0xff, 0xff, 0xff, 0xff, 0xff, 0xff, 0xff,
    0xff, 0xff, 0xff, 0xff, 0xff, 0xff, 0xff, 0xff, 0xff, 0xff, 0xff, 0xff,
    0xff, 0xff, 0xff, 0xff, 0xbf, 0xe7, 0xbf, 0xe7, 0xbf, 0xdf, 0xbf, 0xdf,
    0x9f, 0xe7, 0x9f, 0xe7, 0xbf, 0xe7, 0xbf, 0xe7, 0xbf, 0xdf, 0xdf, 0xf7,
    0xfb, 0xad, 0x31, 0x74, 0x10, 0xff, 0x90, 0xfe, 0x11, 0xff, 0x90, 0xc5,
    0x33, 0x64, 0x9e, 0xf7, 0xdf, 0xff, 0x13, 0x74, 0xd2, 0xb3, 0xf2, 0xfc,
    0x4f, 0xfc, 0xd3, 0xfc, 0xf0, 0xfc, 0x73, 0xfc, 0xd3, 0xfc, 0x31, 0xdc,
    0x95, 0x5b, 0xbd, 0xf7, 0xde, 0xff, 0x73, 0x53, 0x72, 0xd4, 0x91, 0xfc,
    0x93, 0xfc, 0x73, 0xdc, 0x73, 0x53, 0xfd, 0xc6, 0xda, 0xde, 0x9b, 0xd6,
    0x13, 0x54, 0xff, 0xae, 0xfe, 0xa6, 0x9f, 0xc7, 0xff, 0xa6, 0x1f, 0xaf,
    0x1f, 0xaf, 0xfe, 0xa6, 0xff, 0xae, 0xff, 0xae, 0x1f, 0xa7, 0x1f, 0xaf,
    0x1f, 0xaf, 0x1f, 0xaf, 0xff, 0xa6, 0x1f, 0xaf, 0x3f, 0xaf, 0x1f, 0xa7,
    0x1f, 0xa7, 0x3f, 0xb7, 0x1f, 0xa7, 0x1f, 0xa7, 0x7e, 0xa6, 0xd3, 0x5b,
    0xdf, 0xef, 0x9f, 0xe7, 0x9f, 0xe7, 0xbf, 0xe7, 0x9f, 0xe7, 0xbf, 0xe7,
    0xbf, 0xdf, 0xbf, 0xe7, 0xbf, 0xe7, 0x9f, 0xe7, 0xbf, 0xe7, 0xff, 0xf7,
    0xff, 0xff, 0xff, 0xff, 0xff, 0xff, 0xff, 0xff, 0xff, 0xff, 0xff, 0xff,
    0xff, 0xff, 0xff, 0xff, 0xff, 0xff, 0xff, 0xff, 0xff, 0xff, 0xff, 0xff,
    0xff, 0xff, 0xff, 0xff, 0xff, 0xf7, 0xbf, 0xe7, 0x9f, 0xe7, 0xbf, 0xe7,
    0xbf, 0xe7, 0xbf, 0xe7, 0xbf, 0xe7, 0xbf, 0xdf, 0x9f, 0xdf, 0xff, 0xf7,
    0x96, 0x74, 0x52, 0xb5, 0xf1, 0xfe, 0x50, 0xfe, 0x31, 0xff, 0x30, 0x84,
    0xb9, 0xa5, 0xdf, 0xff, 0xdb, 0xce, 0x72, 0x63, 0xf3, 0xfc, 0xd1, 0xec,
    0xd4, 0xf4, 0x74, 0x8b, 0x92, 0x7b, 0xb3, 0xfc, 0xb3, 0xec, 0xb3, 0xfc,
    0x12, 0x6b, 0xba, 0xce, 0xf8, 0x7c, 0x91, 0x9b, 0xf4, 0xfc, 0x72, 0xec,
    0xd3, 0xfc, 0x72, 0x73, 0x56, 0xa5, 0xfa, 0xe6, 0xbc, 0xff, 0x7b, 0xc6,
    0x55, 0x5c, 0x5f, 0xb7, 0x1f, 0xaf, 0x9f, 0xdf, 0xff, 0xae, 0x1f, 0xaf,
    0xff, 0xa6, 0x1f, 0xaf, 0x1f, 0xaf, 0x1f, 0xaf, 0x1f, 0xaf, 0x1f, 0xaf,
    0xff, 0xae, 0x1f, 0xaf, 0xff, 0xa6, 0xff, 0xae, 0xff, 0xae, 0x3f, 0xaf,
    0xff, 0xa6, 0x1f, 0xaf, 0xff, 0xa6, 0x1f, 0xa7, 0xff, 0xae, 0xd4, 0x5b,
    0x3e, 0xdf, 0xbf, 0xe7, 0xbf, 0xe7, 0xbf, 0xe7, 0x9f, 0xdf, 0xbf, 0xe7,
    0xbf, 0xe7, 0xbf, 0xe7, 0xbf, 0xe7, 0x9f, 0xe7, 0xdf, 0xef, 0xff, 0xff,
    0xff, 0xff, 0xff, 0xff, 0xff, 0xff, 0xff, 0xff, 0xff, 0xff, 0xff, 0xff,
    0xff, 0xff, 0xff, 0xff, 0xff, 0xff, 0xff, 0xff, 0xff, 0xff, 0xff, 0xff,
    0xff, 0xff, 0xff, 0xff, 0xff, 0xf7, 0xdf, 0xef, 0xbf, 0xe7, 0xbf, 0xdf,
    0xbf, 0xe7, 0x9f, 0xe7, 0xbf, 0xe7, 0x9f, 0xdf, 0x9f, 0xe7, 0xfe, 0xef,
    0x14, 0x64, 0xd1, 0xdd, 0x12, 0xff, 0x70, 0xfe, 0xb0, 0xf6, 0xb3, 0x63,
    0xbc, 0xd6, 0xff, 0xff, 0xdb, 0xad, 0x53, 0x93, 0xd4, 0xfc, 0xb2, 0xfc,
    0xf2, 0xd3, 0x55, 0x64, 0x16, 0x74, 0xf1, 0xcb, 0xb1, 0xfc, 0xf3, 0xfc,
    0xb1, 0x8b, 0x76, 0x7c, 0x92, 0x6b, 0x95, 0xf4, 0x94, 0xf4, 0xf2, 0xfc,
    0xb2, 0xb3, 0xf6, 0x63, 0x1d, 0xe7, 0xfc, 0xe6, 0xfe, 0xff, 0x99, 0xa5,
    0xf8, 0x74, 0x7f, 0xb7, 0x1f, 0xb7, 0xbf, 0xef, 0xfe, 0xae, 0x1f, 0xb7,
    0x1f, 0xa7, 0x1f, 0xaf, 0x1f, 0xaf, 0x1f, 0xaf, 0x1f, 0xaf, 0x1f, 0xa7,
    0x1f, 0xaf, 0xff, 0xa6, 0x1f, 0xaf, 0x1f, 0xaf, 0xff, 0xae, 0x3f, 0xaf,
    0xff, 0xa6, 0xff, 0xae, 0x1f, 0xaf, 0x3f, 0xa7, 0x1f, 0xaf, 0x15, 0x5c,
    0xbc, 0xc6, 0xdf, 0xef, 0xbf, 0xe7, 0xbf, 0xe7, 0x9f, 0xe7, 0xbf, 0xe7,
    0xbf, 0xe7, 0xbf, 0xe7, 0xbf, 0xe7, 0xbf, 0xe7, 0xdf, 0xef, 0xff, 0xff,
    0xff, 0xff, 0xff, 0xff, 0xff, 0xff, 0xff, 0xff, 0xff, 0xff, 0xff, 0xff,
    0xff, 0xff, 0xff, 0xff, 0xff, 0xff, 0xff, 0xff, 0xff, 0xff, 0xff, 0xff,
    0xff, 0xff, 0xff, 0xff, 0xff, 0xf7, 0xbf, 0xef, 0x9f, 0xe7, 0xbf, 0xe7,
    0xbf, 0xe7, 0x9f, 0xe7, 0xbf, 0xe7, 0xbf, 0xe7, 0xdf, 0xe7, 0x5e, 0xdf,
    0xf3, 0x63, 0x71, 0xf6, 0xd1, 0xfe, 0xd1, 0xfe, 0x10, 0xde, 0x15, 0x64,
    0x1b, 0xf7, 0xff, 0xff, 0x1a, 0xa6, 0x71, 0x93, 0xd1, 0xfc, 0xd5, 0xfc,
    0x12, 0xa4, 0x96, 0x7c, 0xb6, 0x84, 0xd4, 0xb3, 0xf3, 0xf4, 0xd3, 0xfc,
    0xb1, 0x93, 0xb2, 0x32, 0x73, 0xcc, 0x92, 0xfc, 0x92, 0xfc, 0x71, 0xec,
    0x73, 0x5b, 0x7c, 0xc6, 0xba, 0xe6, 0x9e, 0xff, 0xff, 0xff, 0x79, 0x95,
    0xd8, 0x6c, 0x9f, 0xb7, 0x1f, 0xb7, 0xff, 0xff, 0x1e, 0xb7, 0xde, 0xa6,
    0x1f, 0xa7, 0xff, 0xae, 0x1f, 0xa7, 0x1f, 0xaf, 0x1f, 0xaf, 0x1f, 0xa7,
    0xff, 0xae, 0xff, 0xae, 0x1f, 0xa7, 0x1f, 0xaf, 0x1f, 0xaf, 0x1f, 0xa7,
    0x1f, 0xaf, 0x1f, 0xaf, 0x1f, 0xaf, 0x1e, 0xa7, 0x7f, 0xb7, 0xf6, 0x5b,
    0x7b, 0xbe, 0xff, 0xef, 0x9f, 0xdf, 0xbf, 0xe7, 0xbf, 0xe7, 0x9f, 0xdf,
    0xbf, 0xe7, 0x9f, 0xe7, 0xbf, 0xe7, 0xbf, 0xe7, 0xdf, 0xef, 0xff, 0xff,
    0xff, 0xff, 0xff, 0xff, 0xff, 0xff, 0xff, 0xff, 0xff, 0xff, 0xff, 0xff,
    0xff, 0xff, 0xff, 0xff, 0xff, 0xff, 0xff, 0xff, 0xff, 0xff, 0xff, 0xff,
    0xff, 0xff, 0xff, 0xff, 0xbf, 0xef, 0x9f, 0xe7, 0x9f, 0xdf, 0xbf, 0xe7,
    0xbf, 0xe7, 0x9f, 0xe7, 0xbf, 0xe7, 0xbf, 0xe7, 0xdf, 0xe7, 0xff, 0xce,
    0xb1, 0x6b, 0xf2, 0xfe, 0x6f, 0xfe, 0x12, 0xff, 0x70, 0xcd, 0x56, 0x6c,
    0x7f, 0xff, 0xff, 0xff, 0x9b, 0xb6, 0x52, 0x73, 0xb4, 0xfc, 0x70, 0xf4,
    0x93, 0xf4, 0x73, 0x63, 0x90, 0x5b, 0x73, 0xfc, 0x73, 0xfc, 0xd2, 0xfc,
    0x33, 0x6b, 0x93, 0x8b, 0x12, 0xfd, 0x93, 0xf4, 0xd4, 0xfc, 0x52, 0x7b,
    0x57, 0x8d, 0x1a, 0xdf, 0x7d, 0xef, 0xff, 0xff, 0xff, 0xff, 0xb8, 0xad,
    0xf8, 0x6c, 0x5f, 0xaf, 0x1f, 0xb7, 0xff, 0xff, 0x7f, 0xbf, 0x1f, 0xaf,
    0x3f, 0xa7, 0x1f, 0xaf, 0xff, 0xae, 0x1f, 0xaf, 0x1f, 0xaf, 0x1f, 0xaf,
    0xff, 0xa6, 0x1f, 0xaf, 0x1f, 0xaf, 0x1f, 0xaf, 0x1f, 0xaf, 0x1f, 0xa7,
    0x1f, 0xaf, 0xff, 0xae, 0x1f, 0xaf, 0x3e, 0xa7, 0x5f, 0xb7, 0xf6, 0x5b,
    0x5a, 0xb6, 0xff, 0xef, 0x7f, 0xdf, 0xbf, 0xe7, 0xdf, 0xe7, 0x9f, 0xe7,
    0xbf, 0xe7, 0x9f, 0xe7, 0x9f, 0xe7, 0x9f, 0xe7, 0xbf, 0xef, 0xff, 0xff,
    0xff, 0xff, 0xff, 0xff, 0xff, 0xff, 0xff, 0xff, 0xff, 0xff, 0xff, 0xff,
    0xff, 0xff, 0xff, 0xff, 0xff, 0xff, 0xff, 0xff, 0xff, 0xff, 0xff, 0xff,
    0xff, 0xff, 0xdf, 0xf7, 0xbf, 0xe7, 0xbf, 0xe7, 0xbf, 0xe7, 0xbf, 0xe7,
    0xbf, 0xe7, 0xbf, 0xe7, 0xbf, 0xe7, 0xbf, 0xe7, 0xdf, 0xf7, 0x9d, 0xb6,
    0x12, 0x74, 0xf0, 0xfe, 0x90, 0xfe, 0xf2, 0xfe, 0x50, 0xad, 0x77, 0x8c,
    0xdf, 0xff, 0xff, 0xff, 0xff, 0xf7, 0x50, 0x63, 0x92, 0xdc, 0xd1, 0xfc,
    0xb4, 0xec, 0x72, 0xfc, 0x72, 0xf4, 0xd1, 0xf4, 0xd3, 0xfc, 0x55, 0xd4,
    0xf1, 0x62, 0xd3, 0xf4, 0x52, 0xfc, 0xf2, 0xfc, 0xd1, 0xc3, 0x35, 0x64,
    0x7d, 0xe7, 0x9e, 0xff, 0xff, 0xff, 0xff, 0xff, 0xdf, 0xff, 0x5b, 0xc6,
    0x36, 0x64, 0x7f, 0xaf, 0x1e, 0xaf, 0xff, 0xff, 0xdf, 0xf7, 0xdf, 0xa6,
    0x3f, 0xaf, 0x1e, 0xaf, 0xfe, 0xae, 0xff, 0xae, 0x1f, 0xaf, 0x1f, 0xaf,
    0x1f, 0xa7, 0x1f, 0xa7, 0x1f, 0xaf, 0x1f, 0xaf, 0x1f, 0xa7, 0x1f, 0xaf,
    0x1f, 0xaf, 0xfe, 0xa6, 0x7f, 0xaf, 0x1f, 0xaf, 0xff, 0xae, 0xb4, 0x53,
    0x7b, 0xb6, 0xbf, 0xdf, 0xbf, 0xe7, 0xdf, 0xe7, 0x9f, 0xe7, 0xbf, 0xe7,
    0xbf, 0xdf, 0xbf, 0xe7, 0xbf, 0xe7, 0xbf, 0xe7, 0xbf, 0xe7, 0xdf, 0xef,
    0xff, 0xff, 0xff, 0xff, 0xff, 0xff, 0xff, 0xff, 0xff, 0xff, 0xff, 0xff,
    0xff, 0xff, 0xff, 0xff, 0xff, 0xff, 0xff, 0xff, 0xff, 0xff, 0xff, 0xff,
    0xff, 0xff, 0xbf, 0xf7, 0xbf, 0xe7, 0xbf, 0xe7, 0xbf, 0xe7, 0xbf, 0xe7,
    0x9f, 0xe7, 0xbf, 0xdf, 0xbf, 0xe7, 0x9f, 0xe7, 0xbf, 0xef, 0xdd, 0xbe,
    0xf1, 0x73, 0x32, 0xff, 0x90, 0xfe, 0xf1, 0xfe, 0x31, 0xa5, 0xf7, 0x94,
    0xff, 0xff, 0xbf, 0xff, 0xdf, 0xff, 0xbb, 0xa5, 0x11, 0x6b, 0xb4, 0xec,
    0xd2, 0xfc, 0xd3, 0xfc, 0xb2, 0xfc, 0xd3, 0xfc, 0x93, 0xdc, 0x52, 0x4b,
    0x11, 0xbc, 0xb3, 0xfc, 0xd3, 0xf4, 0x73, 0xfc, 0x13, 0x5b, 0x78, 0x95,
    0x77, 0x8d, 0x99, 0xad, 0x5a, 0xc6, 0x9d, 0xf7, 0xff, 0xff, 0x5b, 0xdf,
    0xd5, 0x5b, 0x3e, 0xaf, 0xbe, 0xa6, 0xdf, 0xef, 0xdf, 0xff, 0x5e, 0xcf,
    0x3f, 0xa7, 0xfe, 0xa6, 0x3f, 0xa7, 0x1f, 0xa7, 0x1f, 0xa7, 0x1f, 0xa7,
    0x1f, 0xaf, 0x1f, 0xaf, 0x1f, 0xaf, 0xfe, 0xa6, 0xff, 0xa6, 0x1f, 0xaf,
    0x3f, 0xaf, 0x3f, 0xaf, 0xde, 0x9e, 0x3f, 0xaf, 0x5d, 0x9e, 0xd4, 0x53,
    0xdd, 0xc6, 0xdf, 0xe7, 0x9f, 0xe7, 0x9f, 0xe7, 0x9f, 0xe7, 0xdf, 0xe7,
    0xbf, 0xe7, 0xbf, 0xe7, 0xbf, 0xe7, 0xbf, 0xe7, 0x9f, 0xdf, 0xbf, 0xef,
    0xff, 0xff, 0xff, 0xff, 0xff, 0xff, 0xff, 0xff, 0xff, 0xff, 0xff, 0xff,
    0xff, 0xff, 0xff, 0xff, 0xff, 0xff, 0xff, 0xff, 0xff, 0xff, 0xff, 0xff,
    0xff, 0xff, 0x9f, 0xe7, 0xbf, 0xe7, 0xbf, 0xe7, 0x9f, 0xe7, 0xbf, 0xe7,
    0xbf, 0xe7, 0x9f, 0xe7, 0xbf, 0xe7, 0xbf, 0xe7, 0xff, 0xef, 0xdd, 0xbe,
    0xb1, 0x6b, 0xf2, 0xfe, 0x72, 0xfe, 0x10, 0xff, 0x11, 0xa5, 0xd6, 0x8c,
    0xfd, 0xff, 0xff, 0xf7, 0xfd, 0xff, 0xdf, 0xff, 0x3a, 0x95, 0x11, 0x5b,
    0x91, 0x93, 0xb2, 0xab, 0xb2, 0xa3, 0xb0, 0x8b, 0xf1, 0x4a, 0x93, 0x73,
    0x11, 0xfd, 0xb2, 0xec, 0xd3, 0xf4, 0xd3, 0x8b, 0xf3, 0x2a, 0x71, 0x83,
    0x90, 0x8b, 0x50, 0x9b, 0x72, 0x7b, 0x73, 0x5b, 0xda, 0xa5, 0xff, 0xff,
    0xf3, 0x6b, 0x3d, 0x8e, 0x5f, 0xaf, 0x1f, 0xc7, 0xff, 0xff, 0xfd, 0xff,
    0x3e, 0xb7, 0x1f, 0xaf, 0xdf, 0xb6, 0xdf, 0xae, 0xdf, 0xae, 0xff, 0xae,
    0xff, 0xae, 0xff, 0xae, 0x1f, 0xaf, 0x3f, 0xaf, 0x3f, 0xaf, 0xff, 0xa6,
    0xff, 0xae, 0x1f, 0xa7, 0x1f, 0xa7, 0x7f, 0xbf, 0xf7, 0x74, 0x76, 0x6c,
    0x1d, 0xc7, 0xdf, 0xe7, 0x9f, 0xdf, 0x9f, 0xe7, 0xbf, 0xe7, 0xdf, 0xe7,
    0xbf, 0xdf, 0x9f, 0xe7, 0xbf, 0xe7, 0xbf, 0xe7, 0x9f, 0xe7, 0x9e, 0xe7,
    0xdf, 0xf7, 0xff, 0xff, 0xff, 0xff, 0xff, 0xff, 0xff, 0xff, 0xff, 0xff,
    0xff, 0xff, 0xff, 0xff, 0xff, 0xff, 0xff, 0xff, 0xff, 0xff, 0xff, 0xff,
    0xff, 0xf7, 0x9f, 0xe7, 0xbf, 0xe7, 0xbf, 0xe7, 0x9f, 0xe7, 0xbf, 0xe7,
    0xbf, 0xe7, 0xbf, 0xe7, 0xbf, 0xe7, 0xbf, 0xe7, 0xff, 0xef, 0xdd, 0xc6,
    0xd1, 0x6b, 0xd1, 0xfe, 0x72, 0xfe, 0xf1, 0xfe, 0x51, 0xb5, 0x96, 0x7c,
    0xde, 0xff, 0xff, 0xff, 0xdf, 0xff, 0xdf, 0xff, 0xff, 0xff, 0x5e, 0xdf,
    0x59, 0x95, 0xf7, 0x84, 0xf8, 0x8c, 0xf7, 0x7c, 0xf5, 0x52, 0xb4, 0xec,
    0xb1, 0xfc, 0x93, 0xfc, 0x12, 0xc4, 0xf0, 0x52, 0x92, 0xdc, 0xd3, 0xfc,
    0x12, 0xfd, 0xd5, 0xfc, 0xb2, 0xfc, 0x72, 0xec, 0xb1, 0x52, 0x7c, 0xce,
    0x3a, 0xbe, 0xf6, 0x4b, 0xbf, 0xbf, 0xbe, 0xae, 0xbf, 0xdf, 0xff, 0xff,
    0xff, 0xef, 0x3f, 0xc7, 0x3f, 0xa7, 0x1f, 0xa7, 0x5f, 0xaf, 0x5f, 0xaf,
    0x3f, 0xaf, 0xff, 0xa6, 0xdf, 0xae, 0xdf, 0xae, 0xff, 0xae, 0x1f, 0xaf,
    0x1f, 0xaf, 0x1f, 0xa7, 0x3f, 0xaf, 0xff, 0xae, 0x14, 0x54, 0xbb, 0x95,
    0x1d, 0xc7, 0xbf, 0xe7, 0x9f, 0xe7, 0xbf, 0xe7, 0x9f, 0xe7, 0xbf, 0xe7,
    0x9f, 0xdf, 0xbf, 0xe7, 0x9f, 0xe7, 0xbf, 0xe7, 0xbf, 0xe7, 0xbf, 0xe7,
    0xdf, 0xf7, 0xff, 0xff, 0xff, 0xff, 0xdf, 0xff, 0xff, 0xff, 0xff, 0xff,
    0xff, 0xff, 0xff, 0xff, 0xff, 0xff, 0xff, 0xff, 0xff, 0xff, 0xff, 0xff,
    0xdf, 0xef, 0x9f, 0xe7, 0xbf, 0xe7, 0xbf, 0xe7, 0xbf, 0xdf, 0xbf, 0xe7,
    0x9f, 0xe7, 0xbf, 0xdf, 0xbf, 0xe7, 0x9f, 0xe7, 0xbf, 0xdf, 0x3e, 0xd7,
    0xd3, 0x6b, 0xd0, 0xfe, 0x91, 0xfe, 0xd1, 0xfe, 0x11, 0xd6, 0x15, 0x6c,
    0x9f, 0xf7, 0xff, 0xff, 0xdf, 0xff, 0xff, 0xff, 0xff, 0xff, 0xff, 0xff,
    0xff, 0xff, 0xff, 0xff, 0xff, 0xff, 0x95, 0x6c, 0xd2, 0xb3, 0xd2, 0xfc,
    0x52, 0xfc, 0xb4, 0xf4, 0x32, 0x5b, 0x53, 0xdc, 0xf4, 0xfc, 0x51, 0xec,
    0x92, 0xfc, 0xb3, 0xf4, 0x93, 0xec, 0xd3, 0xfc, 0x74, 0xe4, 0x92, 0x53,
    0xff, 0xf7, 0xb3, 0x63, 0x3c, 0x8e, 0x7f, 0xaf, 0xff, 0xae, 0xdf, 0xe7,
    0xff, 0xff, 0xff, 0xff, 0x7f, 0xc7, 0x1e, 0xb7, 0xfe, 0xa6, 0xff, 0x9e,
    0x1f, 0x9f, 0x1f, 0xa7, 0x1f, 0xaf, 0x1f, 0xaf, 0xfe, 0xae, 0x1f, 0xaf,
    0xff, 0xae, 0xff, 0xae, 0x7f, 0xbf, 0x18, 0x75, 0x34, 0x64, 0xde, 0xb6,
    0x3e, 0xcf, 0xbf, 0xe7, 0xbf, 0xe7, 0xbf, 0xe7, 0xbf, 0xe7, 0xbf, 0xdf,
    0x9f, 0xe7, 0xbf, 0xe7, 0xbf, 0xe7, 0xbf, 0xe7, 0xbf, 0xdf, 0xbf, 0xe7,
    0xbf, 0xef, 0xdf, 0xff, 0xdf, 0xff, 0xdf, 0xff, 0xff, 0xff, 0xff, 0xff,
    0xff, 0xff, 0xff, 0xff, 0xff, 0xff, 0xff, 0xff, 0xff, 0xff, 0xff, 0xff,
    0xbf, 0xef, 0x9f, 0xdf, 0xbf, 0xe7, 0xbf, 0xe7, 0x9f, 0xe7, 0xbf, 0xe7,
    0xbf, 0xe7, 0x9f, 0xe7, 0xbf, 0xe7, 0xbf, 0xe7, 0x9f, 0xdf, 0xdf, 0xe7,
    0xf3, 0x63, 0x70, 0xe6, 0xd1, 0xfe, 0xd1, 0xfe, 0xb1, 0xee, 0x91, 0x63,
    0x3c, 0xe7, 0xfe, 0xff, 0xff, 0xf7, 0xff, 0xff, 0xff, 0xff, 0xff, 0xff,
    0xff, 0xff, 0xdf, 0xff, 0xf9, 0xa5, 0x30, 0x73, 0xd1, 0xfc, 0x72, 0xf4,
    0x33, 0xfd, 0xf4, 0x8b, 0x54, 0x73, 0xf3, 0xfc, 0x50, 0xec, 0x93, 0xfc,
    0x53, 0x73, 0x91, 0x7b, 0xb3, 0xfc, 0xb1, 0xfc, 0xf2, 0xfc, 0x12, 0x6b,
    0xdc, 0xce, 0x9c, 0xd6, 0x51, 0x43, 0x3f, 0xa7, 0xfe, 0xa6, 0x3f, 0xbf,
    0xbf, 0xf7, 0xff, 0xff, 0xff, 0xff, 0xbf, 0xf7, 0x5f, 0xd7, 0x1e, 0xbf,
    0x1e, 0xaf, 0x1e, 0xaf, 0x1e, 0xa7, 0x3e, 0xa7, 0x5f, 0xbf, 0x1f, 0xaf,
    0x3f, 0xaf, 0x1f, 0xaf, 0x5d, 0x9e, 0x50, 0x4b, 0x3b, 0xae, 0x9c, 0xb6,
    0x7f, 0xdf, 0xbf, 0xe7, 0x9f, 0xe7, 0x9f, 0xe7, 0xbf, 0xe7, 0xbf, 0xe7,
    0x9f, 0xe7, 0xbf, 0xe7, 0xbf, 0xe7, 0xbf, 0xe7, 0xbf, 0xdf, 0x9f, 0xe7,
    0x9f, 0xe7, 0xbf, 0xf7, 0xdf, 0xff, 0xdf, 0xff, 0xff, 0xff, 0xff, 0xff,
    0xff, 0xff, 0xff, 0xff, 0xff, 0xff, 0xff, 0xff, 0xff, 0xff, 0xff, 0xff,
    0x9f, 0xe7, 0xbf, 0xe7, 0xbf, 0xe7, 0xbf, 0xe7, 0x9f, 0xe7, 0xbf, 0xe7,
    0xbf, 0xe7, 0xbf, 0xe7, 0xbf, 0xe7, 0xbf, 0xe7, 0xbf, 0xe7, 0xff, 0xf7,
    0x96, 0x74, 0x51, 0xbd, 0x11, 0xff, 0xb0, 0xfe, 0xd2, 0xfe, 0x10, 0x7c,
    0x3b, 0xae, 0xff, 0xff, 0xde, 0xff, 0xfd, 0xff, 0xff, 0xff, 0xff, 0xff,
    0xff, 0xff, 0xdf, 0xe7, 0x32, 0x53, 0x95, 0xe4, 0xf2, 0xf4, 0x73, 0xfc,
    0x73, 0xec, 0x90, 0x22, 0xd4, 0x9b, 0x92, 0xfc, 0x91, 0xfc, 0xd3, 0xbb,
    0x96, 0x74, 0x54, 0x6c, 0xd3, 0xcb, 0x93, 0xfc, 0xf4, 0xf4, 0x72, 0x93,
    0xb8, 0xa5, 0xff, 0xff, 0x36, 0x9d, 0xd4, 0x5b, 0x5f, 0xb7, 0x1f, 0xaf,
    0xdd, 0xae, 0x7f, 0xd7, 0xbf, 0xff, 0xff, 0xff, 0xff, 0xff, 0xff, 0xff,
    0xff, 0xff, 0xdf, 0xff, 0xbf, 0xf7, 0x9f, 0xe7, 0x5f, 0xbf, 0xfe, 0xae,
    0x5f, 0xb7, 0xbe, 0xa6, 0x51, 0x43, 0xda, 0x9d, 0x9c, 0xb6, 0xdd, 0xbe,
    0xbf, 0xe7, 0xbf, 0xe7, 0x9f, 0xe7, 0x9f, 0xe7, 0xbf, 0xe7, 0xbf, 0xe7,
    0x9f, 0xdf, 0xbf, 0xe7, 0xbf, 0xe7, 0x9f, 0xe7, 0xbf, 0xe7, 0x9f, 0xdf,
    0x7e, 0xdf, 0x9e, 0xef, 0xff, 0xff, 0xff, 0xff, 0xff, 0xff, 0xff, 0xff,
    0xff, 0xff, 0xff, 0xff, 0xff, 0xff, 0xff, 0xff, 0xff, 0xff, 0xdf, 0xf7,
    0x7f, 0xe7, 0xbf, 0xe7, 0xbf, 0xe7, 0xbf, 0xe7, 0xbf, 0xdf, 0xbf, 0xe7,
    0x9f, 0xe7, 0xbf, 0xdf, 0xbf, 0xe7, 0x9f, 0xe7, 0x9e, 0xe7, 0xff, 0xef,
    0xdb, 0x95, 0x72, 0x9c, 0x11, 0xff, 0x8f, 0xfe, 0xd3, 0xfe, 0x31, 0xa5,
    0x56, 0x74, 0xff, 0xff, 0xff, 0xff, 0xff, 0xff, 0xdf, 0xff, 0xff, 0xff,
    0xff, 0xff, 0x95, 0x7c, 0xb2, 0x9b, 0xd2, 0xfc, 0x71, 0xf4, 0xf3, 0xfc,
    0x53, 0x6b, 0x15, 0x5c, 0xf2, 0x9b, 0x91, 0xfc, 0xd4, 0xf4, 0xd0, 0xb3,
    0xd6, 0x74, 0x56, 0x7c, 0x12, 0xb4, 0xb2, 0xfc, 0xd2, 0xfc, 0x72, 0x83,
    0xb9, 0xa5, 0xff, 0xf7, 0xdf, 0xff, 0x17, 0x9d, 0x93, 0x43, 0xbd, 0x9e,
    0x9f, 0xaf, 0xff, 0xa6, 0x1e, 0xaf, 0x5f, 0xbf, 0x9f, 0xd7, 0x7f, 0xdf,
    0x7f, 0xdf, 0x7f, 0xd7, 0x5f, 0xbf, 0xfe, 0xae, 0x1f, 0xb7, 0x7f, 0xbf,
    0x1b, 0x8e, 0x51, 0x3b, 0x7a, 0x8d, 0xde, 0xbe, 0x5b, 0xb6, 0x9f, 0xd7,
    0xbf, 0xe7, 0x9f, 0xe7, 0xbf, 0xe7, 0x9f, 0xe7, 0xbf, 0xe7, 0xbf, 0xdf,
    0x9f, 0xdf, 0xbf, 0xe7, 0x9f, 0xe7, 0xbf, 0xe7, 0xbf, 0xe7, 0x9f, 0xdf,
    0x5e, 0xdf, 0xbf, 0xef, 0xff, 0xff, 0xff, 0xff, 0xff, 0xff, 0xff, 0xff,
    0xff, 0xff, 0xff, 0xff, 0xff, 0xff, 0xff, 0xff, 0xff, 0xff, 0xdf, 0xf7,
    0xbf, 0xe7, 0xbf, 0xdf, 0xbf, 0xe7, 0x9f, 0xe7, 0xbf, 0xe7, 0xbf, 0xe7,
    0x9f, 0xe7, 0xbf, 0xe7, 0xbf, 0xe7, 0xbf, 0xe7, 0xbf, 0xe7, 0xbf, 0xef,
    0xfe, 0xc6, 0x92, 0x7b, 0xef, 0xf6, 0xcf, 0xf6, 0xb1, 0xfe, 0x92, 0xf6,
    0x91, 0x53, 0x3f, 0xdf, 0xbf, 0xff, 0xff, 0xff, 0xff, 0xff, 0xff, 0xff,
    0x3c, 0xc6, 0x31, 0x5b, 0xd2, 0xfc, 0xb1, 0xf4, 0xb1, 0xfc, 0xb3, 0x9b,
    0x95, 0x74, 0xfa, 0xb5, 0x72, 0x83, 0xb0, 0xf4, 0xb2, 0xf4, 0x54, 0xfc,
    0x52, 0x73, 0x70, 0x73, 0xd3, 0xec, 0x91, 0xfc, 0xd3, 0xfc, 0x71, 0x63,
    0x99, 0xbe, 0xff, 0xff, 0xdf, 0xff, 0xff, 0xff, 0xfa, 0xbd, 0x93, 0x43,
    0x3b, 0x75, 0xfd, 0xa6, 0x5f, 0xbf, 0x5f, 0xaf, 0x5f, 0xa7, 0xdf, 0xae,
    0xff, 0xb6, 0x3e, 0xaf, 0x3f, 0xb7, 0x9f, 0xb7, 0x9e, 0xa6, 0x55, 0x5c,
    0xb2, 0x4b, 0x1b, 0x96, 0xdd, 0xb6, 0x5b, 0xae, 0x3e, 0xcf, 0xdf, 0xe7,
    0xbf, 0xe7, 0xdf, 0xdf, 0x9f, 0xdf, 0x9f, 0xef, 0x9f, 0xef, 0xdf, 0xe7,
    0xdf, 0xe7, 0x9e, 0xe7, 0xbf, 0xe7, 0x9f, 0xe7, 0x9f, 0xdf, 0x9f, 0xdf,
    0x7f, 0xdf, 0xbf, 0xef, 0xff, 0xff, 0xff, 0xff, 0xff, 0xff, 0xff, 0xff,
    0xff, 0xff, 0xff, 0xff, 0xff, 0xff, 0xff, 0xff, 0xff, 0xff, 0xdf, 0xf7,
    0x9f, 0xe7, 0xbf, 0xe7, 0xbf, 0xe7, 0x9f, 0xe7, 0xbf, 0xe7, 0xbf, 0xe7,
    0xbf, 0xe7, 0x9f, 0xe7, 0xbf, 0xdf, 0xbf, 0xe7, 0x9f, 0xdf, 0xdf, 0xef,
    0xff, 0xef, 0x15, 0x6c, 0xb0, 0xcd, 0xf3, 0xfe, 0xb0, 0xfe, 0xf1, 0xfe,
    0x6f, 0xa4, 0xf7, 0x7c, 0xff, 0xff, 0xbf, 0xff, 0xff, 0xf7, 0xff, 0xf7,
    0x53, 0x53, 0x52, 0xd4, 0x93, 0xfc, 0x94, 0xf4, 0x94, 0xe4, 0xf2, 0x4a,
    0xfb, 0xd6, 0x9b, 0xff, 0x13, 0x4b, 0x93, 0xf4, 0xb0, 0xfc, 0xb4, 0xec,
    0xf4, 0xf4, 0x93, 0xfc, 0xb4, 0xf4, 0xd4, 0xfc, 0xb3, 0xc3, 0xb4, 0x63,
    0x7c, 0xe7, 0xff, 0xff, 0xff, 0xff, 0xdf, 0xff, 0xff, 0xf7, 0x9a, 0xd6,
    0xae, 0x3a, 0xd3, 0x6b, 0x36, 0x64, 0x7b, 0x6d, 0x3b, 0x8e, 0x9c, 0x9e,
    0x9a, 0x96, 0x5c, 0x8e, 0x39, 0x6d, 0x35, 0x5c, 0x92, 0x4b, 0x39, 0x85,
    0x7d, 0xae, 0xdd, 0xb6, 0x5b, 0xae, 0xdc, 0xbe, 0xff, 0xe7, 0x9f, 0xe7,
    0xbf, 0xe7, 0xbf, 0xdf, 0xff, 0xe7, 0xdf, 0xef, 0xbf, 0xe7, 0x7e, 0xd7,
    0xff, 0xe7, 0x9f, 0xe7, 0xbf, 0xe7, 0x9f, 0xdf, 0x7e, 0xdf, 0x9f, 0xe7,
    0x9f, 0xe7, 0xbf, 0xef, 0xff, 0xff, 0xff, 0xff, 0xff, 0xff, 0xff, 0xff,
    0xff, 0xff, 0xff, 0xff, 0xff, 0xff, 0xff, 0xff, 0xff, 0xff, 0xdf, 0xef,
    0x9f, 0xe7, 0x9f, 0xdf, 0xbf, 0xe7, 0xbf, 0xe7, 0xbf, 0xdf, 0xbf, 0xe7,
    0xbf, 0xe7, 0x9f, 0xe7, 0xbf, 0xe7, 0xbf, 0xe7, 0x9f, 0xdf, 0x9e, 0xdf,
    0xff, 0xef, 0xfb, 0xa5, 0xd2, 0x6b, 0xd2, 0xfe, 0xf0, 0xfe, 0xb0, 0xfe,
    0xb2, 0xf6, 0x30, 0x53, 0x9b, 0xce, 0xfe, 0xff, 0xff, 0xff, 0xd5, 0x94,
    0xb1, 0x9b, 0x12, 0xfd, 0xd4, 0xfc, 0x15, 0xfd, 0x30, 0x63, 0xb8, 0x9d,
    0xde, 0xff, 0xff, 0xff, 0x1b, 0xb6, 0xb2, 0x4a, 0xf2, 0xec, 0xb3, 0xfc,
    0xb0, 0xfc, 0xd3, 0xfc, 0xb4, 0xfc, 0x11, 0xc4, 0x51, 0x53, 0x3a, 0xbe,
    0x9f, 0xff, 0xff, 0xff, 0xff, 0xff, 0xff, 0xff, 0xfe, 0xff, 0xd4, 0x73,
    0x93, 0xbd, 0xd1, 0xf6, 0x51, 0xb5, 0x90, 0x8c, 0xb3, 0x6b, 0x53, 0x4b,
    0x35, 0x64, 0xf7, 0x63, 0x97, 0x74, 0x59, 0x9d, 0x9d, 0xae, 0xde, 0xb6,
    0x5b, 0xae, 0x5b, 0xae, 0x5e, 0xcf, 0xdf, 0xe7, 0xdf, 0xef, 0x9f, 0xe7,
    0x9f, 0xef, 0xbf, 0xe7, 0xbf, 0xdf, 0x9f, 0xdf, 0x7f, 0xdf, 0xff, 0xe7,
    0xbf, 0xdf, 0xbf, 0xe7, 0x9f, 0xe7, 0x7f, 0xdf, 0x9e, 0xdf, 0xbf, 0xe7,
    0x9f, 0xe7, 0xbf, 0xef, 0xff, 0xff, 0xff, 0xff, 0xff, 0xff, 0xff, 0xff,
    0xff, 0xff, 0xff, 0xff, 0xff, 0xff, 0xff, 0xff, 0xff, 0xff, 0xdf, 0xf7,
    0x9f, 0xe7, 0xbf, 0xdf, 0xbf, 0xe7, 0xbf, 0xe7, 0x9f, 0xe7, 0xbf, 0xe7,
    0xbf, 0xe7, 0xbf, 0xdf, 0xbf, 0xe7, 0xbf, 0xe7, 0x9f, 0xe7, 0xde, 0xdf,
    0xbf, 0xdf, 0x9f, 0xe7, 0xd5, 0x53, 0x11, 0xd6, 0xce, 0xfe, 0x92, 0xfe,
    0x31, 0xff, 0xb1, 0xcd, 0x94, 0x53, 0xff, 0xff, 0x9c, 0xce, 0x32, 0x3a,
    0x53, 0x73, 0x33, 0x73, 0x71, 0x73, 0xd0, 0x5a, 0x14, 0x74, 0xff, 0xf7,
    0xdf, 0xff, 0xff, 0xff, 0xfd, 0xff, 0xfa, 0xbd, 0xf3, 0x52, 0xb4, 0x7b,
    0x30, 0x9b, 0x91, 0xa3, 0x52, 0x6b, 0x94, 0x5b, 0xfa, 0xad, 0x5c, 0xff,
    0xff, 0xff, 0xff, 0xff, 0xdd, 0xf7, 0xdf, 0xff, 0x18, 0x95, 0xd0, 0x73,
    0xef, 0xfe, 0xd2, 0xfe, 0x0f, 0xff, 0x52, 0xff, 0xf2, 0x73, 0x98, 0x8d,
    0xfe, 0xbe, 0xbe, 0xb6, 0xdd, 0xbe, 0xbc, 0xb6, 0x5b, 0xae, 0x5b, 0xae,
    0xdc, 0xbe, 0x9f, 0xd7, 0xbf, 0xe7, 0xbf, 0xe7, 0x9f, 0xe7, 0xbf, 0xe7,
    0xbf, 0xe7, 0xbf, 0xe7, 0x9f, 0xdf, 0xff, 0xef, 0xdf, 0xe7, 0x7f, 0xdf,
    0x9f, 0xe7, 0x9f, 0xe7, 0xbf, 0xe7, 0x9f, 0xe7, 0x9f, 0xdf, 0xbf, 0xe7,
    0xbf, 0xe7, 0xbf, 0xe7, 0xff, 0xff, 0xff, 0xff, 0xff, 0xff, 0xff, 0xff,
    0xff, 0xff, 0xff, 0xff, 0xff, 0xff, 0xff, 0xff, 0xff, 0xff, 0xdf, 0xf7,
    0x9f, 0xe7, 0x9f, 0xdf, 0xbf, 0xe7, 0xbf, 0xe7, 0x9f, 0xe7, 0xbf, 0xe7,
    0x9f, 0xe7, 0xbf, 0xe7, 0x9f, 0xe7, 0xbf, 0xe7, 0x7f, 0xef, 0xfe, 0xd7,
    0x7f, 0xe7, 0xff, 0xef, 0x1a, 0xb6, 0xf0, 0x63, 0xf1, 0xfe, 0x91, 0xfe,
    0x90, 0xf6, 0xf1, 0xfe, 0x70, 0x9c, 0x36, 0x6c, 0xbf, 0xf7, 0xfb, 0xc6,
    0xfc, 0xce, 0xfb, 0xc6, 0xfd, 0xce, 0xbd, 0xc6, 0x9d, 0xff, 0xff, 0xff,
    0xff, 0xff, 0xff, 0xff, 0xff, 0xf7, 0xff, 0xff, 0x7d, 0xdf, 0xf9, 0xad,
    0x3a, 0x95, 0x56, 0x8d, 0x18, 0xb6, 0x1d, 0xe7, 0xdd, 0xff, 0xff, 0xff,
    0xff, 0xff, 0xdf, 0xff, 0xff, 0xff, 0x3a, 0xb6, 0x51, 0x5b, 0xf0, 0xf6,
    0xcf, 0xfe, 0x51, 0xfe, 0xd2, 0xfe, 0x51, 0xb5, 0xb3, 0x5b, 0xfe, 0xb6,
    0x7c, 0xae, 0x7b, 0xa6, 0x9c, 0xae, 0xdd, 0xae, 0xdd, 0xc6, 0x9f, 0xd7,
    0xdf, 0xe7, 0xbf, 0xe7, 0xbf, 0xe7, 0xbf, 0xe7, 0x9f, 0xdf, 0xbf, 0xe7,
    0xbf, 0xe7, 0xdf, 0xe7, 0xbf, 0xe7, 0x9f, 0xe7, 0x9f, 0xe7, 0xbf, 0xe7,
    0xff, 0xef, 0xbf, 0xdf, 0xbf, 0xe7, 0xbf, 0xe7, 0x9f, 0xe7, 0xbf, 0xe7,
    0xbf, 0xe7, 0xbf, 0xef, 0xff, 0xff, 0xff, 0xff, 0xff, 0xff, 0xff, 0xff,
    0xff, 0xff, 0xff, 0xff, 0xff, 0xff, 0xff, 0xff, 0xff, 0xff, 0xdf, 0xf7,
    0xbf, 0xe7, 0xbf, 0xe7, 0xbf, 0xe7, 0xbf, 0xe7, 0xbf, 0xe7, 0xbf, 0xdf,
    0xbf, 0xe7, 0x9f, 0xe7, 0xbf, 0xe7, 0xbf, 0xe7, 0xbf, 0xe7, 0x9e, 0xe7,
    0xbf, 0xe7, 0xbf, 0xe7, 0xdf, 0xf7, 0x35, 0x64, 0xf2, 0xac, 0x30, 0xff,
    0x91, 0xfe, 0x91, 0xfe, 0x33, 0xff, 0x0e, 0x84, 0x97, 0x74, 0xff, 0xff,
    0xff, 0xff, 0xfe, 0xff, 0xff, 0xff, 0xff, 0xff, 0xff, 0xff, 0xff, 0xff,
    0xff, 0xff, 0xff, 0xff, 0xff, 0xff, 0xff, 0xff, 0xfe, 0xff, 0xfe, 0xff,
    0xbf, 0xff, 0xff, 0xff, 0xff, 0xff, 0xdf, 0xff, 0xdf, 0xff, 0xff, 0xff,
    0xff, 0xf7, 0xff, 0xff, 0x59, 0xae, 0x0f, 0x43, 0x34, 0xfe, 0xd1, 0xfe,
    0xb2, 0xf6, 0xd1, 0xfe, 0x72, 0xf6, 0x91, 0x4b, 0x1a, 0xa6, 0x9f, 0xe7,
    0x3d, 0xcf, 0x9f, 0xdf, 0x9e, 0xdf, 0x7e, 0xdf, 0xff, 0xef, 0x9f, 0xdf,
    0xbf, 0xe7, 0xbf, 0xe7, 0x9f, 0xdf, 0xbf, 0xe7, 0xdf, 0xef, 0x9f, 0xe7,
    0xdf, 0xdf, 0xbf, 0xe7, 0xbc, 0xce, 0x7f, 0xdf, 0xff, 0xf7, 0xdd, 0xce,
    0x3d, 0xd7, 0xff, 0xe7, 0xbf, 0xe7, 0xbf, 0xe7, 0x9f, 0xe7, 0xbf, 0xe7,
    0x9f, 0xdf, 0xbf, 0xef, 0xff, 0xff, 0xff, 0xff, 0xff, 0xff, 0xff, 0xff,
    0xff, 0xff, 0xff, 0xff, 0xff, 0xff, 0xff, 0xff, 0xff, 0xff, 0xdf, 0xf7,
    0x9f, 0xe7, 0xbf, 0xdf, 0xbf, 0xe7, 0x9f, 0xe7, 0xbf, 0xe7, 0xbf, 0xe7,
    0xbf, 0xe7, 0xbf, 0xe7, 0xbf, 0xe7, 0x9f, 0xe7, 0xbf, 0xdf, 0x9f, 0xef,
    0xbf, 0xdf, 0x9f, 0xe7, 0xdf, 0xef, 0x5e, 0xd7, 0x32, 0x5b, 0x52, 0xd6,
    0xb0, 0xfe, 0x92, 0xf6, 0x91, 0xfe, 0x71, 0xff, 0x4f, 0x84, 0x76, 0x53,
    0x7d, 0xef, 0xff, 0xff, 0xff, 0xff, 0xdf, 0xff, 0xff, 0xff, 0xdf, 0xff,
    0xff, 0xff, 0xff, 0xff, 0xff, 0xff, 0xff, 0xff, 0xff, 0xff, 0xff, 0xff,
    0xff, 0xff, 0xff, 0xff, 0xff, 0xff, 0xff, 0xff, 0xfe, 0xf7, 0xff, 0xff,
    0xff, 0xff, 0xf8, 0x94, 0x51, 0x53, 0xd2, 0xf6, 0xb1, 0xfe, 0x70, 0xfe,
    0xd2, 0xfe, 0x10, 0xff, 0x10, 0x74, 0xf8, 0x74, 0x7d, 0xcf, 0xbf, 0xef,
    0xdf, 0xef, 0xbf, 0xe7, 0x9f, 0xdf, 0xbf, 0xef, 0x9f, 0xdf, 0xbf, 0xe7,
    0xbf, 0xe7, 0xbf, 0xe7, 0xdf, 0xef, 0xbf, 0xe7, 0x9f, 0xdf, 0xbf, 0xe7,
    0xbf, 0xdf, 0xff, 0xef, 0x78, 0x9d, 0x33, 0x64, 0xb9, 0x95, 0xd1, 0x63,
    0x1e, 0xd7, 0xdf, 0xe7, 0x9f, 0xe7, 0xbf, 0xe7, 0xbf, 0xe7, 0xbf, 0xe7,
    0x9f, 0xdf, 0xdf, 0xef, 0xff, 0xff, 0xff, 0xff, 0xff, 0xff, 0xff, 0xff,
    0xff, 0xff, 0xff, 0xff, 0xff, 0xff, 0xff, 0xff, 0xff, 0xff, 0xdf, 0xf7,
    0xbf, 0xe7, 0xbf, 0xe7, 0xbf, 0xe7, 0x9f, 0xe7, 0xbf, 0xe7, 0x9f, 0xe7,
    0x9f, 0xe7, 0xbf, 0xdf, 0xbf, 0xe7, 0xbf, 0xe7, 0x9f, 0xe7, 0xdf, 0xe7,
    0xbf, 0xdf, 0xbf, 0xdf, 0xbf, 0xe7, 0xff, 0xf7, 0x3c, 0xae, 0x30, 0x5b,
    0xf2, 0xee, 0xb0, 0xfe, 0xb1, 0xfe, 0x70, 0xfe, 0x11, 0xff, 0x71, 0xb5,
    0x32, 0x53, 0x79, 0x9d, 0xff, 0xff, 0xff, 0xff, 0xff, 0xff, 0xff, 0xff,
    0xdf, 0xff, 0xff, 0xff, 0xff, 0xf7, 0xff, 0xff, 0xbf, 0xff, 0xff, 0xff,
    0xfe, 0xf7, 0xff, 0xff, 0xff, 0xff, 0xff, 0xff, 0xff, 0xff, 0xbc, 0xd6,
    0xf4, 0x6b, 0xb0, 0x73, 0x11, 0xff, 0xaf, 0xfe, 0xb1, 0xfe, 0xb1, 0xfe,
    0x10, 0xff, 0x51, 0x94, 0x16, 0x4c, 0xfd, 0xd6, 0xdf, 0xef, 0xbf, 0xdf,
    0x5f, 0xe7, 0xbf, 0xe7, 0xdf, 0xe7, 0x9f, 0xe7, 0x9f, 0xdf, 0xdf, 0xe7,
    0xbf, 0xe7, 0x9f, 0xe7, 0x9f, 0xe7, 0x9f, 0xe7, 0xbf, 0xe7, 0xbf, 0xdf,
    0xbf, 0xe7, 0xbf, 0xe7, 0xbf, 0xd7, 0x78, 0x7d, 0x3b, 0x96, 0xba, 0x9d,
    0xff, 0xf7, 0x7f, 0xdf, 0x9f, 0xdf, 0xbf, 0xe7, 0xbf, 0xe7, 0xbf, 0xe7,
    0x9f, 0xe7, 0xdf, 0xef, 0xff, 0xff, 0xff, 0xff, 0xff, 0xff, 0xff, 0xff,
    0xff, 0xff, 0xff, 0xff, 0xff, 0xff, 0xff, 0xff, 0xff, 0xff, 0xff, 0xff,
    0x9f, 0xe7, 0xdf, 0xdf, 0x9f, 0xe7, 0xdf, 0xd7, 0xbf, 0xe7, 0x7f, 0xe7,
    0xbf, 0xe7, 0xdf, 0xe7, 0x7f, 0xdf, 0xbf, 0xdf, 0xbf, 0xe7, 0x9f, 0xe7,
    0x9f, 0xdf, 0xdf, 0xef, 0x9f, 0xdf, 0x9f, 0xe7, 0xff, 0xef, 0xb8, 0xa5,
    0x70, 0x53, 0xd2, 0xf6, 0x90, 0xfe, 0x93, 0xfe, 0xd2, 0xfe, 0xcf, 0xfe,
    0x71, 0xf6, 0x11, 0x74, 0x93, 0x5b, 0x99, 0xa5, 0x7e, 0xe7, 0xff, 0xff,
    0xff, 0xff, 0xff, 0xff, 0xff, 0xff, 0xff, 0xff, 0xff, 0xff, 0xff, 0xff,
    0xdf, 0xff, 0xff, 0xff, 0xff, 0xff, 0x7b, 0xbe, 0x75, 0x7c, 0x92, 0x53,
    0x6f, 0xc5, 0x14, 0xff, 0xb0, 0xfe, 0xb0, 0xfe, 0xb0, 0xfe, 0xf2, 0xfe,
    0x11, 0xa5, 0x94, 0x4b, 0x1d, 0xcf, 0x7f, 0xdf, 0xbf, 0xe7, 0xbf, 0xe7,
    0xbf, 0xe7, 0xbf, 0xe7, 0xbf, 0xe7, 0xbf, 0xe7, 0xbf, 0xe7, 0xbf, 0xe7,
    0xbf, 0xe7, 0xbf, 0xe7, 0xbf, 0xe7, 0xbf, 0xe7, 0xbf, 0xe7, 0xbf, 0xe7,
    0xbf, 0xe7, 0xbf, 0xe7, 0x5c, 0xb6, 0x14, 0x64, 0xf7, 0x84, 0x33, 0x6c,
    0xbf, 0xdf, 0xbf, 0xe7, 0xbf, 0xe7, 0x9f, 0xdf, 0xbf, 0xdf, 0xbf, 0xe7,
    0x9f, 0xe7, 0xdf, 0xf7, 0xff, 0xff, 0xff, 0xff, 0xff, 0xff, 0xff, 0xff,
    0xff, 0xff, 0xff, 0xff, 0xff, 0xff, 0xff, 0xff, 0xff, 0xff, 0xff, 0xff,
    0xbf, 0xe7, 0x9f, 0xdf, 0x9f, 0xdf, 0xdf, 0xdf, 0x9f, 0xdf, 0xdf, 0xe7,
    0xbf, 0xdf, 0x9f, 0xe7, 0xdf, 0xe7, 0xbf, 0xe7, 0x9f, 0xdf, 0xff, 0xef,
    0x9f, 0xe7, 0x9f, 0xdf, 0xdf, 0xef, 0x7f, 0xdf, 0xdf, 0xe7, 0xff, 0xef,
    0xb8, 0x95, 0x30, 0x5b, 0x91, 0xe6, 0x30, 0xff, 0x51, 0xfe, 0xd1, 0xfe,
    0xb1, 0xf6, 0x0f, 0xff, 0x32, 0xd6, 0x50, 0x8c, 0x72, 0x63, 0x35, 0x74,
    0x39, 0x95, 0x1b, 0xbe, 0xbc, 0xce, 0xdb, 0xce, 0xbc, 0xc6, 0x9c, 0xbe,
    0xba, 0xa5, 0x97, 0x74, 0xf4, 0x63, 0xd0, 0x73, 0x0f, 0xbd, 0x91, 0xfe,
    0xf2, 0xfe, 0xb1, 0xfe, 0x70, 0xf6, 0xf1, 0xfe, 0xb2, 0xfe, 0x73, 0x94,
    0x53, 0x4b, 0xdd, 0xbe, 0x9f, 0xdf, 0xbf, 0xe7, 0xdf, 0xef, 0xbf, 0xe7,
    0x9f, 0xe7, 0xbf, 0xe7, 0xbf, 0xe7, 0x9f, 0xe7, 0xbf, 0xe7, 0xbf, 0xe7,
    0x9f, 0xe7, 0xbf, 0xe7, 0xbf, 0xe7, 0xbf, 0xe7, 0xbf, 0xe7, 0xbf, 0xe7,
    0x9f, 0xe7, 0xdf, 0xef, 0xf9, 0xad, 0x7c, 0xb6, 0xdf, 0xdf, 0x98, 0x9d,
    0xdc, 0xce, 0xdf, 0xef, 0xbf, 0xe7, 0xbf, 0xe7, 0xbf, 0xdf, 0xbf, 0xe7,
    0x9f, 0xe7, 0xdf, 0xf7, 0xff, 0xff, 0xff, 0xff, 0xff, 0xff, 0xff, 0xff,
    0xff, 0xff, 0xff, 0xff, 0xff, 0xff, 0xff, 0xff, 0xff, 0xff, 0xff, 0xff,
    0xbf, 0xef, 0x7f, 0xdf, 0x5f, 0xef, 0x3f, 0xe7, 0xbf, 0xef, 0xbf, 0xe7,
    0x9f, 0xdf, 0xbf, 0xe7, 0x9f, 0xe7, 0x9f, 0xe7, 0xbf, 0xe7, 0xbf, 0xe7,
    0x9f, 0xe7, 0x9f, 0xdf, 0xdf, 0xef, 0xbf, 0xe7, 0x7f, 0xdf, 0xbf, 0xe7,
    0xdf, 0xff, 0x3a, 0xae, 0x32, 0x43, 0x51, 0xb5, 0x10, 0xff, 0x12, 0xff,
    0xd0, 0xfe, 0xb2, 0xfe, 0xb2, 0xfe, 0x31, 0xff, 0xb0, 0xfe, 0x90, 0xcd,
    0xd2, 0xa4, 0x51, 0x84, 0xd1, 0x73, 0xd1, 0x7b, 0xd1, 0x73, 0x11, 0x84,
    0x70, 0x94, 0x30, 0xbd, 0x51, 0xee, 0xf2, 0xfe, 0x11, 0xff, 0xf1, 0xfe,
    0x90, 0xfe, 0xd1, 0xfe, 0x30, 0xff, 0x51, 0xf6, 0xd0, 0x73, 0x14, 0x54,
    0x3d, 0xc7, 0xdf, 0xef, 0xbf, 0xe7, 0xbf, 0xe7, 0xbf, 0xe7, 0x9f, 0xe7,
    0xbf, 0xe7, 0xbf, 0xe7, 0xbf, 0xe7, 0xbf, 0xe7, 0xbf, 0xe7, 0xbf, 0xe7,
    0x9f, 0xe7, 0xbf, 0xe7, 0xbf, 0xdf, 0x9f, 0xe7, 0x9f, 0xe7, 0xbf, 0xe7,
    0xbf, 0xef, 0x7f, 0xdf, 0xdf, 0xef, 0xff, 0xef, 0xbf, 0xe7, 0xff, 0xf7,
    0xbf, 0xe7, 0x9f, 0xe7, 0xbf, 0xe7, 0xbf, 0xe7, 0xbf, 0xe7, 0x9f, 0xe7,
    0xbf, 0xef, 0xff, 0xff, 0xff, 0xff, 0xff, 0xff, 0xff, 0xff, 0xff, 0xff,
    0xff, 0xff, 0xff, 0xff, 0xff, 0xff, 0xff, 0xff, 0xff, 0xff, 0xff, 0xff,
    0xff, 0xf7, 0x9f, 0xef, 0x9f, 0xdf, 0x9f, 0xe7, 0xdf, 0xdf, 0xbf, 0xe7,
    0xdf, 0xe7, 0xbf, 0xdf, 0x9f, 0xf7, 0xbf, 0xdf, 0xdf, 0xe7, 0x9f, 0xdf,
    0xdf, 0xef, 0xbf, 0xe7, 0x9f, 0xdf, 0xbf, 0xe7, 0xbf, 0xe7, 0x7f, 0xdf,
    0xbf, 0xe7, 0xfe, 0xe7, 0x5d, 0xd7, 0xd4, 0x5b, 0x52, 0x7c, 0x51, 0xee,
    0xb0, 0xfe, 0xd1, 0xfe, 0x90, 0xfe, 0x71, 0xfe, 0xb1, 0xfe, 0xf1, 0xfe,
    0x10, 0xff, 0x11, 0xff, 0x12, 0xff, 0x12, 0xff, 0x11, 0xff, 0xf0, 0xfe,
    0x10, 0xff, 0x10, 0xff, 0xd0, 0xfe, 0x70, 0xf6, 0x71, 0xfe, 0xb2, 0xfe,
    0xf1, 0xfe, 0xf0, 0xfe, 0x51, 0xb5, 0x52, 0x4b, 0x18, 0x7d, 0x5e, 0xdf,
    0x9e, 0xe7, 0x9f, 0xd7, 0xbf, 0xe7, 0x9f, 0xe7, 0x9f, 0xe7, 0xbf, 0xe7,
    0xbf, 0xe7, 0xbf, 0xe7, 0xbf, 0xe7, 0x9f, 0xe7, 0xbf, 0xdf, 0xbf, 0xe7,
    0xbf, 0xe7, 0xbf, 0xe7, 0xbf, 0xe7, 0xbf, 0xe7, 0xbf, 0xe7, 0xbf, 0xe7,
    0x7f, 0xdf, 0xdf, 0xef, 0x9e, 0xdf, 0x9e, 0xe7, 0xbf, 0xe7, 0x7e, 0xdf,
    0xbf, 0xe7, 0xbf, 0xe7, 0xbf, 0xe7, 0x9f, 0xe7, 0x9f, 0xdf, 0x9f, 0xe7,
    0xbf, 0xef, 0xff, 0xff, 0xff, 0xff, 0xff, 0xff, 0xff, 0xff, 0xff, 0xff,
    0xff, 0xff, 0xff, 0xff, 0xff, 0xff, 0xff, 0xff, 0xff, 0xff, 0xff, 0xff,
    0xff, 0xff, 0x7e, 0xef, 0xff, 0xdf, 0xff, 0xdf, 0xbf, 0xdf, 0xbf, 0xdf,
    0xdf, 0xdf, 0xbf, 0xe7, 0x5f, 0xef, 0xdf, 0xdf, 0x9f, 0xe7, 0xbf, 0xe7,
    0xbf, 0xe7, 0xbf, 0xe7, 0xbf, 0xe7, 0xbf, 0xe7, 0xbf, 0xe7, 0xdf, 0xef,
    0xde, 0xdf, 0xbf, 0xe7, 0xde, 0xe7, 0xbf, 0xf7, 0x1a, 0x95, 0x91, 0x4b,
    0xd0, 0x9c, 0x31, 0xee, 0x52, 0xff, 0xf1, 0xfe, 0xd1, 0xfe, 0xb0, 0xfe,
    0x90, 0xfe, 0x90, 0xfe, 0x91, 0xfe, 0x71, 0xf6, 0x73, 0xfe, 0x72, 0xfe,
    0x71, 0xfe, 0x90, 0xfe, 0xd1, 0xfe, 0x12, 0xff, 0xf1, 0xfe, 0xaf, 0xfe,
    0x72, 0xc5, 0x71, 0x63, 0xd5, 0x53, 0x7c, 0xae, 0xbf, 0xdf, 0xbf, 0xdf,
    0xdf, 0xe7, 0xbf, 0xef, 0xbf, 0xe7, 0xbf, 0xe7, 0xbf, 0xe7, 0xbf, 0xe7,
    0xbf, 0xe7, 0x9f, 0xdf, 0x9f, 0xdf, 0x9f, 0xe7, 0xbf, 0xe7, 0xbf, 0xe7,
    0x9f, 0xe7, 0x9f, 0xe7, 0xbf, 0xe7, 0xbf, 0xdf, 0x9f, 0xe7, 0xbf, 0xe7,
    0xbf, 0xdf, 0x9f, 0xdf, 0xdf, 0xe7, 0x7f, 0xdf, 0xbf, 0xe7, 0xbf, 0xe7,
    0xbf, 0xe7, 0xbf, 0xdf, 0x9f, 0xe7, 0xbf, 0xe7, 0xbf, 0xe7, 0xbf, 0xe7,
    0xdf, 0xf7, 0xff, 0xff, 0xff, 0xff, 0xff, 0xff, 0xff, 0xff, 0xff, 0xff,
    0xff, 0xff, 0xff, 0xff, 0xff, 0xff, 0xff, 0xff, 0xff, 0xff, 0xff, 0xff,
    0xdf, 0xff, 0x1d, 0xef, 0x9a, 0xee, 0x5d, 0xef, 0x1a, 0xe6, 0xdf, 0xf7,
    0xdf, 0xdf, 0x5f, 0xef, 0xbf, 0xe7, 0xbf, 0xdf, 0xbf, 0xe7, 0xbf, 0xe7,
    0x7f, 0xdf, 0xbf, 0xe7, 0xdf, 0xef, 0xbf, 0xe7, 0x9f, 0xe7, 0x9f, 0xdf,
    0x9f, 0xef, 0xbf, 0xe7, 0x7f, 0xe7, 0xbf, 0xe7, 0xff, 0xf7, 0x5e, 0xdf,
    0x18, 0x85, 0x93, 0x5b, 0xd0, 0x73, 0x72, 0xb5, 0x71, 0xee, 0x91, 0xfe,
    0xd2, 0xfe, 0x11, 0xff, 0x0f, 0xff, 0x50, 0xff, 0x10, 0xff, 0x11, 0xff,
    0x32, 0xff, 0xf1, 0xfe, 0x71, 0xfe, 0xd1, 0xd5, 0xb1, 0x94, 0xb1, 0x5b,
    0xd5, 0x5b, 0x1b, 0x9e, 0x7f, 0xd7, 0xbf, 0xef, 0xbf, 0xdf, 0xbf, 0xdf,
    0x9f, 0xef, 0x7f, 0xe7, 0xbf, 0xe7, 0xbf, 0xe7, 0xbf, 0xe7, 0xbf, 0xe7,
    0x9f, 0xdf, 0x9f, 0xe7, 0xbf, 0xe7, 0xbf, 0xe7, 0xbf, 0xe7, 0xbf, 0xe7,
    0xbf, 0xdf, 0xbf, 0xe7, 0xbf, 0xe7, 0x9f, 0xe7, 0xbf, 0xe7, 0xbf, 0xe7,
    0xdf, 0xe7, 0x9f, 0xdf, 0x9f, 0xdf, 0xbf, 0xe7, 0xbf, 0xe7, 0x9f, 0xe7,
    0xbf, 0xdf, 0xbf, 0xe7, 0x9f, 0xe7, 0xbf, 0xe7, 0x9f, 0xe7, 0xbf, 0xef,
    0xff, 0xff, 0xff, 0xff, 0xff, 0xff, 0xff, 0xff, 0xff, 0xff, 0xff, 0xff,
    0xff, 0xff, 0xff, 0xff, 0xdf, 0xff, 0xff, 0xff, 0xff, 0xff, 0xff, 0xff,
    0xff, 0xff, 0x3d, 0xf7, 0xd4, 0xf4, 0xf5, 0xf4, 0xb8, 0xf5, 0xbf, 0xef,
    0x9f, 0xdf, 0xbf, 0xef, 0xbf, 0xdf, 0xdf, 0xe7, 0xbf, 0xe7, 0xbf, 0xe7,
    0xbf, 0xe7, 0xbf, 0xe7, 0x7f, 0xdf, 0xbf, 0xe7, 0xdf, 0xef, 0xbf, 0xe7,
    0x9f, 0xdf, 0xbf, 0xdf, 0xff, 0xdf, 0x9f, 0xe7, 0x9e, 0xef, 0xdf, 0xe7,
    0xff, 0xef, 0x9f, 0xd7, 0x1a, 0xa6, 0x76, 0x74, 0xb4, 0x53, 0x13, 0x6c,
    0x51, 0x84, 0x70, 0x94, 0xd2, 0xac, 0x12, 0xad, 0x10, 0xad, 0x90, 0x9c,
    0x51, 0x8c, 0xf2, 0x73, 0x93, 0x5b, 0xd3, 0x53, 0x18, 0x7d, 0x7d, 0xa6,
    0xdd, 0xd7, 0xff, 0xe7, 0xff, 0xe7, 0xbf, 0xe7, 0x7f, 0xef, 0xbf, 0xef,
    0x9f, 0xdf, 0xdf, 0xe7, 0x9f, 0xe7, 0x9f, 0xe7, 0x9f, 0xdf, 0x9f, 0xdf,
    0xbf, 0xe7, 0xbf, 0xe7, 0xbf, 0xe7, 0xbf, 0xe7, 0xbf, 0xe7, 0xbf, 0xe7,
    0x9f, 0xe7, 0xbf, 0xe7, 0xbf, 0xe7, 0xbf, 0xe7, 0xbf, 0xe7, 0xbf, 0xe7,
    0xbf, 0xe7, 0xbf, 0xe7, 0xbf, 0xe7, 0xbf, 0xe7, 0x7f, 0xdf, 0x9f, 0xe7,
    0xff, 0xef, 0xbf, 0xe7, 0x9f, 0xe7, 0xbf, 0xe7, 0xbf, 0xe7, 0xdf, 0xf7,
    0xff, 0xff, 0xff, 0xff, 0xff, 0xff, 0xff, 0xff, 0xff, 0xff, 0xff, 0xff,
    0xff, 0xff, 0xff, 0xff, 0xff, 0xff, 0xff, 0xff, 0xff, 0xff, 0xff, 0xff,
    0xff, 0xff, 0x9e, 0xff, 0x33, 0xed, 0x32, 0xfc, 0xba, 0xee, 0xff, 0xdf,
    0x9f, 0xe7, 0xdf, 0xdf, 0x9f, 0xdf, 0xbf, 0xe7, 0xbf, 0xe7, 0xbf, 0xe7,
    0xbf, 0xe7, 0xbf, 0xe7, 0xbf, 0xe7, 0xdf, 0xe7, 0x9f, 0xdf, 0xbf, 0xe7,
    0x9f, 0xef, 0xdf, 0xe7, 0x9e, 0xdf, 0xbf, 0xe7, 0xbf, 0xdf, 0x9f, 0xdf,
    0xbf, 0xdf, 0xbf, 0xef, 0xff, 0xf7, 0xff, 0xf7, 0x9e, 0xdf, 0xbc, 0xbe,
    0x1b, 0xa6, 0x79, 0x8d, 0xf8, 0x7c, 0xd8, 0x84, 0xd7, 0x7c, 0x39, 0x85,
    0x9a, 0x85, 0x3b, 0x9e, 0x1d, 0xcf, 0xbf, 0xe7, 0xff, 0xef, 0xff, 0xef,
    0xbf, 0xef, 0x7f, 0xe7, 0x7f, 0xef, 0xbf, 0xef, 0xdf, 0xdf, 0xbf, 0xdf,
    0xdf, 0xe7, 0xbe, 0xdf, 0xbf, 0xe7, 0xbf, 0xe7, 0xbf, 0xe7, 0xbf, 0xe7,
    0xbf, 0xe7, 0xbf, 0xe7, 0xbf, 0xe7, 0x9f, 0xdf, 0xbf, 0xe7, 0x9f, 0xe7,
    0xbf, 0xe7, 0xbf, 0xe7, 0x9f, 0xdf, 0xbf, 0xe7, 0x9f, 0xe7, 0xbf, 0xe7,
    0x9f, 0xe7, 0x9f, 0xe7, 0xbf, 0xe7, 0xbf, 0xe7, 0xbf, 0xe7, 0xbf, 0xe7,
    0x9f, 0xdf, 0x9f, 0xe7, 0xbf, 0xe7, 0x9f, 0xe7, 0xbf, 0xe7, 0xdf, 0xf7,
    0xff, 0xff, 0xff, 0xff, 0xff, 0xff, 0xff, 0xff, 0xff, 0xff, 0xff, 0xff,
    0xff, 0xff, 0xff, 0xff, 0xff, 0xff, 0xff, 0xff, 0xff, 0xff, 0xff, 0xff,
    0xbf, 0xff, 0xbb, 0xe6, 0xf8, 0xed, 0xdb, 0xee, 0x99, 0xe5, 0x9f, 0xef,
    0x9f, 0xdf, 0x9f, 0xef, 0xdf, 0xd7, 0x9f, 0xef, 0xbf, 0xe7, 0xbf, 0xe7,
    0xbf, 0xe7, 0xbf, 0xe7, 0xbf, 0xe7, 0x9f, 0xdf, 0x9f, 0xe7, 0xbf, 0xe7,
    0xbf, 0xe7, 0xbf, 0xe7, 0xbf, 0xe7, 0xbf, 0xe7, 0xbf, 0xe7, 0xbf, 0xe7,
    0xbf, 0xe7, 0xbf, 0xe7, 0x9f, 0xe7, 0xbf, 0xe7, 0xbf, 0xe7, 0xff, 0xef,
    0xff, 0xef, 0xff, 0xef, 0xff, 0xf7, 0xff, 0xef, 0xff, 0xef, 0xff, 0xef,
    0xff, 0xf7, 0xff, 0xef, 0xff, 0xef, 0xbf, 0xe7, 0x9f, 0xe7, 0x9f, 0xe7,
    0xbf, 0xdf, 0xbf, 0xdf, 0xbf, 0xe7, 0x9f, 0xe7, 0xdf, 0xe7, 0xbf, 0xdf,
    0xdf, 0xe7, 0x9f, 0xe7, 0xbf, 0xe7, 0xbf, 0xe7, 0xbf, 0xe7, 0xbf, 0xe7,
    0xbf, 0xe7, 0xbf, 0xe7, 0xbf, 0xe7, 0xbf, 0xe7, 0xbf, 0xe7, 0x9f, 0xdf,
    0x9f, 0xdf, 0x9f, 0xdf, 0xbf, 0xe7, 0xbf, 0xe7, 0xbf, 0xe7, 0xbf, 0xe7,
    0xbf, 0xdf, 0xbf, 0xdf, 0x9f, 0xe7, 0xbf, 0xe7, 0xbf, 0xe7, 0xbf, 0xe7,
    0xbf, 0xe7, 0x9f, 0xe7, 0xbf, 0xdf, 0xbf, 0xe7, 0xdf, 0xf7, 0xff, 0xff,
    0xff, 0xff, 0xff, 0xff, 0xff, 0xff, 0xff, 0xff, 0xff, 0xff, 0xff, 0xff,
    0xff, 0xff, 0xff, 0xff, 0xff, 0xff, 0xff, 0xff, 0xff, 0xff, 0xff, 0xff,
    0xff, 0xff, 0xbf, 0xff, 0xff, 0xff, 0xff, 0xf7, 0x9e, 0xdf, 0xbf, 0xdf,
    0xdf, 0xe7, 0xbf, 0xe7, 0xbf, 0xe7, 0x9f, 0xe7, 0x9f, 0xe7, 0xbf, 0xe7,
    0xbf, 0xe7, 0x9f, 0xe7, 0x7f, 0xdf, 0x9f, 0xdf, 0x9f, 0xe7, 0xbf, 0xe7,
    0xbf, 0xe7, 0xbf, 0xe7, 0x9f, 0xe7, 0xbf, 0xe7, 0xbf, 0xe7, 0x9f, 0xe7,
    0xbf, 0xe7, 0xbf, 0xe7, 0x9f, 0xdf, 0x9f, 0xe7, 0xbf, 0xe7, 0x9f, 0xe7,
    0x9f, 0xe7, 0x9f, 0xe7, 0x9e, 0xe7, 0x9e, 0xe7, 0xbf, 0xe7, 0xbf, 0xe7,
    0xbf, 0xe7, 0x9f, 0xe7, 0x9e, 0xdf, 0x9f, 0xe7, 0xbf, 0xe7, 0x9f, 0xe7,
    0x9f, 0xef, 0x9f, 0xef, 0x7f, 0xe7, 0xbf, 0xdf, 0xdf, 0xdf, 0xbf, 0xe7,
    0x9f, 0xe7, 0xbf, 0xe7, 0xbf, 0xe7, 0xbf, 0xe7, 0xbf, 0xe7, 0xbf, 0xe7,
    0xbf, 0xe7, 0xbf, 0xe7, 0xbf, 0xe7, 0xbf, 0xe7, 0x9f, 0xe7, 0x9f, 0xdf,
    0x9f, 0xdf, 0x9f, 0xe7, 0xbf, 0xe7, 0xbf, 0xe7, 0x9f, 0xdf, 0x9f, 0xe7,
    0xbf, 0xdf, 0xbf, 0xe7, 0xbf, 0xe7, 0x9f, 0xe7, 0x9f, 0xe7, 0xbf, 0xe7,
    0xbf, 0xe7, 0xbf, 0xe7, 0xbf, 0xe7, 0xbf, 0xef, 0xff, 0xf7, 0xff, 0xff,
    0xff, 0xff, 0xff, 0xff, 0xff, 0xff, 0xff, 0xff, 0xff, 0xff, 0xff, 0xff,
    0xff, 0xff, 0xff, 0xff, 0xff, 0xff, 0xff, 0xff, 0xff, 0xff, 0xff, 0xff,
    0xff, 0xff, 0xff, 0xff, 0xff, 0xff, 0xff, 0xff, 0xff, 0xe7, 0x7e, 0xdf,
    0xbf, 0xe7, 0xbf, 0xe7, 0xbf, 0xe7, 0xbf, 0xdf, 0xbf, 0xe7, 0xbf, 0xe7,
    0xbf, 0xe7, 0x7f, 0xdf, 0x7e, 0xdf, 0x9f, 0xe7, 0xbf, 0xe7, 0xbf, 0xe7,
    0xbf, 0xe7, 0xbf, 0xe7, 0x9f, 0xe7, 0xbf, 0xe7, 0xbf, 0xe7, 0x9f, 0xe7,
    0xbf, 0xe7, 0xbf, 0xe7, 0xbf, 0xe7, 0xbf, 0xe7, 0xbf, 0xe7, 0xbf, 0xe7,
    0xbf, 0xe7, 0xbf, 0xe7, 0xbf, 0xe7, 0x9f, 0xe7, 0xbf, 0xe7, 0x9f, 0xdf,
    0xbf, 0xe7, 0xdf, 0xef, 0x9f, 0xe7, 0x9f, 0xe7, 0xbf, 0xe7, 0x9f, 0xe7,
    0x9f, 0xdf, 0xdf, 0xe7, 0xdf, 0xe7, 0x9f, 0xdf, 0x9f, 0xdf, 0x9f, 0xef,
    0x9f, 0xe7, 0xbf, 0xdf, 0xbf, 0xe7, 0xbf, 0xe7, 0x9f, 0xdf, 0x9f, 0xe7,
    0xbf, 0xe7, 0xbf, 0xe7, 0x9f, 0xe7, 0x9f, 0xe7, 0x7f, 0xdf, 0x7f, 0xdf,
    0x9f, 0xdf, 0x9f, 0xe7, 0xbf, 0xe7, 0x9f, 0xe7, 0xbf, 0xe7, 0xbf, 0xe7,
    0x9f, 0xe7, 0xbf, 0xe7, 0xbf, 0xe7, 0xbf, 0xe7, 0x9f, 0xe7, 0xbf, 0xe7,
    0xbf, 0xe7, 0xbf, 0xdf, 0xbf, 0xef, 0xff, 0xf7, 0xff, 0xff, 0xff, 0xff,
    0xff, 0xff, 0xff, 0xff, 0xff, 0xff, 0xff, 0xff, 0xff, 0xff, 0xff, 0xff,
    0xff, 0xff, 0xff, 0xff, 0xff, 0xff, 0xff, 0xff, 0xff, 0xff, 0xff, 0xff,
    0xff, 0xff, 0xff, 0xff, 0xbf, 0xff, 0xdf, 0xff, 0xdf, 0xff, 0x9f, 0xef,
    0x9f, 0xe7, 0xdf, 0xef, 0x9f, 0xdf, 0xbf, 0xdf, 0xbf, 0xe7, 0xbf, 0xe7,
    0x7f, 0xdf, 0x7e, 0xdf, 0x9f, 0xdf, 0xbf, 0xe7, 0xbf, 0xe7, 0x9f, 0xe7,
    0xbf, 0xe7, 0xbf, 0xdf, 0xbf, 0xe7, 0xbf, 0xe7, 0xbf, 0xe7, 0xbf, 0xe7,
    0x9f, 0xe7, 0xbf, 0xe7, 0x9f, 0xe7, 0x9f, 0xdf, 0x9f, 0xe7, 0xbf, 0xe7,
    0xbf, 0xe7, 0xbf, 0xe7, 0xbf, 0xe7, 0xbf, 0xe7, 0xbf, 0xe7, 0xbf, 0xe7,
    0x9f, 0xdf, 0xbf, 0xe7, 0xdf, 0xe7, 0xbf, 0xe7, 0xbf, 0xe7, 0xbf, 0xe7,
    0xbf, 0xe7, 0x9e, 0xdf, 0xff, 0xe7, 0xbf, 0xdf, 0xdf, 0xef, 0xbf, 0xef,
    0xbf, 0xe7, 0xdf, 0xe7, 0x9f, 0xe7, 0xbf, 0xe7, 0x9f, 0xe7, 0xbf, 0xe7,
    0xbf, 0xe7, 0xbf, 0xe7, 0x9f, 0xdf, 0x9f, 0xdf, 0x9f, 0xdf, 0x9f, 0xdf,
    0x9f, 0xe7, 0xbf, 0xe7, 0xbf, 0xe7, 0xbf, 0xe7, 0xbf, 0xe7, 0xbf, 0xe7,
    0x9f, 0xe7, 0x9f, 0xe7, 0xbf, 0xe7, 0xbf, 0xe7, 0xbf, 0xe7, 0xbf, 0xe7,
    0x9f, 0xe7, 0x9f, 0xdf, 0xdf, 0xf7, 0xff, 0xff, 0xff, 0xff, 0xff, 0xff,
    0xff, 0xff, 0xff, 0xff, 0xff, 0xff, 0xff, 0xff, 0xff, 0xff, 0xff, 0xff,
    0xff, 0xff, 0xff, 0xff, 0xff, 0xff, 0xff, 0xff, 0xff, 0xff, 0xff, 0xff,
    0xff, 0xff, 0xff, 0xff, 0xff, 0xff, 0xff, 0xff, 0xff, 0xff, 0xff, 0xf7,
    0x9f, 0xe7, 0xbf, 0xdf, 0x9f, 0xdf, 0xbf, 0xe7, 0xbf, 0xe7, 0x9f, 0xdf,
    0x7e, 0xdf, 0x9f, 0xdf, 0xbf, 0xe7, 0xbf, 0xe7, 0xbf, 0xe7, 0xbf, 0xe7,
    0xbf, 0xe7, 0x9f, 0xe7, 0xbf, 0xe7, 0x9f, 0xe7, 0xbf, 0xdf, 0xbf, 0xe7,
    0xbf, 0xe7, 0xbf, 0xe7, 0x9f, 0xdf, 0xbf, 0xe7, 0xbf, 0xe7, 0x9f, 0xdf,
    0x9f, 0xe7, 0xbf, 0xe7, 0xbf, 0xe7, 0xbf, 0xe7, 0x9f, 0xdf, 0xdf, 0xe7,
    0x9f, 0xdf, 0x9f, 0xdf, 0xdf, 0xe7, 0xbf, 0xe7, 0x9f, 0xe7, 0x9f, 0xdf,
    0x7e, 0xef, 0x9e, 0xe7, 0xff, 0xe7, 0xbf, 0xe7, 0x7f, 0xdf, 0x7f, 0xdf,
    0x9f, 0xe7, 0x9f, 0xe7, 0xbf, 0xe7, 0xbf, 0xe7, 0xbf, 0xe7, 0xbf, 0xe7,
    0xbf, 0xe7, 0x9f, 0xe7, 0x9f, 0xdf, 0x7f, 0xdf, 0x9f, 0xe7, 0x9f, 0xe7,
    0xbf, 0xe7, 0xbf, 0xe7, 0xbf, 0xe7, 0x9f, 0xe7, 0xbf, 0xe7, 0xbf, 0xe7,
    0xbf, 0xe7, 0x9f, 0xdf, 0x9f, 0xdf, 0xbf, 0xe7, 0xbf, 0xe7, 0x9f, 0xe7,
    0xbf, 0xe7, 0xdf, 0xef, 0xff, 0xff, 0xff, 0xff, 0xff, 0xff, 0xff, 0xff,
    0xff, 0xff, 0xff, 0xff, 0xff, 0xff, 0xff, 0xff, 0xff, 0xff, 0xff, 0xff,
    0xff, 0xff, 0xff, 0xff, 0xff, 0xff, 0xff, 0xff, 0xff, 0xff, 0xff, 0xff,
    0xff, 0xff, 0xff, 0xff, 0xff, 0xf7, 0xff, 0xff, 0xff, 0xff, 0xff, 0xff,
    0xdf, 0xf7, 0xdf, 0xd7, 0x9f, 0xef, 0xbf, 0xe7, 0x9f, 0xdf, 0x7f, 0xdf,
    0x9f, 0xdf, 0xbf, 0xe7, 0xbf, 0xe7, 0x9f, 0xe7, 0xbf, 0xe7, 0xbf, 0xe7,
    0xbf, 0xe7, 0xbf, 0xe7, 0xbf, 0xe7, 0x9f, 0xe7, 0xbf, 0xe7, 0xbf, 0xe7,
    0x9f, 0xe7, 0xbf, 0xe7, 0xbf, 0xe7, 0xbf, 0xe7, 0xbf, 0xe7, 0xbf, 0xe7,
    0xbf, 0xe7, 0xbf, 0xe7, 0xbf, 0xe7, 0xbf, 0xdf, 0x9f, 0xe7, 0xdf, 0xe7,
    0xbf, 0xe7, 0xdf, 0xe7, 0xdf, 0xe7, 0x7f, 0xdf, 0xbf, 0xe7, 0xff, 0xef,
    0xff, 0xe7, 0xbf, 0xdf, 0x3f, 0xd7, 0x7f, 0xe7, 0xbf, 0xe7, 0xdf, 0xe7,
    0xdf, 0xdf, 0xbf, 0xdf, 0x9f, 0xe7, 0xbf, 0xe7, 0xbf, 0xe7, 0xbf, 0xe7,
    0x9f, 0xdf, 0x9f, 0xdf, 0x7f, 0xdf, 0x7f, 0xdf, 0xbf, 0xe7, 0xbf, 0xe7,
    0xbf, 0xe7, 0x9f, 0xe7, 0x9f, 0xdf, 0x9f, 0xe7, 0xbf, 0xe7, 0xbf, 0xe7,
    0xbf, 0xe7, 0xbf, 0xe7, 0xbf, 0xe7, 0xbf, 0xe7, 0x9f, 0xe7, 0x9f, 0xe7,
    0xbf, 0xef, 0xff, 0xff, 0xff, 0xff, 0xff, 0xff, 0xff, 0xff, 0xff, 0xff,
    0xff, 0xff, 0xff, 0xff, 0xff, 0xff, 0xff, 0xff, 0xff, 0xff, 0xff, 0xff,
    0xff, 0xff, 0xff, 0xff, 0xff, 0xff, 0xff, 0xff, 0xff, 0xff, 0xff, 0xff,
    0xff, 0xff, 0xff, 0xff, 0xff, 0xff, 0xdf, 0xff, 0xff, 0xff, 0xff, 0xff,
    0xff, 0xff, 0xff, 0xef, 0xbf, 0xef, 0x7f, 0xdf, 0x9f, 0xdf, 0x9f, 0xe7,
    0xbf, 0xe7, 0xbf, 0xe7, 0xbf, 0xe7, 0x9f, 0xdf, 0x9f, 0xe7, 0xbf, 0xe7,
    0xbf, 0xe7, 0xbf, 0xdf, 0xbf, 0xe7, 0xbf, 0xe7, 0xbf, 0xe7, 0x9f, 0xdf,
    0xbf, 0xe7, 0xbf, 0xe7, 0x9f, 0xe7, 0x9f, 0xe7, 0xbf, 0xe7, 0xbf, 0xe7,
    0xbf, 0xe7, 0xbf, 0xdf, 0xbf, 0xdf, 0xbf, 0xe7, 0xbf, 0xe7, 0x9f, 0xe7,
    0x9f, 0xdf, 0xbf, 0xe7, 0xbf, 0xe7, 0x9f, 0xe7, 0xbf, 0xef, 0x3e, 0xdf,
    0xd9, 0xa5, 0xb5, 0xa4, 0xb2, 0x93, 0x98, 0xad, 0xff, 0xe7, 0xbf, 0xe7,
    0x9e, 0xe7, 0xfe, 0xdf, 0x9f, 0xe7, 0xbf, 0xe7, 0xbf, 0xe7, 0x9f, 0xdf,
    0x9f, 0xdf, 0x9f, 0xe7, 0x9f, 0xe7, 0x9f, 0xe7, 0x9f, 0xe7, 0xbf, 0xe7,
    0xbf, 0xe7, 0x9f, 0xe7, 0xbf, 0xe7, 0xbf, 0xe7, 0xbf, 0xe7, 0x9f, 0xdf,
    0xbf, 0xe7, 0xbf, 0xe7, 0xbf, 0xe7, 0xbf, 0xe7, 0xbf, 0xe7, 0xbf, 0xef,
    0xff, 0xff, 0xff, 0xff, 0xff, 0xff, 0xff, 0xff, 0xff, 0xff, 0xff, 0xff,
    0xff, 0xff, 0xff, 0xff, 0xff, 0xff, 0xff, 0xff, 0xff, 0xff, 0xff, 0xff,
    0xff, 0xff, 0xff, 0xff, 0xff, 0xff, 0xff, 0xff, 0xff, 0xff, 0xff, 0xff,
    0xff, 0xff, 0xff, 0xff, 0xff, 0xff, 0xff, 0xff, 0xff, 0xff, 0xff, 0xff,
    0xff, 0xff, 0xff, 0xff, 0xdf, 0xef, 0x7e, 0xdf, 0x9f, 0xdf, 0xbf, 0xe7,
    0xbf, 0xe7, 0x9f, 0xe7, 0xbf, 0xe7, 0xbf, 0xe7, 0xbf, 0xe7, 0x9f, 0xdf,
    0xbf, 0xe7, 0x9f, 0xe7, 0xbf, 0xe7, 0xbf, 0xe7, 0x9f, 0xe7, 0xbf, 0xe7,
    0xbf, 0xe7, 0xbf, 0xe7, 0xbf, 0xe7, 0xbf, 0xe7, 0xbf, 0xe7, 0xbf, 0xe7,
    0xbf, 0xe7, 0xbf, 0xe7, 0xbf, 0xe7, 0xbf, 0xe7, 0x9f, 0xe7, 0xbf, 0xe7,
    0xbf, 0xe7, 0xbf, 0xdf, 0x9f, 0xe7, 0xdf, 0xef, 0x1d, 0xd7, 0x53, 0x84,
    0x30, 0xcc, 0x73, 0xfc, 0x53, 0xdc, 0x75, 0xad, 0xff, 0xdf, 0x7f, 0xdf,
    0x9f, 0xf7, 0x9f, 0xe7, 0xbf, 0xe7, 0xbf, 0xe7, 0xbf, 0xe7, 0x9f, 0xdf,
    0x9f, 0xdf, 0x9f, 0xe7, 0xbf, 0xe7, 0xbf, 0xe7, 0x9f, 0xdf, 0xbf, 0xe7,
    0xbf, 0xe7, 0xbf, 0xe7, 0xbf, 0xe7, 0xbf, 0xe7, 0xbf, 0xe7, 0x9f, 0xe7,
    0x9f, 0xe7, 0xbf, 0xe7, 0xbf, 0xdf, 0x9f, 0xe7, 0xdf, 0xef, 0xff, 0xff,
    0xff, 0xff, 0xff, 0xff, 0xff, 0xff, 0xff, 0xff, 0xff, 0xff, 0xff, 0xff,
    0xff, 0xff, 0xff, 0xff, 0xff, 0xff, 0xff, 0xff, 0xff, 0xff, 0xff, 0xff,
    0xff, 0xff, 0xff, 0xff, 0xff, 0xff, 0xff, 0xff, 0xff, 0xff, 0xff, 0xff,
    0xff, 0xff, 0xff, 0xff, 0xff, 0xff, 0xff, 0xff, 0xff, 0xff, 0xff, 0xff,
    0xff, 0xff, 0xff, 0xff, 0xff, 0xff, 0xdf, 0xff, 0xbf, 0xe7, 0xbf, 0xe7,
    0xbf, 0xe7, 0xbf, 0xdf, 0xbf, 0xe7, 0x9f, 0xe7, 0xbf, 0xe7, 0xbf, 0xe7,
    0xbf, 0xe7, 0xbf, 0xe7, 0x9f, 0xdf, 0x9f, 0xe7, 0xbf, 0xe7, 0xbf, 0xe7,
    0x9f, 0xe7, 0x9f, 0xdf, 0x9f, 0xe7, 0xbf, 0xe7, 0xbf, 0xe7, 0xbf, 0xe7,
    0xbf, 0xe7, 0xbf, 0xe7, 0xbf, 0xe7, 0xbf, 0xe7, 0x7f, 0xdf, 0xdf, 0xef,
    0x9f, 0xdf, 0xdf, 0xe7, 0xbf, 0xdf, 0xdf, 0xe7, 0x5e, 0xdf, 0x74, 0x84,
    0x72, 0xec, 0xb4, 0xfc, 0x32, 0xbc, 0x19, 0xb6, 0xff, 0xef, 0xbf, 0xe7,
    0xbf, 0xd7, 0xdf, 0xe7, 0xbf, 0xe7, 0xbf, 0xe7, 0x9f, 0xe7, 0x9f, 0xe7,
    0x9f, 0xe7, 0x9f, 0xe7, 0xbf, 0xe7, 0xbf, 0xe7, 0xbf, 0xe7, 0xbf, 0xe7,
    0xbf, 0xe7, 0xbf, 0xe7, 0x9f, 0xdf, 0x9f, 0xdf, 0xbf, 0xe7, 0xbf, 0xdf,
    0xbf, 0xdf, 0x9f, 0xe7, 0xbf, 0xef, 0xdf, 0xf7, 0xff, 0xff, 0xff, 0xff,
    0xff, 0xff, 0xff, 0xff, 0xff, 0xff, 0xff, 0xff, 0xff, 0xff, 0xff, 0xff,
    0xff, 0xff, 0xff, 0xff, 0xff, 0xff, 0xff, 0xff, 0xff, 0xff, 0xff, 0xff,
    0xff, 0xff, 0xff, 0xff, 0xff, 0xff, 0xff, 0xff, 0xff, 0xff, 0xff, 0xff,
    0xff, 0xff, 0xff, 0xff, 0xff, 0xff, 0xff, 0xff, 0xff, 0xff, 0xff, 0xff,
    0xff, 0xff, 0xff, 0xff, 0xff, 0xff, 0xff, 0xff, 0xff, 0xf7, 0xbf, 0xef,
    0x9f, 0xe7, 0x9f, 0xdf, 0x9f, 0xe7, 0xbf, 0xe7, 0xbf, 0xe7, 0xbf, 0xe7,
    0x9f, 0xdf, 0x9f, 0xdf, 0x9f, 0xe7, 0x9f, 0xdf, 0xbf, 0xe7, 0xbf, 0xe7,
    0xbf, 0xe7, 0xbf, 0xe7, 0xbf, 0xe7, 0xbf, 0xe7, 0xbf, 0xe7, 0xbf, 0xe7,
    0x9f, 0xdf, 0x9f, 0xdf, 0x9f, 0xdf, 0x9f, 0xdf, 0xdf, 0xe7, 0xbf, 0xe7,
    0x9f, 0xdf, 0xbf, 0xe7, 0x7e, 0xdf, 0x9f, 0xdf, 0xdf, 0xef, 0x5e, 0xdf,
    0xd3, 0x84, 0x13, 0xdc, 0xd3, 0xab, 0xdc, 0xbe, 0xdf, 0xef, 0x9f, 0xf7,
    0x9f, 0xd7, 0x9e, 0xe7, 0xbf, 0xe7, 0xbf, 0xe7, 0xbf, 0xe7, 0xbf, 0xe7,
    0xbf, 0xe7, 0xbf, 0xe7, 0xbf, 0xe7, 0xbf, 0xe7, 0xbf, 0xdf, 0xbf, 0xe7,
    0xbf, 0xe7, 0xbf, 0xe7, 0xbf, 0xe7, 0xbf, 0xe7, 0xbf, 0xe7, 0xbf, 0xe7,
    0xbf, 0xe7, 0xbf, 0xef, 0xff, 0xf7, 0xff, 0xff, 0xff, 0xff, 0xff, 0xff,
    0xff, 0xff, 0xff, 0xff, 0xff, 0xff, 0xff, 0xff, 0xff, 0xff, 0xff, 0xff,
    0xff, 0xff, 0xff, 0xff, 0xff, 0xff, 0xff, 0xff, 0xff, 0xff, 0xff, 0xff,
    0xff, 0xff, 0xff, 0xff, 0xff, 0xff, 0xff, 0xff, 0xff, 0xff, 0xff, 0xff,
    0xff, 0xff, 0xff, 0xff, 0xff, 0xff, 0xff, 0xff, 0xff, 0xff, 0xff, 0xff,
    0xff, 0xff, 0xff, 0xff, 0xff, 0xff, 0xff, 0xff, 0xff, 0xff, 0xff, 0xff,
    0xdf, 0xf7, 0xbf, 0xef, 0xbf, 0xe7, 0xbf, 0xe7, 0x9f, 0xdf, 0xbf, 0xdf,
    0xbf, 0xe7, 0xbf, 0xe7, 0xbf, 0xe7, 0xbf, 0xe7, 0xbf, 0xdf, 0x9f, 0xdf,
    0x9f, 0xdf, 0xbf, 0xdf, 0xbf, 0xdf, 0x9f, 0xdf, 0xbf, 0xe7, 0xbf, 0xe7,
    0xbf, 0xe7, 0xdf, 0xe7, 0xbf, 0xe7, 0xbf, 0xe7, 0xdf, 0xe7, 0x9f, 0xdf,
    0x9f, 0xe7, 0xbf, 0xe7, 0xdf, 0xef, 0xff, 0xf7, 0xdf, 0xef, 0xdf, 0xef,
    0xdf, 0xe7, 0x77, 0x9d, 0xf6, 0x94, 0x9f, 0xef, 0x7f, 0xe7, 0x9f, 0xe7,
    0xdf, 0xef, 0xbf, 0xe7, 0x9f, 0xdf, 0x9f, 0xe7, 0xbf, 0xe7, 0xbf, 0xe7,
    0xbf, 0xe7, 0x9f, 0xdf, 0x9f, 0xe7, 0x9f, 0xdf, 0xbf, 0xdf, 0xbf, 0xdf,
    0xbf, 0xdf, 0xbf, 0xe7, 0x9f, 0xe7, 0x9f, 0xe7, 0xbf, 0xe7, 0xbf, 0xe7,
    0xdf, 0xf7, 0xff, 0xf7, 0xff, 0xff, 0xff, 0xff, 0xff, 0xff, 0xff, 0xff,
    0xff, 0xff, 0xff, 0xff, 0xff, 0xff, 0xff, 0xff, 0xff, 0xff, 0xff, 0xff,
    0xff, 0xff, 0xff, 0xff, 0xff, 0xff, 0xff, 0xff, 0xff, 0xff, 0xff, 0xff,
    0xff, 0xff, 0xff, 0xff, 0xff, 0xff, 0xff, 0xff, 0xff, 0xff, 0xff, 0xff,
    0xff, 0xff, 0xff, 0xff, 0xff, 0xff, 0xff, 0xff, 0xff, 0xff, 0xff, 0xff,
    0xff, 0xff, 0xff, 0xff, 0xff, 0xff, 0xff, 0xff, 0xff, 0xff, 0xff, 0xff,
    0xff, 0xff, 0xff, 0xff, 0xdf, 0xf7, 0xbf, 0xef, 0xbf, 0xe7, 0x9f, 0xe7,
    0x9f, 0xe7, 0xbf, 0xe7, 0xbf, 0xe7, 0x9f, 0xe7, 0xbf, 0xe7, 0xbf, 0xe7,
    0xbf, 0xe7, 0xbf, 0xe7, 0xbf, 0xe7, 0xbf, 0xe7, 0xbf, 0xdf, 0xbf, 0xdf,
    0x9f, 0xe7, 0xbf, 0xe7, 0xbf, 0xe7, 0xbf, 0xe7, 0x9e, 0xdf, 0xbf, 0xe7,
    0xff, 0xf7, 0xdf, 0xf7, 0xff, 0xff, 0xff, 0xff, 0xff, 0xff, 0xff, 0xf7,
    0xbf, 0xef, 0xff, 0xef, 0xdf, 0xdf, 0xbf, 0xe7, 0xbf, 0xe7, 0xbf, 0xdf,
    0x7f, 0xdf, 0xbf, 0xe7, 0xbf, 0xe7, 0xbf, 0xe7, 0xbf, 0xe7, 0xbf, 0xe7,
    0xbf, 0xe7, 0xbf, 0xe7, 0xbf, 0xe7, 0xbf, 0xe7, 0x9f, 0xdf, 0x9f, 0xe7,
    0x9f, 0xe7, 0x9f, 0xe7, 0xbf, 0xe7, 0xbf, 0xef, 0xdf, 0xf7, 0xdf, 0xf7,
    0xff, 0xff, 0xff, 0xff, 0xff, 0xff, 0xff, 0xff, 0xff, 0xff, 0xff, 0xff,
    0xff, 0xff, 0xff, 0xff, 0xff, 0xff, 0xff, 0xff, 0xff, 0xff, 0xff, 0xff,
    0xff, 0xff, 0xff, 0xff, 0xff, 0xff, 0xff, 0xff, 0xff, 0xff, 0xff, 0xff,
    0xff, 0xff, 0xff, 0xff, 0xff, 0xff, 0xff, 0xff, 0xff, 0xff, 0xff, 0xff,
    0xff, 0xff, 0xff, 0xff, 0xff, 0xff, 0xff, 0xff, 0xff, 0xff, 0xff, 0xff,
    0xff, 0xff, 0xff, 0xff, 0xff, 0xff, 0xff, 0xff, 0xff, 0xff, 0xff, 0xff,
    0xff, 0xff, 0xff, 0xff, 0xff, 0xff, 0xff, 0xff, 0xff, 0xf7, 0xbf, 0xf7,
    0xbf, 0xef, 0xbf, 0xe7, 0x9f, 0xe7, 0x9f, 0xe7, 0x9f, 0xe7, 0xbf, 0xe7,
    0x9f, 0xe7, 0x9f, 0xe7, 0xbf, 0xe7, 0x9f, 0xe7, 0x9f, 0xe7, 0x9f, 0xe7,
    0x9f, 0xe7, 0x9f, 0xe7, 0xbf, 0xef, 0xbf, 0xef, 0xdf, 0xf7, 0xff, 0xf7,
    0xff, 0xff, 0xff, 0xff, 0xff, 0xff, 0xff, 0xff, 0xff, 0xff, 0xff, 0xff,
    0xff, 0xff, 0xdf, 0xff, 0xdf, 0xff, 0xbe, 0xe7, 0xff, 0xe7, 0xbf, 0xdf,
    0x9f, 0xdf, 0x9f, 0xef, 0xbf, 0xe7, 0x9f, 0xdf, 0x9f, 0xdf, 0x9f, 0xdf,
    0x9f, 0xe7, 0xbf, 0xe7, 0x9f, 0xe7, 0xbf, 0xe7, 0x9f, 0xe7, 0xbf, 0xe7,
    0xbf, 0xef, 0xbf, 0xef, 0xdf, 0xf7, 0xff, 0xff, 0xff, 0xff, 0xff, 0xff,
    0xff, 0xff, 0xff, 0xff, 0xff, 0xff, 0xff, 0xff, 0xff, 0xff, 0xff, 0xff,
    0xff, 0xff, 0xff, 0xff, 0xff, 0xff, 0xff, 0xff, 0xff, 0xff, 0xff, 0xff,
    0xff, 0xff, 0xff, 0xff, 0xff, 0xff, 0xff, 0xff, 0xff, 0xff, 0xff, 0xff,
    0xff, 0xff, 0xff, 0xff, 0xff, 0xff, 0xff, 0xff, 0xff, 0xff, 0xff, 0xff,
    0xff, 0xff, 0xff, 0xff, 0xff, 0xff, 0xff, 0xff, 0xff, 0xff, 0xff, 0xff,
    0xff, 0xff, 0xff, 0xff, 0xff, 0xff, 0xff, 0xff, 0xff, 0xff, 0xff, 0xff,
    0xff, 0xff, 0xff, 0xff, 0xff, 0xff, 0xff, 0xff, 0xff, 0xff, 0xff, 0xff,
    0xff, 0xff, 0xff, 0xf7, 0xff, 0xf7, 0xdf, 0xf7, 0xbf, 0xef, 0xbf, 0xef,
    0xbf, 0xef, 0xbf, 0xef, 0xbf, 0xef, 0xbf, 0xef, 0xbf, 0xef, 0xbf, 0xef,
    0xdf, 0xf7, 0xff, 0xf7, 0xff, 0xff, 0xff, 0xff, 0xff, 0xff, 0xff, 0xff,
    0xff, 0xff, 0xff, 0xff, 0xff, 0xff, 0xff, 0xff, 0xff, 0xff, 0xbf, 0xff,
    0xdf, 0xff, 0xff, 0xff, 0xff, 0xff, 0xdf, 0xff, 0xff, 0xff, 0xff, 0xf7,
    0xde, 0xf7, 0xbf, 0xf7, 0xdf, 0xef, 0xbf, 0xef, 0xbf, 0xef, 0xbf, 0xef,
    0xbf, 0xe7, 0xbf, 0xef, 0xbf, 0xef, 0xdf, 0xef, 0xdf, 0xf7, 0xff, 0xf7,
    0xff, 0xff, 0xff, 0xff, 0xff, 0xff, 0xff, 0xff, 0xff, 0xff, 0xff, 0xff,
    0xff, 0xff, 0xff, 0xff, 0xdf, 0xff, 0xff, 0xff, 0xff, 0xff, 0xff, 0xff,
    0xff, 0xff, 0xff, 0xff, 0xff, 0xff, 0xff, 0xff, 0xff, 0xff, 0xff, 0xff,
    0xff, 0xff, 0xff, 0xff, 0xff, 0xff, 0xff, 0xff, 0xff, 0xff, 0xff, 0xff,
    0xff, 0xff, 0xff, 0xff, 0xff, 0xff, 0xff, 0xff, 0xff, 0xff, 0xff, 0xff,
    0xff, 0xff, 0xff, 0xff, 0xff, 0xff, 0xff, 0xff, 0xff, 0xff, 0xff, 0xff,
    0xff, 0xff, 0xff, 0xff, 0xff, 0xff, 0xff, 0xff, 0xff, 0xff, 0xff, 0xff,
    0xff, 0xff, 0xff, 0xff, 0xff, 0xff, 0xff, 0xff, 0xff, 0xff, 0xff, 0xff,
    0xff, 0xff, 0xff, 0xff, 0xff, 0xff, 0xff, 0xff, 0xdf, 0xff, 0xff, 0xff,
    0xff, 0xff, 0xff, 0xff, 0xff, 0xff, 0xff, 0xff, 0xff, 0xff, 0xff, 0xff,
    0xff, 0xff, 0xff, 0xff, 0xff, 0xff, 0xff, 0xff, 0xff, 0xff, 0xff, 0xff,
    0xff, 0xff, 0xff, 0xff, 0xff, 0xff, 0xff, 0xff, 0xff, 0xff, 0xff, 0xff,
    0xff, 0xff, 0xff, 0xff, 0xff, 0xff, 0xff, 0xff, 0xff, 0xff, 0xdf, 0xff,
    0xff, 0xff, 0xff, 0xff, 0xff, 0xff, 0xff, 0xff, 0xff, 0xff, 0xff, 0xff,
    0xff, 0xff, 0xff, 0xff, 0xff, 0xff, 0xff, 0xff, 0xff, 0xff, 0xff, 0xff,
    0xff, 0xff, 0xff, 0xff, 0xff, 0xff, 0xff, 0xff, 0xff, 0xff, 0xff, 0xff,
    0xff, 0xff, 0xdf, 0xff, 0xdf, 0xff, 0xff, 0xff, 0xff, 0xff, 0xff, 0xff,
    0xff, 0xff, 0xff, 0xff, 0xff, 0xff, 0xff, 0xff, 0xff, 0xff, 0xff, 0xff,
    0xff, 0xff, 0xff, 0xff, 0xff, 0xff, 0xff, 0xff, 0xff, 0xff, 0xff, 0xff,
    0xff, 0xff, 0xff, 0xff, 0xff, 0xff, 0xff, 0xff, 0xff, 0xff, 0xff, 0xff,
    0xff, 0xff, 0xff, 0xff, 0xff, 0xff, 0xff, 0xff, 0xff, 0xff, 0xff, 0xff,
    0xff, 0xff, 0xff, 0xff, 0xff, 0xff, 0xff, 0xff, 0xff, 0xff, 0xff, 0xff,
    0xff, 0xff, 0xff, 0xff, 0xff, 0xff, 0xff, 0xff, 0xff, 0xff, 0xff, 0xff,
    0xff, 0xff, 0xff, 0xff, 0xff, 0xff, 0xff, 0xff, 0xbf, 0xff, 0xdf, 0xff,
    0xff, 0xff, 0xff, 0xff, 0xff, 0xff, 0xff, 0xff, 0xff, 0xff, 0xff, 0xff,
    0xff, 0xff, 0xff, 0xff, 0xff, 0xff, 0xff, 0xff, 0xff, 0xff, 0xff, 0xff,
    0xff, 0xff, 0xff, 0xff, 0xff, 0xff, 0xff, 0xff, 0xff, 0xff, 0xff, 0xff,
    0xff, 0xff, 0xdf, 0xff, 0xff, 0xff, 0xff, 0xff, 0xff, 0xff, 0xff, 0xff,
    0xff, 0xff, 0xff, 0xff, 0xff, 0xff, 0xff, 0xff, 0xff, 0xff, 0xff, 0xff,
    0xff, 0xff, 0xff, 0xff, 0xff, 0xff, 0xff, 0xff, 0xff, 0xff, 0xff, 0xff,
    0xff, 0xff, 0xff, 0xff, 0xff, 0xff, 0xff, 0xff, 0xff, 0xff, 0xff, 0xff,
    0xff, 0xff, 0xdf, 0xff, 0xdf, 0xff, 0xff, 0xff, 0xff, 0xff, 0xff, 0xff,
    0xff, 0xff, 0xff, 0xff, 0xff, 0xff, 0xff, 0xff, 0xff, 0xff, 0xff, 0xff,
    0xff, 0xff, 0xff, 0xff, 0xff, 0xff, 0xff, 0xff, 0xff, 0xff, 0xff, 0xff,
    0xff, 0xff, 0xff, 0xff, 0xff, 0xff, 0xff, 0xff, 0xff, 0xff, 0xff, 0xff,
    0xff, 0xff, 0xff, 0xff, 0xff, 0xff, 0xff, 0xff, 0xff, 0xff, 0xff, 0xff,
    0xff, 0xff, 0xff, 0xff, 0xff, 0xff, 0xff, 0xff, 0xff, 0xff, 0xff, 0xff,
    0xff, 0xff, 0xff, 0xff, 0xff, 0xff, 0xff, 0xff, 0xff, 0xff, 0xff, 0xff,
    0xff, 0xff, 0xff, 0xff, 0xff, 0xff, 0xff, 0xff, 0xff, 0xff, 0xff, 0xff,
    0xff, 0xff, 0xff, 0xff, 0xff, 0xff, 0xff, 0xff, 0xff, 0xff, 0xff, 0xff,
    0xff, 0xff, 0xff, 0xff, 0xff, 0xff, 0xff, 0xff, 0xff, 0xff, 0xff, 0xff,
    0xff, 0xff, 0xff, 0xff, 0xff, 0xff, 0xff, 0xff, 0xff, 0xff, 0xff, 0xff,
    0xff, 0xff, 0xff, 0xff, 0xff, 0xff, 0xff, 0xff, 0xff, 0xff, 0xff, 0xff,
    0xff, 0xff, 0xff, 0xff, 0xff, 0xff, 0xff, 0xff, 0xff, 0xff, 0xff, 0xff,
    0xff, 0xff, 0xff, 0xff, 0xff, 0xff, 0xff, 0xff, 0xff, 0xff, 0xff, 0xff,
    0xff, 0xff, 0xff, 0xff, 0xff, 0xff, 0xff, 0xff, 0xff, 0xff, 0xff, 0xff,
    0xff, 0xff, 0xff, 0xff, 0xff, 0xff, 0xff, 0xff, 0xff, 0xff, 0xff, 0xff,
    0xff, 0xff, 0xff, 0xff, 0xff, 0xff, 0xff, 0xff, 0xff, 0xff, 0xff, 0xff,
    0xff, 0xff, 0xff, 0xff, 0xff, 0xff, 0xff, 0xff, 0xff, 0xff, 0xff, 0xff,
    0xff, 0xff, 0xff, 0xff, 0xff, 0xff, 0xff, 0xff, 0xff, 0xff, 0xff, 0xff,
    0xff, 0xff, 0xff, 0xff, 0xff, 0xff, 0xff, 0xff, 0xff, 0xff, 0xff, 0xff,
    0xff, 0xff, 0xff, 0xff, 0xff, 0xff, 0xff, 0xff, 0xff, 0xff, 0xff, 0xff,
    0xff, 0xff, 0xff, 0xff, 0xff, 0xff, 0xff, 0xff, 0xff, 0xff, 0xff, 0xff,
    0xff, 0xff, 0xff, 0xff, 0xff, 0xff, 0xff, 0xff, 0xff, 0xff, 0xff, 0xff,
    0xff, 0xff, 0xff, 0xff, 0xff, 0xff, 0xff, 0xff, 0xff, 0xff, 0xff, 0xff,
    0xff, 0xff, 0xff, 0xff, 0xff, 0xff, 0xff, 0xff, 0xff, 0xff, 0xff, 0xff,
    0xff, 0xff, 0xff, 0xff, 0xff, 0xff, 0xff, 0xff, 0xff, 0xff, 0xff, 0xff,
    0xff, 0xff, 0xff, 0xff, 0xff, 0xff, 0xff, 0xff, 0xff, 0xff, 0xff, 0xff,
    0xff, 0xff, 0xff, 0xff, 0xff, 0xff, 0xff, 0xff, 0xff, 0xff, 0xff, 0xff,
    0xff, 0xff, 0xff, 0xff, 0xff, 0xff, 0xff, 0xff, 0xff, 0xff, 0xff, 0xff,
    0xff, 0xff, 0xff, 0xff, 0xff, 0xff, 0xff, 0xff, 0xff, 0xff, 0xff, 0xff,
    0xff, 0xff, 0xff, 0xff, 0xff, 0xff, 0xff, 0xff, 0xff, 0xff, 0xff, 0xff,
    0xff, 0xff, 0xff, 0xff, 0xff, 0xff, 0xff, 0xff, 0xff, 0xff, 0xff, 0xff,
    0xff, 0xff, 0xff, 0xff, 0xff, 0xff, 0xff, 0xff, 0xff, 0xff, 0xff, 0xff
};
