// 4.26.1 0x18c0ede3 D2 R0 FRGB565 U565 N0 SExtFlashSection
// Generated by imageconverter. Please, do not edit!

#include <touchgfx/hal/Config.hpp>

LOCATION_PRAGMA("ExtFlashSection")
KEEP extern const unsigned char image_oil[] LOCATION_ATTRIBUTE("ExtFlashSection") = { // 90x90 RGB565 pixels.
    0xbf, 0xff, 0xbf, 0xff, 0xbe, 0xf7, 0xbf, 0xff, 0xbf, 0xff, 0xbe, 0xf7,
    0xbf, 0xff, 0xbf, 0xff, 0xbe, 0xf7, 0xbf, 0xff, 0xbf, 0xff, 0xbe, 0xf7,
    0xbf, 0xff, 0xbf, 0xff, 0xbe, 0xf7, 0xbf, 0xff, 0xbf, 0xff, 0xbe, 0xf7,
    0xbf, 0xff, 0xbf, 0xff, 0xbe, 0xf7, 0xbf, 0xff, 0xbf, 0xff, 0xbe, 0xf7,
    0xbf, 0xff, 0xbf, 0xff, 0xbe, 0xf7, 0xbf, 0xff, 0xbf, 0xff, 0xbe, 0xf7,
    0xbf, 0xff, 0xbf, 0xff, 0xbe, 0xf7, 0xbf, 0xff, 0xbf, 0xff, 0xbe, 0xf7,
    0xbf, 0xff, 0xbf, 0xff, 0xbe, 0xf7, 0xbf, 0xff, 0xbf, 0xff, 0xbe, 0xf7,
    0xbf, 0xff, 0xbf, 0xff, 0xbe, 0xf7, 0xbf, 0xff, 0xbf, 0xff, 0xbe, 0xf7,
    0xbf, 0xff, 0xbf, 0xff, 0xbe, 0xf7, 0xbf, 0xff, 0xbf, 0xff, 0xbe, 0xf7,
    0xbf, 0xff, 0xbf, 0xff, 0xbe, 0xf7, 0xbf, 0xff, 0xbf, 0xff, 0xbe, 0xf7,
    0xbf, 0xff, 0xbf, 0xff, 0xbe, 0xf7, 0xbf, 0xff, 0xbf, 0xff, 0xbe, 0xf7,
    0xbf, 0xff, 0xbf, 0xff, 0xbe, 0xf7, 0xbf, 0xff, 0xbf, 0xff, 0xbe, 0xf7,
    0xbf, 0xff, 0xbf, 0xff, 0xbe, 0xf7, 0xbf, 0xff, 0xbf, 0xff, 0xbe, 0xf7,
    0xbf, 0xff, 0xbf, 0xff, 0xbe, 0xf7, 0xbf, 0xff, 0xbf, 0xff, 0xbe, 0xf7,
    0xbf, 0xff, 0xbf, 0xff, 0xbe, 0xf7, 0xbf, 0xff, 0xbf, 0xff, 0xbe, 0xf7,
    0xbe, 0xf7, 0xbf, 0xff, 0xbf, 0xff, 0xbe, 0xf7, 0xbf, 0xff, 0xbf, 0xff,
    0xbe, 0xf7, 0xbf, 0xff, 0xbf, 0xff, 0xbe, 0xf7, 0xbf, 0xff, 0xbf, 0xff,
    0xbe, 0xf7, 0xbf, 0xff, 0xbf, 0xff, 0xbe, 0xf7, 0xbf, 0xff, 0xbf, 0xff,
    0xbe, 0xf7, 0xbf, 0xff, 0xbf, 0xff, 0xbe, 0xf7, 0xbf, 0xff, 0xbf, 0xff,
    0xbe, 0xf7, 0xbf, 0xff, 0xbf, 0xff, 0xbe, 0xf7, 0xbf, 0xff, 0xbf, 0xff,
    0xbe, 0xf7, 0xbf, 0xff, 0xbf, 0xff, 0xbe, 0xf7, 0xbf, 0xff, 0xbf, 0xff,
    0xbe, 0xf7, 0xbf, 0xff, 0xbf, 0xff, 0xbe, 0xf7, 0xbf, 0xff, 0xbf, 0xff,
    0xbe, 0xf7, 0xbf, 0xff, 0xbf, 0xff, 0xbe, 0xf7, 0xbf, 0xff, 0xbf, 0xff,
    0xbe, 0xf7, 0xbf, 0xff, 0xbf, 0xff, 0xbe, 0xf7, 0xbf, 0xff, 0xbf, 0xff,
    0xbe, 0xf7, 0xbf, 0xff, 0xbf, 0xff, 0xbe, 0xf7, 0xbf, 0xff, 0xbf, 0xff,
    0xbe, 0xf7, 0xbf, 0xff, 0xbf, 0xff, 0xbe, 0xf7, 0xbf, 0xff, 0xbf, 0xff,
    0xbe, 0xf7, 0xbf, 0xff, 0xbf, 0xff, 0xbe, 0xf7, 0xbf, 0xff, 0xbf, 0xff,
    0xbe, 0xf7, 0xbf, 0xff, 0xbf, 0xff, 0xbe, 0xf7, 0xbf, 0xff, 0xbf, 0xff,
    0xbe, 0xf7, 0xbf, 0xff, 0xbf, 0xff, 0xbe, 0xf7, 0xbf, 0xff, 0xbf, 0xff,
    0xbe, 0xf7, 0xbf, 0xff, 0xbf, 0xff, 0xbe, 0xf7, 0xbf, 0xff, 0xbf, 0xff,
    0xbf, 0xff, 0xbe, 0xf7, 0xdf, 0xff, 0xbe, 0xf7, 0xdf, 0xff, 0xbf, 0xff,
    0xde, 0xf7, 0xbf, 0xff, 0xdf, 0xff, 0xbe, 0xf7, 0xdf, 0xff, 0xbf, 0xff,
    0xde, 0xf7, 0xbf, 0xff, 0xdf, 0xff, 0xbe, 0xf7, 0xdf, 0xff, 0xbf, 0xff,
    0xde, 0xf7, 0xbf, 0xff, 0xdf, 0xff, 0xbe, 0xf7, 0xdf, 0xff, 0xbf, 0xff,
    0xde, 0xf7, 0xbf, 0xff, 0xdf, 0xff, 0xbe, 0xf7, 0xdf, 0xff, 0xbf, 0xff,
    0xde, 0xf7, 0xbf, 0xff, 0xdf, 0xff, 0xbe, 0xf7, 0xdf, 0xff, 0xbf, 0xff,
    0xde, 0xf7, 0xbf, 0xff, 0xdf, 0xff, 0xbe, 0xf7, 0xdf, 0xff, 0xbf, 0xff,
    0xde, 0xf7, 0xbf, 0xff, 0xdf, 0xff, 0xbe, 0xf7, 0xdf, 0xff, 0xbf, 0xff,
    0xde, 0xf7, 0xbf, 0xff, 0xdf, 0xff, 0xbe, 0xf7, 0xdf, 0xff, 0xbf, 0xff,
    0xde, 0xf7, 0xbf, 0xff, 0xdf, 0xff, 0xbe, 0xf7, 0xdf, 0xff, 0xbf, 0xff,
    0xde, 0xf7, 0xbf, 0xff, 0xdf, 0xff, 0xbe, 0xf7, 0xdf, 0xff, 0xbf, 0xff,
    0xde, 0xf7, 0xbf, 0xff, 0xdf, 0xff, 0xbe, 0xf7, 0xdf, 0xff, 0xbf, 0xff,
    0xde, 0xf7, 0xbf, 0xff, 0xdf, 0xff, 0xbe, 0xf7, 0xdf, 0xff, 0xbf, 0xff,
    0xde, 0xf7, 0xbf, 0xff, 0xdf, 0xff, 0xbe, 0xf7, 0xdf, 0xff, 0xbf, 0xff,
    0xde, 0xf7, 0xbf, 0xff, 0xdf, 0xff, 0xbe, 0xf7, 0xbf, 0xff, 0xbf, 0xff,
    0xbf, 0xff, 0xbf, 0xff, 0xbe, 0xf7, 0xbf, 0xff, 0xbe, 0xf7, 0xdf, 0xff,
    0xbe, 0xf7, 0xbf, 0xff, 0xbe, 0xf7, 0xdf, 0xff, 0xbe, 0xf7, 0xbf, 0xff,
    0xbe, 0xf7, 0xdf, 0xff, 0xbe, 0xf7, 0xbf, 0xff, 0xbe, 0xf7, 0xdf, 0xff,
    0xbe, 0xf7, 0xbf, 0xff, 0xbe, 0xf7, 0xdf, 0xff, 0xbe, 0xf7, 0xbf, 0xff,
    0xbe, 0xf7, 0xdf, 0xff, 0xbe, 0xf7, 0xbf, 0xff, 0xbe, 0xf7, 0xdf, 0xff,
    0xbe, 0xf7, 0xbf, 0xff, 0xbe, 0xf7, 0xdf, 0xff, 0xbe, 0xf7, 0xbf, 0xff,
    0xbe, 0xf7, 0xdf, 0xff, 0xbe, 0xf7, 0xbf, 0xff, 0xbe, 0xf7, 0xdf, 0xff,
    0xbe, 0xf7, 0xbf, 0xff, 0xbe, 0xf7, 0xdf, 0xff, 0xbe, 0xf7, 0xbf, 0xff,
    0xbe, 0xf7, 0xdf, 0xff, 0xbe, 0xf7, 0xbf, 0xff, 0xbe, 0xf7, 0xdf, 0xff,
    0xbe, 0xf7, 0xbf, 0xff, 0xbe, 0xf7, 0xdf, 0xff, 0xbe, 0xf7, 0xbf, 0xff,
    0xbe, 0xf7, 0xdf, 0xff, 0xbe, 0xf7, 0xbf, 0xff, 0xbe, 0xf7, 0xdf, 0xff,
    0xbe, 0xf7, 0xbf, 0xff, 0xbe, 0xf7, 0xdf, 0xff, 0xbe, 0xf7, 0xbf, 0xff,
    0xbe, 0xf7, 0xdf, 0xff, 0xbe, 0xf7, 0xbf, 0xff, 0xbe, 0xf7, 0xdf, 0xff,
    0xbe, 0xf7, 0xbf, 0xff, 0xbe, 0xf7, 0xdf, 0xff, 0xbe, 0xf7, 0xbf, 0xff,
    0xbe, 0xf7, 0xdf, 0xff, 0xbe, 0xf7, 0xbf, 0xff, 0xde, 0xf7, 0xbe, 0xf7,
    0xbe, 0xf7, 0xbf, 0xff, 0xdf, 0xff, 0xbe, 0xf7, 0xbf, 0xff, 0xbf, 0xff,
    0xbf, 0xff, 0xbe, 0xf7, 0xbf, 0xff, 0xbf, 0xff, 0xbe, 0xf7, 0xbf, 0xff,
    0xbf, 0xff, 0xbe, 0xf7, 0xbf, 0xff, 0xbf, 0xff, 0xbe, 0xf7, 0xbf, 0xff,
    0xbf, 0xff, 0xbe, 0xf7, 0xbf, 0xff, 0xbf, 0xff, 0xbe, 0xf7, 0xbf, 0xff,
    0xbf, 0xff, 0xbe, 0xf7, 0xbf, 0xff, 0xbf, 0xff, 0xbe, 0xf7, 0xbf, 0xff,
    0xbf, 0xff, 0xbe, 0xf7, 0xbf, 0xff, 0xbf, 0xff, 0xbe, 0xf7, 0xbf, 0xff,
    0xbf, 0xff, 0xbe, 0xf7, 0xbf, 0xff, 0xbf, 0xff, 0xbe, 0xf7, 0xbf, 0xff,
    0xbf, 0xff, 0xbe, 0xf7, 0xbf, 0xff, 0xbf, 0xff, 0xbe, 0xf7, 0xbf, 0xff,
    0xbf, 0xff, 0xbe, 0xf7, 0xbf, 0xff, 0xbf, 0xff, 0xbe, 0xf7, 0xbf, 0xff,
    0xbf, 0xff, 0xbe, 0xf7, 0xbf, 0xff, 0xbf, 0xff, 0xbe, 0xf7, 0xbf, 0xff,
    0xbf, 0xff, 0xbe, 0xf7, 0xbf, 0xff, 0xbf, 0xff, 0xbe, 0xf7, 0xbf, 0xff,
    0xbf, 0xff, 0xbe, 0xf7, 0xbf, 0xff, 0xbf, 0xff, 0xbe, 0xf7, 0xbf, 0xff,
    0xbf, 0xff, 0xbe, 0xf7, 0xbf, 0xff, 0xbf, 0xff, 0xbe, 0xf7, 0xbf, 0xff,
    0xbf, 0xff, 0xbe, 0xf7, 0xbf, 0xff, 0xbf, 0xff, 0xbe, 0xf7, 0xbf, 0xff,
    0xbf, 0xff, 0xbe, 0xf7, 0xbf, 0xff, 0xbf, 0xff, 0xdf, 0xff, 0xbf, 0xff,
    0xbf, 0xff, 0xbe, 0xf7, 0xdf, 0xff, 0xbf, 0xff, 0xbe, 0xf7, 0xdf, 0xff,
    0xbe, 0xf7, 0xdf, 0xff, 0xbf, 0xff, 0xbe, 0xf7, 0xdf, 0xff, 0xdf, 0xff,
    0xbe, 0xf7, 0xbf, 0xff, 0xdf, 0xff, 0xde, 0xf7, 0xbf, 0xff, 0xbf, 0xff,
    0xde, 0xf7, 0xdf, 0xff, 0xbf, 0xff, 0xbe, 0xf7, 0xdf, 0xff, 0xdf, 0xff,
    0xbe, 0xf7, 0xbf, 0xff, 0xdf, 0xff, 0xde, 0xf7, 0xbf, 0xff, 0xbf, 0xff,
    0xde, 0xf7, 0xdf, 0xff, 0xbf, 0xff, 0xbe, 0xf7, 0xdf, 0xff, 0xdf, 0xff,
    0xbe, 0xf7, 0xbf, 0xff, 0xdf, 0xff, 0xde, 0xf7, 0xbf, 0xff, 0xbf, 0xff,
    0xde, 0xf7, 0xdf, 0xff, 0xbf, 0xff, 0xbe, 0xf7, 0xdf, 0xff, 0xdf, 0xff,
    0xbe, 0xf7, 0xbf, 0xff, 0xdf, 0xff, 0xde, 0xf7, 0xbf, 0xff, 0xbf, 0xff,
    0xde, 0xf7, 0xdf, 0xff, 0xbf, 0xff, 0xbe, 0xf7, 0xdf, 0xff, 0xdf, 0xff,
    0xbe, 0xf7, 0xbf, 0xff, 0xdf, 0xff, 0xde, 0xf7, 0xbf, 0xff, 0xbf, 0xff,
    0xde, 0xf7, 0xdf, 0xff, 0xbf, 0xff, 0xbe, 0xf7, 0xdf, 0xff, 0xdf, 0xff,
    0xbe, 0xf7, 0xbf, 0xff, 0xdf, 0xff, 0xde, 0xf7, 0xbf, 0xff, 0xbf, 0xff,
    0xde, 0xf7, 0xdf, 0xff, 0xbf, 0xff, 0xbe, 0xf7, 0xdf, 0xff, 0xdf, 0xff,
    0xbe, 0xf7, 0xbf, 0xff, 0xdf, 0xff, 0xbe, 0xf7, 0xbe, 0xf7, 0xbf, 0xff,
    0xbf, 0xff, 0xbe, 0xf7, 0xbf, 0xff, 0xbf, 0xff, 0xde, 0xf7, 0xbf, 0xff,
    0xbf, 0xff, 0xde, 0xf7, 0xbf, 0xff, 0xbe, 0xf7, 0xbf, 0xff, 0xbe, 0xf7,
    0xdf, 0xff, 0xbf, 0xff, 0xbe, 0xf7, 0xbf, 0xff, 0xbf, 0xff, 0xbe, 0xf7,
    0xbf, 0xff, 0xbf, 0xff, 0xde, 0xf7, 0xbf, 0xff, 0xbf, 0xff, 0xbe, 0xf7,
    0xbf, 0xff, 0xbf, 0xff, 0xbe, 0xf7, 0xbf, 0xff, 0xdf, 0xff, 0xbe, 0xf7,
    0xbf, 0xff, 0xbf, 0xff, 0xbe, 0xf7, 0xbf, 0xff, 0xbf, 0xff, 0xbe, 0xf7,
    0xdf, 0xff, 0xbf, 0xff, 0xbe, 0xf7, 0xbf, 0xff, 0xbf, 0xff, 0xbe, 0xf7,
    0xbe, 0xf7, 0xbe, 0xff, 0xbf, 0xf7, 0xbe, 0xff, 0xbf, 0xff, 0xbf, 0xf7,
    0xbe, 0xff, 0xdf, 0xff, 0xbe, 0xf7, 0xbf, 0xff, 0xbf, 0xff, 0xbe, 0xf7,
    0xbf, 0xff, 0xbf, 0xff, 0xde, 0xf7, 0xbf, 0xff, 0xbf, 0xff, 0xbe, 0xf7,
    0xbf, 0xff, 0xbf, 0xff, 0xbe, 0xf7, 0xbf, 0xff, 0xdf, 0xff, 0xbe, 0xf7,
    0xbf, 0xff, 0xbf, 0xff, 0xbe, 0xf7, 0xbf, 0xff, 0xbf, 0xff, 0xbe, 0xf7,
    0xdf, 0xff, 0xbf, 0xff, 0xbe, 0xf7, 0xbf, 0xff, 0xbf, 0xff, 0xbe, 0xf7,
    0xbf, 0xff, 0xbf, 0xff, 0xde, 0xf7, 0xbf, 0xff, 0xbf, 0xff, 0xbe, 0xf7,
    0xbf, 0xff, 0xde, 0xf7, 0xbe, 0xf7, 0x9e, 0xf7, 0xbe, 0xf7, 0xbf, 0xff,
    0xbf, 0xff, 0xde, 0xf7, 0xbf, 0xff, 0xbe, 0xf7, 0xbf, 0xff, 0xbf, 0xff,
    0xbe, 0xf7, 0xbf, 0xff, 0xdf, 0xff, 0xbf, 0xff, 0xbe, 0xf7, 0xbf, 0xff,
    0xbf, 0xff, 0xbe, 0xf7, 0xbe, 0xf7, 0xdf, 0xff, 0xbe, 0xf7, 0xdf, 0xff,
    0xbe, 0xf7, 0xbf, 0xff, 0xbe, 0xf7, 0xbf, 0xff, 0xbe, 0xf7, 0xde, 0xf7,
    0xbf, 0xff, 0xde, 0xf7, 0xbf, 0xff, 0xbe, 0xf7, 0xbf, 0xff, 0xbe, 0xf7,
    0xbf, 0xff, 0xde, 0xf7, 0xbe, 0xf7, 0xdf, 0xff, 0xbe, 0xf7, 0xbf, 0xff,
    0xbe, 0xf7, 0xbf, 0xff, 0xdf, 0xff, 0xdf, 0xff, 0xbe, 0xf7, 0x9e, 0xf7,
    0x7e, 0xef, 0x9e, 0xf7, 0xbe, 0xf7, 0xbe, 0xf7, 0xbe, 0xf7, 0xbe, 0xf7,
    0xbf, 0xf7, 0xbf, 0xff, 0xdf, 0xff, 0xdf, 0xff, 0xbe, 0xff, 0xde, 0xf7,
    0xbf, 0xff, 0xbe, 0xf7, 0xbf, 0xf7, 0xbe, 0xff, 0xbf, 0xf7, 0xde, 0xff,
    0xbf, 0xf7, 0xde, 0xff, 0xbe, 0xf7, 0xbf, 0xff, 0xbe, 0xf7, 0xbf, 0xf7,
    0xbe, 0xff, 0xdf, 0xf7, 0xbe, 0xff, 0xdf, 0xf7, 0xbe, 0xff, 0xbe, 0xf7,
    0xbf, 0xff, 0xbe, 0xf7, 0xbf, 0xf7, 0xde, 0xff, 0xbf, 0xf7, 0xde, 0xff,
    0xbf, 0xf7, 0xbe, 0xff, 0xbe, 0xf7, 0xbf, 0xff, 0xbe, 0xf7, 0xbf, 0xff,
    0xdf, 0xff, 0xbe, 0xf7, 0x9e, 0xf7, 0x9e, 0xf7, 0xbe, 0xf7, 0xbf, 0xff,
    0xbf, 0xff, 0xbf, 0xff, 0xde, 0xf7, 0xbf, 0xff, 0xde, 0xf7, 0xbf, 0xff,
    0xbe, 0xf7, 0xbe, 0xf7, 0xbf, 0xff, 0xde, 0xf7, 0xbf, 0xff, 0xdf, 0xff,
    0xbe, 0xf7, 0xbf, 0xff, 0xdf, 0xff, 0xbf, 0xff, 0xbe, 0xf7, 0xdf, 0xff,
    0xbf, 0xff, 0xbe, 0xf7, 0xdf, 0xff, 0xbf, 0xff, 0xbf, 0xff, 0xdf, 0xff,
    0xbe, 0xf7, 0xbf, 0xff, 0xdf, 0xff, 0xbe, 0xf7, 0xbf, 0xff, 0xdf, 0xff,
    0xbe, 0xf7, 0xbf, 0xff, 0xdf, 0xff, 0xbf, 0xff, 0xdf, 0xff, 0xbe, 0xff,
    0xbe, 0xf7, 0x7e, 0xef, 0x5d, 0xdf, 0x1c, 0xcf, 0xbb, 0xbe, 0x9a, 0xae,
    0x9b, 0xae, 0x9b, 0xa6, 0x9a, 0xa6, 0x9b, 0xa6, 0x9b, 0xa6, 0x9b, 0xae,
    0xbb, 0xb6, 0xfc, 0xbe, 0x1c, 0xcf, 0x3d, 0xdf, 0x9e, 0xef, 0xbe, 0xf7,
    0xbf, 0xff, 0xdf, 0xff, 0xbe, 0xff, 0xbf, 0xff, 0xdf, 0xff, 0xbf, 0xf7,
    0xbe, 0xff, 0xdf, 0xff, 0xbf, 0xf7, 0xbf, 0xff, 0xdf, 0xff, 0xbe, 0xff,
    0xbf, 0xff, 0xdf, 0xf7, 0xbe, 0xff, 0xbf, 0xff, 0xdf, 0xf7, 0xbf, 0xff,
    0xbf, 0xff, 0xde, 0xff, 0xbf, 0xff, 0xbf, 0xf7, 0xde, 0xff, 0xbf, 0xff,
    0xbf, 0xf7, 0xdf, 0xff, 0xbf, 0xff, 0xdf, 0xf7, 0xbe, 0xff, 0xbf, 0xff,
    0xbe, 0xf7, 0x9e, 0xf7, 0x7e, 0xf7, 0xbe, 0xf7, 0xbf, 0xff, 0xbf, 0xff,
    0xbe, 0xf7, 0xbf, 0xff, 0xbf, 0xff, 0xbe, 0xf7, 0xbf, 0xff, 0xdf, 0xff,
    0xdf, 0xff, 0xbf, 0xff, 0xbe, 0xf7, 0xbf, 0xff, 0xbf, 0xff, 0xde, 0xf7,
    0xbf, 0xff, 0xbf, 0xff, 0xde, 0xf7, 0xbf, 0xff, 0xbf, 0xff, 0xbe, 0xf7,
    0xbf, 0xff, 0xdf, 0xff, 0xbe, 0xf7, 0xbe, 0xf7, 0xbf, 0xff, 0xbf, 0xff,
    0xbe, 0xf7, 0xbf, 0xff, 0xbf, 0xff, 0xde, 0xf7, 0xbf, 0xff, 0xbf, 0xff,
    0xbe, 0xf7, 0xdf, 0xff, 0xbf, 0xff, 0x9e, 0xef, 0x5d, 0xdf, 0xfc, 0xc6,
    0x9b, 0xa6, 0x7a, 0x96, 0x39, 0x8e, 0x19, 0x8e, 0x19, 0x86, 0x19, 0x8e,
    0x39, 0x8e, 0x3a, 0x8e, 0x3a, 0x8e, 0x3a, 0x8e, 0x3a, 0x8e, 0x39, 0x8e,
    0x39, 0x8e, 0x39, 0x8e, 0x39, 0x8e, 0x3a, 0x8e, 0x7a, 0x96, 0x9b, 0xae,
    0xfc, 0xc6, 0x5d, 0xdf, 0x9e, 0xef, 0xbf, 0xff, 0xdf, 0xff, 0xbe, 0xf7,
    0xbf, 0xff, 0xbf, 0xff, 0xbe, 0xf7, 0xdf, 0xff, 0xbe, 0xff, 0xbf, 0xf7,
    0xbf, 0xff, 0xbe, 0xff, 0xbf, 0xf7, 0xbf, 0xff, 0xbe, 0xff, 0xdf, 0xf7,
    0xbf, 0xf7, 0xbe, 0xff, 0xbf, 0xff, 0xbf, 0xf7, 0xbe, 0xff, 0xbf, 0xff,
    0xbe, 0xf7, 0xbe, 0xff, 0xdf, 0xff, 0xbf, 0xf7, 0xbe, 0xff, 0xbe, 0xf7,
    0x9e, 0xf7, 0x9e, 0xf7, 0xbe, 0xf7, 0xbf, 0xff, 0xbf, 0xff, 0xbe, 0xf7,
    0xbf, 0xff, 0xbe, 0xf7, 0xdf, 0xff, 0xbf, 0xff, 0xbe, 0xf7, 0xbf, 0xff,
    0xbf, 0xff, 0xde, 0xf7, 0xbf, 0xff, 0xbf, 0xff, 0xde, 0xf7, 0xbe, 0xf7,
    0xbf, 0xff, 0xbe, 0xf7, 0xbe, 0xf7, 0xbf, 0xff, 0xdf, 0xff, 0xbe, 0xf7,
    0xbf, 0xff, 0xbf, 0xff, 0xde, 0xf7, 0xbf, 0xff, 0xdf, 0xff, 0xbe, 0xf7,
    0xdf, 0xff, 0xbf, 0xff, 0xbe, 0xf7, 0xbf, 0xff, 0xdf, 0xff, 0xdf, 0xff,
    0xbe, 0xf7, 0x7d, 0xe7, 0xfc, 0xc6, 0x9a, 0xa6, 0x5a, 0x8e, 0x39, 0x8e,
    0x39, 0x8e, 0x3a, 0x8e, 0x19, 0x8e, 0x19, 0x8e, 0x19, 0x8e, 0x3a, 0x8e,
    0x3a, 0x8e, 0x39, 0x8e, 0x39, 0x8e, 0x3a, 0x8e, 0x39, 0x8e, 0x3a, 0x8e,
    0x3a, 0x8e, 0x3a, 0x8e, 0x3a, 0x8e, 0x39, 0x8e, 0x3a, 0x8e, 0x3a, 0x8e,
    0x39, 0x8e, 0x5a, 0x8e, 0x9a, 0xa6, 0xfc, 0xc6, 0x7d, 0xe7, 0xbe, 0xf7,
    0xdf, 0xff, 0xbf, 0xff, 0xbe, 0xf7, 0xbf, 0xff, 0xdf, 0xf7, 0xbe, 0xf7,
    0xdf, 0xff, 0xbe, 0xff, 0xdf, 0xf7, 0xbe, 0xff, 0xbe, 0xff, 0xbf, 0xf7,
    0xde, 0xff, 0xbf, 0xff, 0xdf, 0xf7, 0xbe, 0xff, 0xdf, 0xff, 0xbf, 0xf7,
    0xbe, 0xff, 0xbf, 0xf7, 0xbf, 0xff, 0xbe, 0xff, 0xbf, 0xf7, 0xbe, 0xf7,
    0x9e, 0xf7, 0x9e, 0xf7, 0xbf, 0xff, 0xbf, 0xff, 0xbe, 0xf7, 0xbf, 0xff,
    0xbf, 0xff, 0xbe, 0xf7, 0xdf, 0xff, 0xbf, 0xff, 0xbe, 0xf7, 0xbe, 0xf7,
    0xbf, 0xff, 0xbe, 0xf7, 0xdf, 0xff, 0xbf, 0xff, 0xbe, 0xf7, 0xbf, 0xff,
    0xdf, 0xff, 0xbf, 0xff, 0xbf, 0xff, 0xde, 0xf7, 0xbf, 0xff, 0xbe, 0xf7,
    0xbf, 0xff, 0xdf, 0xff, 0xbe, 0xf7, 0xbf, 0xff, 0xbf, 0xff, 0xbe, 0xf7,
    0xdf, 0xff, 0xbe, 0xf7, 0xbf, 0xff, 0xdf, 0xff, 0xbe, 0xf7, 0x5d, 0xdf,
    0xbb, 0xb6, 0x5a, 0x96, 0x3a, 0x8e, 0x3a, 0x8e, 0x39, 0x8e, 0x3a, 0x8e,
    0x39, 0x8e, 0x39, 0x8e, 0x19, 0x8e, 0x19, 0x8e, 0x39, 0x8e, 0x3a, 0x8e,
    0x3a, 0x8e, 0x3a, 0x8e, 0x39, 0x8e, 0x3a, 0x8e, 0x3a, 0x8e, 0x39, 0x8e,
    0x5a, 0x8e, 0x3a, 0x8e, 0x39, 0x8e, 0x5a, 0x8e, 0x3a, 0x8e, 0x39, 0x8e,
    0x3a, 0x8e, 0x3a, 0x8e, 0x3a, 0x8e, 0x39, 0x8e, 0x5a, 0x96, 0xdb, 0xb6,
    0x5d, 0xdf, 0xbe, 0xf7, 0xdf, 0xff, 0xbf, 0xff, 0xbe, 0xff, 0xbf, 0xf7,
    0xbf, 0xff, 0xdf, 0xf7, 0xbe, 0xff, 0xbf, 0xf7, 0xdf, 0xff, 0xbf, 0xff,
    0xbe, 0xf7, 0xbf, 0xff, 0xbe, 0xf7, 0xdf, 0xff, 0xbf, 0xf7, 0xde, 0xff,
    0xbf, 0xff, 0xdf, 0xf7, 0xbe, 0xff, 0xbe, 0xf7, 0x9e, 0xf7, 0x9e, 0xf7,
    0x9e, 0xf7, 0xbe, 0xf7, 0xbf, 0xff, 0xbf, 0xff, 0xde, 0xf7, 0xbf, 0xff,
    0xbf, 0xff, 0xbe, 0xf7, 0xbf, 0xff, 0xdf, 0xff, 0xbe, 0xf7, 0xdf, 0xff,
    0xbf, 0xff, 0xbe, 0xf7, 0xbf, 0xff, 0xdf, 0xff, 0xbe, 0xf7, 0xbf, 0xff,
    0xdf, 0xff, 0xbe, 0xf7, 0xbf, 0xff, 0xbf, 0xff, 0xbe, 0xf7, 0xdf, 0xff,
    0xbe, 0xf7, 0xbf, 0xff, 0xbf, 0xff, 0xbe, 0xf7, 0xbf, 0xff, 0xbf, 0xff,
    0xbe, 0xf7, 0xbf, 0xff, 0xbe, 0xf7, 0x7d, 0xe7, 0xbb, 0xb6, 0x5a, 0x96,
    0x3a, 0x8e, 0x3a, 0x8e, 0x39, 0x8e, 0x3a, 0x8e, 0x3a, 0x8e, 0x39, 0x8e,
    0x39, 0x8e, 0x19, 0x8e, 0x3a, 0x8e, 0x3a, 0x8e, 0x3a, 0x8e, 0x59, 0x8e,
    0x3a, 0x8e, 0x5a, 0x8e, 0x59, 0x8e, 0x3a, 0x8e, 0x3a, 0x8e, 0x59, 0x8e,
    0x39, 0x8e, 0x3a, 0x8e, 0x59, 0x8e, 0x3a, 0x8e, 0x39, 0x8e, 0x59, 0x8e,
    0x3a, 0x8e, 0x3a, 0x8e, 0x39, 0x8e, 0x3a, 0x8e, 0x3a, 0x8e, 0x3a, 0x8e,
    0x5a, 0x96, 0xdb, 0xbe, 0x7d, 0xe7, 0xbf, 0xff, 0xbe, 0xff, 0xdf, 0xff,
    0xbe, 0xf7, 0xbf, 0xff, 0xbf, 0xff, 0xbe, 0xf7, 0xbf, 0xff, 0xdf, 0xff,
    0xbe, 0xf7, 0xbf, 0xff, 0xbf, 0xff, 0xbe, 0xf7, 0xbf, 0xff, 0xbe, 0xff,
    0xbf, 0xf7, 0xdf, 0xff, 0xbe, 0xf7, 0x9e, 0xf7, 0x9e, 0xf7, 0xbf, 0xff,
    0xbf, 0xf7, 0xbf, 0xff, 0xbe, 0xff, 0xbf, 0xf7, 0xbf, 0xff, 0xbe, 0xff,
    0xbf, 0xff, 0xbe, 0xf7, 0xbf, 0xff, 0xbf, 0xff, 0xbe, 0xf7, 0xdf, 0xff,
    0xbf, 0xff, 0xbe, 0xf7, 0xbf, 0xff, 0xbe, 0xf7, 0xbf, 0xff, 0xbf, 0xff,
    0xbe, 0xf7, 0xde, 0xf7, 0xbf, 0xff, 0xbf, 0xff, 0xde, 0xf7, 0xbf, 0xff,
    0xbf, 0xff, 0xde, 0xf7, 0xbf, 0xff, 0xde, 0xf7, 0xdf, 0xff, 0xbf, 0xff,
    0xdf, 0xff, 0x9e, 0xf7, 0xfc, 0xc6, 0x5a, 0x96, 0x3a, 0x8e, 0x3a, 0x8e,
    0x39, 0x8e, 0x3a, 0x8e, 0x59, 0x8e, 0x3a, 0x8e, 0x3a, 0x8e, 0x39, 0x8e,
    0x19, 0x8e, 0x39, 0x8e, 0x3a, 0x8e, 0x3a, 0x8e, 0x39, 0x8e, 0x39, 0x8e,
    0x3a, 0x8e, 0x39, 0x8e, 0x3a, 0x8e, 0x3a, 0x8e, 0x59, 0x8e, 0x3a, 0x8e,
    0x3a, 0x8e, 0x3a, 0x8e, 0x3a, 0x8e, 0x3a, 0x8e, 0x3a, 0x8e, 0x39, 0x8e,
    0x5a, 0x8e, 0x39, 0x8e, 0x5a, 0x8e, 0x3a, 0x8e, 0x39, 0x8e, 0x3a, 0x8e,
    0x5a, 0x8e, 0x5a, 0x8e, 0x5a, 0x9e, 0xfc, 0xc6, 0xbe, 0xef, 0xdf, 0xff,
    0xbe, 0xff, 0xbf, 0xf7, 0xdf, 0xff, 0xbe, 0xff, 0xbf, 0xf7, 0xbe, 0xff,
    0xdf, 0xff, 0xbf, 0xf7, 0xde, 0xff, 0xbf, 0xff, 0xbf, 0xf7, 0xbe, 0xff,
    0xbf, 0xff, 0xbf, 0xff, 0xbe, 0xf7, 0x9e, 0xf7, 0xbe, 0xf7, 0xbf, 0xff,
    0xbf, 0xff, 0xbe, 0xf7, 0xdf, 0xff, 0xbe, 0xf7, 0xbf, 0xff, 0xbf, 0xf7,
    0xbf, 0xff, 0xde, 0xf7, 0xbf, 0xff, 0xbe, 0xf7, 0xbf, 0xff, 0xbf, 0xff,
    0xde, 0xf7, 0xbf, 0xff, 0xdf, 0xff, 0xbe, 0xf7, 0xdf, 0xff, 0xbf, 0xff,
    0xbe, 0xf7, 0xbf, 0xff, 0xdf, 0xff, 0xbe, 0xf7, 0xbf, 0xff, 0xbf, 0xff,
    0xbe, 0xf7, 0xbf, 0xff, 0xbf, 0xff, 0xbe, 0xf7, 0xbe, 0xf7, 0xbf, 0xff,
    0x7d, 0xdf, 0x9b, 0xae, 0x3a, 0x8e, 0x5a, 0x8e, 0x39, 0x8e, 0x3a, 0x8e,
    0x59, 0x8e, 0x3a, 0x8e, 0x3a, 0x8e, 0x59, 0x8e, 0x3a, 0x8e, 0x3a, 0x8e,
    0x3a, 0x8e, 0x39, 0x8e, 0x3a, 0x8e, 0x3a, 0x8e, 0x59, 0x8e, 0x3a, 0x8e,
    0x3a, 0x8e, 0x59, 0x8e, 0x3a, 0x8e, 0x3a, 0x8e, 0x39, 0x96, 0x3a, 0x8e,
    0x5a, 0x8e, 0x39, 0x96, 0x59, 0x8e, 0x3a, 0x8e, 0x3a, 0x8e, 0x5a, 0x8e,
    0x39, 0x8e, 0x3a, 0x8e, 0x3a, 0x8e, 0x59, 0x8e, 0x3a, 0x8e, 0x39, 0x8e,
    0x5a, 0x8e, 0x3a, 0x96, 0x3a, 0x8e, 0x3a, 0x8e, 0x9b, 0xae, 0x7d, 0xe7,
    0xbf, 0xff, 0xbe, 0xf7, 0xbf, 0xff, 0xdf, 0xff, 0xbe, 0xf7, 0xbf, 0xf7,
    0xbf, 0xff, 0xbe, 0xf7, 0xbe, 0xff, 0xdf, 0xff, 0xdf, 0xf7, 0xbe, 0xf7,
    0xdf, 0xff, 0xbf, 0xff, 0xbf, 0xff, 0xbe, 0xf7, 0xbf, 0xff, 0xbf, 0xff,
    0xbe, 0xf7, 0xdf, 0xff, 0xbf, 0xff, 0xbe, 0xff, 0xdf, 0xf7, 0xbf, 0xff,
    0xbf, 0xff, 0xbf, 0xff, 0xde, 0xf7, 0xdf, 0xff, 0xbf, 0xff, 0xbe, 0xf7,
    0xbf, 0xff, 0xbf, 0xff, 0xbe, 0xf7, 0xdf, 0xff, 0xbe, 0xf7, 0xbf, 0xff,
    0xdf, 0xff, 0xbe, 0xf7, 0xbf, 0xff, 0xbe, 0xf7, 0xdf, 0xff, 0xbf, 0xff,
    0xde, 0xf7, 0xbf, 0xff, 0xbf, 0xff, 0xdf, 0xff, 0xbe, 0xf7, 0x1c, 0xcf,
    0x7a, 0x9e, 0x3a, 0x8e, 0x39, 0x8e, 0x59, 0x8e, 0x3a, 0x8e, 0x3a, 0x8e,
    0x59, 0x8e, 0x3a, 0x8e, 0x3a, 0x8e, 0x39, 0x8e, 0x5a, 0x8e, 0x3a, 0x8e,
    0x39, 0x8e, 0x3a, 0x8e, 0x5a, 0x8e, 0x39, 0x8e, 0x3a, 0x8e, 0x5a, 0x8e,
    0x3a, 0x8e, 0x39, 0x8e, 0x5a, 0x8e, 0x39, 0x8e, 0x3a, 0x8e, 0x59, 0x8e,
    0x3a, 0x8e, 0x39, 0x8e, 0x3a, 0x8e, 0x59, 0x8e, 0x39, 0x96, 0x3a, 0x8e,
    0x3a, 0x8e, 0x39, 0x96, 0x3a, 0x8e, 0x5a, 0x8e, 0x39, 0x8e, 0x3a, 0x8e,
    0x39, 0x8e, 0x39, 0x8e, 0x5a, 0x8e, 0x39, 0x8e, 0x39, 0x8e, 0x7a, 0x9e,
    0x3d, 0xcf, 0xbe, 0xf7, 0xbf, 0xff, 0xbf, 0xff, 0xde, 0xff, 0xbf, 0xff,
    0xbf, 0xf7, 0xde, 0xff, 0xbf, 0xff, 0xbf, 0xf7, 0xbe, 0xff, 0xbf, 0xff,
    0xbe, 0xf7, 0xde, 0xf7, 0xbf, 0xff, 0xbf, 0xff, 0xbe, 0xf7, 0xdf, 0xff,
    0xbe, 0xff, 0xbf, 0xf7, 0xbf, 0xff, 0xbe, 0xf7, 0xde, 0xff, 0xbf, 0xff,
    0xbe, 0xf7, 0xbf, 0xff, 0xbf, 0xff, 0xbe, 0xf7, 0xdf, 0xff, 0xbe, 0xf7,
    0xbf, 0xff, 0xde, 0xf7, 0xbf, 0xff, 0xbf, 0xff, 0xbe, 0xf7, 0xbf, 0xff,
    0xbf, 0xff, 0xde, 0xf7, 0xbf, 0xff, 0xbf, 0xff, 0xbe, 0xf7, 0xdf, 0xff,
    0xbe, 0xf7, 0xbe, 0xf7, 0xdf, 0xff, 0xbe, 0xf7, 0xfc, 0xc6, 0x5a, 0x96,
    0x3a, 0x8e, 0x3a, 0x8e, 0x39, 0x8e, 0x3a, 0x8e, 0x3a, 0x8e, 0x39, 0x8e,
    0x3a, 0x8e, 0x39, 0x8e, 0x3a, 0x8e, 0x39, 0x8e, 0x3a, 0x8e, 0x59, 0x8e,
    0x3a, 0x8e, 0x3a, 0x8e, 0x59, 0x8e, 0x3a, 0x8e, 0x39, 0x8e, 0x3a, 0x8e,
    0x39, 0x8e, 0x3a, 0x96, 0x5a, 0x8e, 0x39, 0x8e, 0x3a, 0x8e, 0x3a, 0x8e,
    0x39, 0x8e, 0x3a, 0x8e, 0x3a, 0x8e, 0x5a, 0x8e, 0x39, 0x8e, 0x3a, 0x8e,
    0x5a, 0x8e, 0x39, 0x8e, 0x3a, 0x8e, 0x3a, 0x8e, 0x59, 0x96, 0x3a, 0x8e,
    0x3a, 0x8e, 0x5a, 0x8e, 0x3a, 0x8e, 0x3a, 0x8e, 0x3a, 0x8e, 0x3a, 0x8e,
    0x5a, 0x96, 0xfc, 0xc6, 0xbe, 0xf7, 0xbe, 0xff, 0xbf, 0xf7, 0xde, 0xff,
    0xbf, 0xff, 0xbf, 0xf7, 0xbf, 0xff, 0xbe, 0xf7, 0xbf, 0xff, 0xbf, 0xff,
    0xbf, 0xff, 0xde, 0xf7, 0xbf, 0xff, 0xbf, 0xff, 0xde, 0xf7, 0xbf, 0xff,
    0xbf, 0xff, 0xde, 0xf7, 0xbf, 0xff, 0xbf, 0xff, 0xbe, 0xf7, 0xbf, 0xff,
    0xbf, 0xff, 0xbe, 0xf7, 0xbf, 0xff, 0xbf, 0xff, 0xbe, 0xf7, 0xdf, 0xff,
    0xbf, 0xff, 0xbe, 0xf7, 0xdf, 0xff, 0xbf, 0xff, 0xbe, 0xf7, 0xdf, 0xff,
    0xbe, 0xf7, 0xbf, 0xff, 0xdf, 0xff, 0xbe, 0xf7, 0xbf, 0xff, 0xbf, 0xff,
    0xbf, 0xff, 0xbf, 0xff, 0xbe, 0xf7, 0xdb, 0xbe, 0x3a, 0x8e, 0x3a, 0x8e,
    0x39, 0x8e, 0x5a, 0x8e, 0x3a, 0x8e, 0x3a, 0x8e, 0x59, 0x8e, 0x5a, 0x8e,
    0x3a, 0x8e, 0x5a, 0x96, 0x59, 0x8e, 0x3a, 0x8e, 0x3a, 0x96, 0x39, 0x8e,
    0x5a, 0x8e, 0x39, 0x8e, 0x3a, 0x8e, 0x3a, 0x8e, 0x59, 0x8e, 0x3a, 0x8e,
    0x3a, 0x8e, 0x59, 0x8e, 0x3a, 0x8e, 0x3a, 0x96, 0x59, 0x8e, 0x3a, 0x8e,
    0x5a, 0x96, 0x39, 0x8e, 0x3a, 0x8e, 0x3a, 0x96, 0x39, 0x8e, 0x5a, 0x8e,
    0x39, 0x8e, 0x3a, 0x8e, 0x59, 0x8e, 0x3a, 0x8e, 0x3a, 0x8e, 0x59, 0x8e,
    0x3a, 0x8e, 0x39, 0x8e, 0x39, 0x8e, 0x3a, 0x8e, 0x39, 0x8e, 0x39, 0x8e,
    0x3a, 0x8e, 0x5a, 0x8e, 0xdb, 0xbe, 0xbe, 0xf7, 0xbf, 0xff, 0xbf, 0xf7,
    0xbe, 0xff, 0xdf, 0xff, 0xbe, 0xf7, 0xdf, 0xff, 0xde, 0xf7, 0xbf, 0xff,
    0xbf, 0xff, 0xbe, 0xf7, 0xbf, 0xff, 0xbf, 0xf7, 0xbe, 0xff, 0xbf, 0xf7,
    0xbf, 0xff, 0xde, 0xf7, 0xbf, 0xff, 0xbf, 0xff, 0xdf, 0xf7, 0xbe, 0xf7,
    0xbf, 0xff, 0xde, 0xf7, 0xbf, 0xff, 0xbf, 0xff, 0xde, 0xf7, 0xbf, 0xff,
    0xbf, 0xff, 0xbe, 0xf7, 0xbf, 0xff, 0xbe, 0xf7, 0xdf, 0xff, 0xbf, 0xff,
    0xbe, 0xf7, 0xbf, 0xff, 0xbe, 0xf7, 0xdf, 0xff, 0xbe, 0xf7, 0xbe, 0xff,
    0xdf, 0xff, 0xbe, 0xf7, 0xdb, 0xb6, 0x3a, 0x8e, 0x3a, 0x8e, 0x39, 0x8e,
    0x39, 0x8e, 0x3a, 0x8e, 0x59, 0x8e, 0x39, 0x8e, 0x3a, 0x8e, 0x3a, 0x8e,
    0x39, 0x8e, 0x3a, 0x8e, 0x3a, 0x8e, 0x59, 0x8e, 0x3a, 0x8e, 0x3a, 0x8e,
    0x39, 0x8e, 0x3a, 0x96, 0x3a, 0x8e, 0x59, 0x8e, 0x3a, 0x96, 0x3a, 0x8e,
    0x59, 0x8e, 0x3a, 0x8e, 0x39, 0x8e, 0x3a, 0x8e, 0x39, 0x8e, 0x5a, 0x8e,
    0x3a, 0x8e, 0x39, 0x8e, 0x5a, 0x8e, 0x39, 0x8e, 0x3a, 0x8e, 0x3a, 0x8e,
    0x39, 0x96, 0x5a, 0x8e, 0x3a, 0x8e, 0x39, 0x96, 0x3a, 0x8e, 0x3a, 0x8e,
    0x39, 0x96, 0x5a, 0x8e, 0x3a, 0x8e, 0x59, 0x8e, 0x5a, 0x8e, 0x3a, 0x8e,
    0x39, 0x8e, 0x3a, 0x8e, 0x3a, 0x8e, 0xdb, 0xbe, 0xbe, 0xf7, 0xbf, 0xff,
    0xbe, 0xf7, 0xbf, 0xff, 0xbf, 0xff, 0xbe, 0xf7, 0xbf, 0xff, 0xde, 0xf7,
    0xbf, 0xff, 0xde, 0xff, 0xbf, 0xf7, 0xde, 0xff, 0xbf, 0xff, 0xbe, 0xf7,
    0xdf, 0xff, 0xbe, 0xff, 0xbe, 0xf7, 0xbf, 0xff, 0xbe, 0xff, 0xbf, 0xff,
    0xbf, 0xff, 0xbe, 0xf7, 0xdf, 0xff, 0xbe, 0xf7, 0xbf, 0xff, 0xbe, 0xf7,
    0xdf, 0xff, 0xbf, 0xff, 0xbe, 0xf7, 0xdf, 0xff, 0xbf, 0xff, 0xbe, 0xf7,
    0xdf, 0xff, 0xbf, 0xff, 0xbf, 0xff, 0xbf, 0xf7, 0xdf, 0xff, 0xbe, 0xf7,
    0xbe, 0xf7, 0xdc, 0xbe, 0x3a, 0x8e, 0x39, 0x8e, 0x3a, 0x8e, 0x3a, 0x8e,
    0x5a, 0x8e, 0x3a, 0x8e, 0x3a, 0x8e, 0x39, 0x8e, 0x3a, 0x96, 0x39, 0x96,
    0x59, 0x8e, 0x3a, 0x8e, 0x3a, 0x8e, 0x39, 0x8e, 0x5a, 0x8e, 0x3a, 0x8e,
    0x39, 0x8e, 0x5a, 0x8e, 0x39, 0x8e, 0x3a, 0x8e, 0x3a, 0x8e, 0x39, 0x8e,
    0x3a, 0x96, 0x3a, 0x8e, 0x59, 0x8e, 0x3a, 0x8e, 0x3a, 0x8e, 0x39, 0x8e,
    0x3a, 0x8e, 0x3a, 0x8e, 0x59, 0x8e, 0x3a, 0x8e, 0x5a, 0x8e, 0x39, 0x8e,
    0x3a, 0x8e, 0x3a, 0x8e, 0x39, 0x8e, 0x59, 0x8e, 0x3a, 0x8e, 0x3a, 0x8e,
    0x59, 0x8e, 0x3a, 0x8e, 0x3a, 0x8e, 0x39, 0x96, 0x3a, 0x8e, 0x3a, 0x8e,
    0x39, 0x8e, 0x3a, 0x8e, 0x3a, 0x8e, 0x3a, 0x8e, 0xdc, 0xbe, 0xbe, 0xf7,
    0xbf, 0xff, 0xdf, 0xf7, 0xbe, 0xff, 0xbf, 0xff, 0xbf, 0xff, 0xbf, 0xf7,
    0xbe, 0xff, 0xbf, 0xff, 0xdf, 0xf7, 0xbf, 0xff, 0xbe, 0xff, 0xdf, 0xf7,
    0xbf, 0xff, 0xbf, 0xff, 0xdf, 0xf7, 0xbe, 0xf7, 0xbf, 0xff, 0xdf, 0xff,
    0xbf, 0xff, 0xbf, 0xff, 0xbe, 0xf7, 0xbf, 0xff, 0xbf, 0xff, 0xde, 0xf7,
    0xbf, 0xff, 0xbe, 0xf7, 0x9e, 0xf7, 0xbe, 0xf7, 0xbf, 0xff, 0xbe, 0xf7,
    0xbf, 0xff, 0xde, 0xf7, 0xbe, 0xff, 0xbf, 0xff, 0xbf, 0xf7, 0xbe, 0xf7,
    0xfc, 0xc6, 0x5a, 0x8e, 0x3a, 0x8e, 0x39, 0x8e, 0x3a, 0x8e, 0x59, 0x8e,
    0x39, 0x8e, 0x3a, 0x8e, 0x5a, 0x8e, 0x3a, 0x8e, 0x5a, 0x96, 0x5a, 0x8e,
    0x3a, 0x8e, 0x39, 0x8e, 0x3a, 0x96, 0x39, 0x8e, 0x3a, 0x8e, 0x59, 0x96,
    0x3a, 0x8e, 0x3a, 0x8e, 0x59, 0x8e, 0x3a, 0x8e, 0x59, 0x8e, 0x39, 0x8e,
    0x3a, 0x8e, 0x5a, 0x8e, 0x39, 0x8e, 0x3a, 0x96, 0x5a, 0x8e, 0x39, 0x8e,
    0x3a, 0x96, 0x59, 0x8e, 0x3a, 0x8e, 0x3a, 0x96, 0x39, 0x8e, 0x39, 0x8e,
    0x39, 0x8e, 0x3a, 0x8e, 0x5a, 0x8e, 0x3a, 0x8e, 0x39, 0x8e, 0x5a, 0x8e,
    0x3a, 0x8e, 0x39, 0x8e, 0x3a, 0x8e, 0x3a, 0x8e, 0x59, 0x8e, 0x3a, 0x8e,
    0x59, 0x8e, 0x59, 0x8e, 0x3a, 0x8e, 0x39, 0x8e, 0x5a, 0x8e, 0xfc, 0xc6,
    0xbe, 0xff, 0xdf, 0xf7, 0xbe, 0xf7, 0xdf, 0xff, 0xde, 0xf7, 0xbf, 0xff,
    0xbf, 0xf7, 0xbe, 0xff, 0xbf, 0xf7, 0xbe, 0xff, 0xbf, 0xff, 0xbf, 0xf7,
    0xbe, 0xff, 0xbf, 0xff, 0xdf, 0xf7, 0xbe, 0xff, 0xbf, 0xf7, 0xbe, 0xf7,
    0xbe, 0xf7, 0xbf, 0xff, 0xdf, 0xff, 0xbe, 0xf7, 0xbf, 0xff, 0xbf, 0xff,
    0xbe, 0xf7, 0x9e, 0xf7, 0x9e, 0xf7, 0xbe, 0xf7, 0xbf, 0xff, 0xbf, 0xff,
    0xbe, 0xf7, 0xbf, 0xff, 0xde, 0xf7, 0xbf, 0xff, 0xbf, 0xff, 0x3d, 0xd7,
    0x5a, 0x96, 0x39, 0x8e, 0x3a, 0x8e, 0x3a, 0x8e, 0x39, 0x8e, 0x3a, 0x8e,
    0x3a, 0x8e, 0x39, 0x8e, 0x39, 0x8e, 0x3a, 0x8e, 0x5a, 0x8e, 0x5a, 0x96,
    0x39, 0x8e, 0x3a, 0x8e, 0x5a, 0x8e, 0x3a, 0x8e, 0x3a, 0x8e, 0x3a, 0x8e,
    0x3a, 0x8e, 0x3a, 0x8e, 0x3a, 0x96, 0x3a, 0x8e, 0x3a, 0x8e, 0x5a, 0x8e,
    0x3a, 0x8e, 0x3a, 0x8e, 0x3a, 0x8e, 0x3a, 0x8e, 0x5a, 0x8e, 0x3a, 0x8e,
    0x3a, 0x8e, 0x3a, 0x8e, 0x3a, 0x8e, 0x5a, 0x8e, 0x39, 0x8e, 0x19, 0x8e,
    0x39, 0x8e, 0x3a, 0x8e, 0x3a, 0x96, 0x39, 0x8e, 0x3a, 0x8e, 0x39, 0x96,
    0x3a, 0x8e, 0x59, 0x8e, 0x3a, 0x8e, 0x3a, 0x8e, 0x59, 0x8e, 0x3a, 0x8e,
    0x3a, 0x96, 0x3a, 0x8e, 0x39, 0x8e, 0x3a, 0x8e, 0x59, 0x8e, 0x5a, 0x96,
    0x3d, 0xd7, 0xde, 0xff, 0xbf, 0xff, 0xbf, 0xff, 0xbe, 0xff, 0xbe, 0xf7,
    0xdf, 0xff, 0xdf, 0xff, 0xbe, 0xf7, 0xdf, 0xff, 0xbf, 0xf7, 0xde, 0xff,
    0xbe, 0xf7, 0xbf, 0xff, 0xbe, 0xff, 0xdf, 0xff, 0xbf, 0xff, 0xbe, 0xff,
    0xbf, 0xff, 0xbe, 0xf7, 0xdf, 0xff, 0xbe, 0xf7, 0xbf, 0xff, 0xdf, 0xff,
    0xbf, 0xff, 0xbe, 0xf7, 0xbe, 0xf7, 0xbf, 0xff, 0xbf, 0xff, 0xde, 0xf7,
    0xbf, 0xff, 0xbf, 0xff, 0xdf, 0xf7, 0xde, 0xff, 0x7d, 0xe7, 0x7a, 0x9e,
    0x39, 0x8e, 0x3a, 0x8e, 0x3a, 0x8e, 0x59, 0x8e, 0x5a, 0x8e, 0x3a, 0x96,
    0x5a, 0x8e, 0x39, 0x8e, 0x3a, 0x96, 0x39, 0x8e, 0x39, 0x8e, 0x5a, 0x8e,
    0x39, 0x8e, 0x19, 0x96, 0x18, 0x96, 0xf8, 0x95, 0xf8, 0x95, 0x18, 0x96,
    0x18, 0x96, 0xf8, 0x95, 0xf8, 0x95, 0x18, 0x96, 0xf8, 0x95, 0xf8, 0x95,
    0xf8, 0x95, 0x18, 0x96, 0xf8, 0x95, 0xf8, 0x95, 0xf8, 0x95, 0x18, 0x96,
    0xf8, 0x95, 0xf8, 0x95, 0xf8, 0x95, 0xf8, 0x95, 0xf8, 0x95, 0xf8, 0x95,
    0xf9, 0x95, 0x39, 0x8e, 0x5a, 0x8e, 0x39, 0x8e, 0x5a, 0x8e, 0x3a, 0x8e,
    0x39, 0x8e, 0x5a, 0x96, 0x39, 0x8e, 0x3a, 0x8e, 0x3a, 0x96, 0x39, 0x8e,
    0x3a, 0x8e, 0x5a, 0x8e, 0x39, 0x8e, 0x3a, 0x8e, 0x3a, 0x8e, 0x39, 0x8e,
    0x7a, 0x9e, 0x7e, 0xe7, 0xdf, 0xff, 0xbf, 0xff, 0xbf, 0xf7, 0xbe, 0xff,
    0xbf, 0xff, 0xbf, 0xf7, 0xbe, 0xff, 0xbf, 0xff, 0xbf, 0xf7, 0xde, 0xff,
    0xbf, 0xff, 0xbf, 0xf7, 0xbe, 0xf7, 0xbf, 0xff, 0xdf, 0xf7, 0xbf, 0xff,
    0xbf, 0xff, 0xbf, 0xff, 0xbe, 0xf7, 0xbf, 0xff, 0xde, 0xf7, 0xbf, 0xff,
    0xbf, 0xff, 0xdf, 0xff, 0xbf, 0xff, 0xbf, 0xff, 0xbe, 0xf7, 0xdf, 0xff,
    0xbf, 0xff, 0xbe, 0xf7, 0xbf, 0xff, 0xbe, 0xf7, 0xbb, 0xb6, 0x3a, 0x8e,
    0x3a, 0x8e, 0x39, 0x8e, 0x3a, 0x8e, 0x39, 0x8e, 0x3a, 0x8e, 0x39, 0x8e,
    0x3a, 0x8e, 0x5a, 0x8e, 0x5a, 0x8e, 0x3a, 0x8e, 0x5a, 0x8e, 0xd8, 0x95,
    0x71, 0xb4, 0xad, 0xbb, 0x6d, 0xc3, 0x6d, 0xc3, 0x6c, 0xc3, 0x6d, 0xc3,
    0x6c, 0xc3, 0x6d, 0xc3, 0x8c, 0xc3, 0x6d, 0xc3, 0x6d, 0xc3, 0x6c, 0xc3,
    0x8d, 0xc3, 0x6c, 0xc3, 0x6c, 0xc3, 0x8d, 0xc3, 0x6c, 0xc3, 0x6c, 0xc3,
    0x8d, 0xc3, 0x6c, 0xc3, 0x8d, 0xc3, 0x6d, 0xc3, 0x6d, 0xc3, 0x6d, 0xc3,
    0x6c, 0xbb, 0xef, 0xb3, 0x75, 0x9d, 0x5a, 0x8e, 0x3a, 0x8e, 0x39, 0x8e,
    0x3a, 0x8e, 0x3a, 0x8e, 0x59, 0x8e, 0x3a, 0x8e, 0x3a, 0x8e, 0x59, 0x8e,
    0x39, 0x8e, 0x3a, 0x8e, 0x5a, 0x8e, 0x39, 0x8e, 0x3a, 0x8e, 0x3a, 0x8e,
    0x39, 0x8e, 0xbb, 0xb6, 0xbe, 0xf7, 0xbe, 0xf7, 0xbf, 0xff, 0xdf, 0xff,
    0xbe, 0xf7, 0xbf, 0xff, 0xde, 0xff, 0xbf, 0xf7, 0xbe, 0xff, 0xbf, 0xff,
    0xdf, 0xf7, 0xbe, 0xff, 0xbf, 0xff, 0xbe, 0xf7, 0xbe, 0xff, 0xbf, 0xf7,
    0xbe, 0xf7, 0xbf, 0xff, 0xdf, 0xff, 0xbe, 0xf7, 0xbf, 0xff, 0xbe, 0xf7,
    0xbe, 0xf7, 0xbf, 0xff, 0xbe, 0xf7, 0xbe, 0xf7, 0xdf, 0xff, 0xbf, 0xff,
    0xbe, 0xf7, 0xbf, 0xff, 0xbf, 0xff, 0x1c, 0xcf, 0x5a, 0x8e, 0x3a, 0x8e,
    0x39, 0x8e, 0x5a, 0x8e, 0x5a, 0x96, 0x3a, 0x8e, 0x39, 0x8e, 0x3a, 0x8e,
    0x39, 0x8e, 0x39, 0x8e, 0x3a, 0x8e, 0x5a, 0x8e, 0xd7, 0x95, 0xad, 0xbb,
    0xc9, 0xd2, 0xc9, 0xd2, 0xc9, 0xca, 0xc9, 0xd2, 0xa9, 0xd2, 0xa9, 0xca,
    0xc9, 0xd2, 0xa9, 0xca, 0xa9, 0xca, 0xa9, 0xd2, 0xc9, 0xd2, 0xa9, 0xca,
    0xa9, 0xd2, 0xa9, 0xd2, 0xa9, 0xca, 0xc9, 0xd2, 0xa9, 0xd2, 0xa9, 0xca,
    0xa9, 0xd2, 0xa9, 0xd2, 0xc9, 0xca, 0xa9, 0xca, 0xc9, 0xd2, 0xc9, 0xd2,
    0xc9, 0xca, 0xa9, 0xca, 0x2b, 0xbb, 0x97, 0x95, 0x5a, 0x8e, 0x39, 0x96,
    0x3a, 0x8e, 0x3a, 0x8e, 0x59, 0x8e, 0x3a, 0x8e, 0x3a, 0x8e, 0x59, 0x8e,
    0x3a, 0x8e, 0x3a, 0x96, 0x39, 0x8e, 0x5a, 0x8e, 0x3a, 0x96, 0x3a, 0x8e,
    0x3a, 0x8e, 0x5a, 0x96, 0x1c, 0xd7, 0xbf, 0xff, 0xbf, 0xf7, 0xde, 0xff,
    0xbf, 0xf7, 0xbf, 0xff, 0xdf, 0xf7, 0xbe, 0xff, 0xbf, 0xff, 0xbf, 0xf7,
    0xde, 0xff, 0xbf, 0xff, 0xdf, 0xff, 0xdf, 0xf7, 0xbe, 0xff, 0xbf, 0xff,
    0xbf, 0xff, 0xbe, 0xf7, 0xdf, 0xff, 0xbf, 0xff, 0xbf, 0xff, 0xde, 0xf7,
    0xdf, 0xff, 0xbf, 0xff, 0xbe, 0xf7, 0xdf, 0xff, 0xbf, 0xff, 0xbe, 0xf7,
    0xde, 0xff, 0xbf, 0xff, 0x9e, 0xef, 0x7a, 0x9e, 0x3a, 0x8e, 0x39, 0x8e,
    0x3a, 0x8e, 0x39, 0x8e, 0x3a, 0x8e, 0x59, 0x8e, 0x3a, 0x8e, 0x5a, 0x96,
    0x5a, 0x8e, 0x39, 0x8e, 0x3a, 0x96, 0x59, 0x8e, 0x92, 0xac, 0xc9, 0xd2,
    0xc9, 0xd2, 0xc9, 0xca, 0x89, 0xc2, 0xea, 0xba, 0x2b, 0xbb, 0x2b, 0xbb,
    0x2b, 0xbb, 0x2b, 0xbb, 0x2b, 0xbb, 0x2b, 0xbb, 0x2b, 0xbb, 0x2b, 0xbb,
    0x2b, 0xbb, 0x2b, 0xbb, 0x2b, 0xbb, 0x0b, 0xbb, 0x2b, 0xbb, 0x2b, 0xbb,
    0x2b, 0xbb, 0x2b, 0xbb, 0x0b, 0xbb, 0x0b, 0xbb, 0xc9, 0xba, 0xa9, 0xca,
    0xc9, 0xca, 0xc9, 0xca, 0x89, 0xc2, 0x71, 0xac, 0x5a, 0x8e, 0x39, 0x8e,
    0x3a, 0x8e, 0x5a, 0x8e, 0x39, 0x96, 0x3a, 0x8e, 0x39, 0x8e, 0x3a, 0x96,
    0x3a, 0x8e, 0x39, 0x8e, 0x3a, 0x8e, 0x59, 0x8e, 0x39, 0x8e, 0x39, 0x8e,
    0x5a, 0x8e, 0x39, 0x8e, 0x7a, 0x9e, 0x9e, 0xef, 0xbf, 0xff, 0xbe, 0xff,
    0xbf, 0xff, 0xbe, 0xf7, 0xbf, 0xff, 0xdf, 0xff, 0xbe, 0xf7, 0xbf, 0xf7,
    0xbe, 0xff, 0xbf, 0xf7, 0xbf, 0xf7, 0xbe, 0xff, 0xbf, 0xff, 0xbf, 0xf7,
    0xbf, 0xff, 0xbe, 0xf7, 0xbe, 0xf7, 0xbf, 0xff, 0xbf, 0xff, 0xbe, 0xf7,
    0xbf, 0xff, 0xbf, 0xff, 0xdf, 0xff, 0xbe, 0xf7, 0xbf, 0xff, 0xbf, 0xf7,
    0xbf, 0xff, 0xbe, 0xf7, 0xfc, 0xc6, 0x39, 0x8e, 0x3a, 0x8e, 0x5a, 0x8e,
    0x39, 0x8e, 0x3a, 0x8e, 0x3a, 0x8e, 0x39, 0x8e, 0x3a, 0x8e, 0x3a, 0x8e,
    0x39, 0x8e, 0x3a, 0x8e, 0x3a, 0x8e, 0x39, 0x96, 0xef, 0xbb, 0xa9, 0xd2,
    0xca, 0xca, 0xa9, 0xba, 0x92, 0xcc, 0xba, 0xe6, 0x1c, 0xef, 0x1c, 0xef,
    0x1c, 0xef, 0xfc, 0xf6, 0x1c, 0xef, 0x1c, 0xef, 0xfc, 0xee, 0x1c, 0xef,
    0x1c, 0xef, 0x1c, 0xef, 0x1c, 0xef, 0x1c, 0xef, 0x1c, 0xef, 0x1c, 0xef,
    0x1c, 0xef, 0x1c, 0xef, 0x1c, 0xef, 0xfb, 0xee, 0x38, 0xde, 0xce, 0xc3,
    0xa9, 0xc2, 0xc9, 0xca, 0x89, 0xc2, 0xef, 0xab, 0x39, 0x8e, 0x3a, 0x8e,
    0x39, 0x8e, 0x3a, 0x8e, 0x3a, 0x8e, 0x59, 0x8e, 0x3a, 0x8e, 0x3a, 0x8e,
    0x59, 0x8e, 0x3a, 0x8e, 0x3a, 0x8e, 0x3a, 0x8e, 0x3a, 0x8e, 0x5a, 0x8e,
    0x39, 0x8e, 0x3a, 0x8e, 0x3a, 0x8e, 0xfc, 0xc6, 0xde, 0xff, 0xbf, 0xf7,
    0xdf, 0xff, 0xbe, 0xf7, 0xbe, 0xff, 0xbf, 0xff, 0xdf, 0xf7, 0xbe, 0xff,
    0xbf, 0xff, 0xde, 0xff, 0xbf, 0xf7, 0xbe, 0xff, 0xdf, 0xff, 0xbe, 0xf7,
    0xbf, 0xff, 0xbf, 0xff, 0xde, 0xf7, 0xdf, 0xff, 0xbf, 0xff, 0xbe, 0xf7,
    0xbe, 0xf7, 0xdf, 0xff, 0xbe, 0xf7, 0xbf, 0xff, 0xbe, 0xff, 0xdf, 0xff,
    0xdf, 0xff, 0x7d, 0xe7, 0x7a, 0x9e, 0x3a, 0x8e, 0x39, 0x8e, 0x5a, 0x8e,
    0x3a, 0x96, 0x59, 0x8e, 0x39, 0x8e, 0x39, 0x8e, 0x3a, 0x8e, 0x39, 0x8e,
    0x5a, 0x96, 0x3a, 0x8e, 0x39, 0x8e, 0x39, 0x8e, 0xef, 0xbb, 0xa9, 0xd2,
    0xa9, 0xc2, 0x0f, 0xc4, 0x9e, 0xf7, 0xdf, 0xff, 0xdf, 0xff, 0xdf, 0xff,
    0xbf, 0xff, 0xdf, 0xff, 0xdf, 0xff, 0xbf, 0xff, 0xdf, 0xff, 0xdf, 0xff,
    0xbf, 0xff, 0xbf, 0xff, 0xdf, 0xff, 0xdf, 0xff, 0xbf, 0xff, 0xbf, 0xff,
    0xdf, 0xff, 0xdf, 0xff, 0xbf, 0xff, 0xdf, 0xff, 0xdf, 0xff, 0x3c, 0xef,
    0xad, 0xbb, 0xa9, 0xca, 0x89, 0xc2, 0xef, 0xb3, 0x39, 0x8e, 0x5a, 0x8e,
    0x3a, 0x8e, 0x39, 0x8e, 0x5a, 0x8e, 0x39, 0x8e, 0x3a, 0x8e, 0x39, 0x8e,
    0x39, 0x8e, 0x5a, 0x8e, 0x39, 0x96, 0x3a, 0x8e, 0x5a, 0x8e, 0x39, 0x96,
    0x3a, 0x8e, 0x5a, 0x8e, 0x39, 0x8e, 0x7a, 0x9e, 0x7e, 0xef, 0xbf, 0xff,
    0xbf, 0xf7, 0xdf, 0xff, 0xbe, 0xf7, 0xbf, 0xff, 0xbf, 0xff, 0xde, 0xf7,
    0xbf, 0xff, 0xbf, 0xff, 0xde, 0xff, 0xbf, 0xf7, 0xbf, 0xff, 0xbf, 0xff,
    0xbf, 0xff, 0xbf, 0xff, 0xbe, 0xf7, 0xbf, 0xff, 0xdf, 0xff, 0xbf, 0xff,
    0xbf, 0xff, 0xde, 0xf7, 0xbf, 0xff, 0xbf, 0xf7, 0xbe, 0xf7, 0xbf, 0xff,
    0xbf, 0xff, 0xfc, 0xc6, 0x3a, 0x8e, 0x3a, 0x8e, 0x39, 0x8e, 0x3a, 0x8e,
    0x3a, 0x8e, 0x39, 0x8e, 0x19, 0x8e, 0x19, 0x8e, 0x3a, 0x8e, 0x59, 0x8e,
    0x3a, 0x8e, 0x3a, 0x8e, 0x59, 0x8e, 0x39, 0x8e, 0xef, 0xbb, 0xc9, 0xd2,
    0xa9, 0xba, 0xd7, 0xdd, 0xdf, 0xff, 0xbf, 0xff, 0xbf, 0xff, 0xbe, 0xf7,
    0xbf, 0xff, 0xbe, 0xff, 0xbe, 0xff, 0xbf, 0xff, 0xbe, 0xff, 0xbe, 0xff,
    0xbf, 0xff, 0xbe, 0xff, 0xbf, 0xff, 0xbe, 0xff, 0xbf, 0xff, 0xbe, 0xff,
    0xbf, 0xff, 0xbf, 0xff, 0xbe, 0xff, 0xbf, 0xff, 0xbf, 0xff, 0xdf, 0xff,
    0x96, 0xd5, 0x89, 0xc2, 0xa9, 0xc2, 0xef, 0xab, 0x39, 0x8e, 0x5a, 0x8e,
    0x3a, 0x96, 0x39, 0x8e, 0x5a, 0x8e, 0x3a, 0x96, 0x39, 0x8e, 0x19, 0x8e,
    0x19, 0x8e, 0x39, 0x8e, 0x3a, 0x8e, 0x39, 0x8e, 0x59, 0x8e, 0x3a, 0x8e,
    0x3a, 0x8e, 0x39, 0x8e, 0x3a, 0x8e, 0x39, 0x8e, 0x1c, 0xc7, 0xbe, 0xff,
    0xbe, 0xff, 0xbf, 0xf7, 0xdf, 0xff, 0xbe, 0xff, 0xbf, 0xf7, 0xbf, 0xff,
    0xbe, 0xf7, 0xbf, 0xf7, 0xbf, 0xff, 0xde, 0xff, 0xbf, 0xf7, 0xbe, 0xff,
    0xbe, 0xf7, 0xbf, 0xff, 0xbe, 0xf7, 0xbe, 0xf7, 0xbf, 0xff, 0xde, 0xf7,
    0xbf, 0xff, 0xbf, 0xff, 0xbe, 0xff, 0xdf, 0xff, 0xbf, 0xf7, 0xbe, 0xff,
    0x9e, 0xef, 0x7a, 0x9e, 0x39, 0x8e, 0x3a, 0x8e, 0x5a, 0x8e, 0x39, 0x8e,
    0x39, 0x8e, 0x19, 0x8e, 0x19, 0x8e, 0x3a, 0x8e, 0x3a, 0x8e, 0x39, 0x8e,
    0x3a, 0x8e, 0x3a, 0x8e, 0x3a, 0x8e, 0x39, 0x8e, 0xef, 0xbb, 0xa9, 0xd2,
    0xc9, 0xba, 0x79, 0xe6, 0xdf, 0xff, 0xbf, 0xf7, 0xbe, 0xf7, 0xbf, 0xff,
    0xbf, 0xf7, 0xbf, 0xf7, 0xbf, 0xf7, 0xbf, 0xff, 0xbf, 0xf7, 0xbf, 0xf7,
    0xbe, 0xff, 0xbf, 0xf7, 0xbf, 0xf7, 0xdf, 0xff, 0xdf, 0xff, 0xbe, 0xf7,
    0xbf, 0xf7, 0xbf, 0xff, 0xbe, 0xf7, 0xbf, 0xf7, 0xbf, 0xff, 0xdf, 0xff,
    0x38, 0xe6, 0xa9, 0xba, 0x89, 0xc2, 0xef, 0xab, 0x39, 0x8e, 0x3a, 0x8e,
    0x39, 0x8e, 0x3a, 0x8e, 0x3a, 0x8e, 0x39, 0x8e, 0x39, 0x8e, 0x19, 0x8e,
    0x39, 0x8e, 0x3a, 0x8e, 0x3a, 0x8e, 0x3a, 0x8e, 0x39, 0x8e, 0x3a, 0x8e,
    0x5a, 0x8e, 0x39, 0x8e, 0x3a, 0x8e, 0x5a, 0x8e, 0x7a, 0xa6, 0x9e, 0xef,
    0xbf, 0xff, 0xbf, 0xff, 0xde, 0xf7, 0xbf, 0xff, 0xbe, 0xff, 0xdf, 0xff,
    0xbe, 0xff, 0xbf, 0xf7, 0xdf, 0xff, 0xbe, 0xff, 0xbf, 0xf7, 0xbf, 0xff,
    0xbf, 0xff, 0xdf, 0xff, 0xdf, 0xff, 0xbf, 0xff, 0xbe, 0xf7, 0xbf, 0xff,
    0xde, 0xf7, 0xbf, 0xf7, 0xbf, 0xff, 0xde, 0xff, 0xbf, 0xff, 0xdf, 0xff,
    0x3c, 0xd7, 0x3a, 0x8e, 0x3a, 0x8e, 0x59, 0x8e, 0x3a, 0x8e, 0x39, 0x8e,
    0x19, 0x8e, 0x19, 0x8e, 0x39, 0x8e, 0x3a, 0x8e, 0x5a, 0x8e, 0x39, 0x8e,
    0x39, 0x96, 0x5a, 0x8e, 0x39, 0x8e, 0x39, 0x8e, 0xef, 0xbb, 0xa9, 0xd2,
    0xca, 0xba, 0x79, 0xe6, 0xdf, 0xff, 0xbf, 0xff, 0xde, 0xff, 0xbf, 0xff,
    0xde, 0xff, 0xbe, 0xff, 0xdf, 0xff, 0xbe, 0xf7, 0xdf, 0xff, 0xdf, 0xff,
    0xbe, 0xf7, 0xdf, 0xff, 0x5d, 0xf7, 0xd6, 0xe5, 0x38, 0xee, 0xbe, 0xf7,
    0xbf, 0xff, 0xde, 0xff, 0xbf, 0xf7, 0xbe, 0xff, 0xdf, 0xff, 0xdf, 0xff,
    0x38, 0xe6, 0xa9, 0xba, 0xa9, 0xc2, 0xef, 0xb3, 0x39, 0x8e, 0x5a, 0x8e,
    0x3a, 0x8e, 0x59, 0x8e, 0x39, 0x8e, 0xb7, 0x8d, 0x76, 0x85, 0xf9, 0x8d,
    0x5a, 0x8e, 0x5a, 0x8e, 0x39, 0x8e, 0x5a, 0x8e, 0x3a, 0x96, 0x39, 0x8e,
    0x5a, 0x8e, 0x3a, 0x96, 0x39, 0x8e, 0x3a, 0x8e, 0x5a, 0x8e, 0x3d, 0xd7,
    0xdf, 0xff, 0xbe, 0xf7, 0xbf, 0xff, 0xbf, 0xf7, 0xdf, 0xf7, 0xbe, 0xff,
    0xbf, 0xff, 0xdf, 0xf7, 0xbe, 0xff, 0xbf, 0xf7, 0xbe, 0xff, 0xdf, 0xf7,
    0xbe, 0xf7, 0xbf, 0xff, 0xbe, 0xf7, 0xdf, 0xff, 0xbf, 0xff, 0xbe, 0xff,
    0xbf, 0xff, 0xbf, 0xf7, 0xbe, 0xf7, 0xbf, 0xff, 0xbe, 0xf7, 0xbe, 0xf7,
    0xbb, 0xb6, 0x3a, 0x8e, 0x3a, 0x8e, 0x39, 0x8e, 0x3a, 0x8e, 0x39, 0x8e,
    0x19, 0x8e, 0x39, 0x8e, 0x3a, 0x8e, 0x3a, 0x8e, 0x39, 0x8e, 0x5a, 0x8e,
    0x3a, 0x8e, 0x3a, 0x8e, 0x3a, 0x8e, 0x39, 0x96, 0xef, 0xbb, 0xc9, 0xd2,
    0xc9, 0xba, 0x79, 0xe6, 0xdf, 0xff, 0xbe, 0xf7, 0xbf, 0xf7, 0xbe, 0xff,
    0xbe, 0xf7, 0xbe, 0xff, 0xbf, 0xff, 0xbe, 0xf7, 0xbe, 0xff, 0xbe, 0xff,
    0xbe, 0xff, 0xde, 0xff, 0x9d, 0xf7, 0x91, 0xdc, 0x95, 0xe5, 0xbe, 0xff,
    0xbe, 0xff, 0xbf, 0xf7, 0xde, 0xff, 0xbe, 0xf7, 0xbf, 0xf7, 0xdf, 0xff,
    0x58, 0xde, 0xa9, 0xba, 0x89, 0xc2, 0x0f, 0xb4, 0x39, 0x8e, 0x3a, 0x8e,
    0x3a, 0x96, 0x3a, 0x8e, 0xf9, 0x8d, 0x72, 0x84, 0xf0, 0x83, 0x92, 0x84,
    0x76, 0x8d, 0x19, 0x8e, 0x3a, 0x8e, 0x59, 0x8e, 0x3a, 0x8e, 0x39, 0x8e,
    0x3a, 0x8e, 0x5a, 0x8e, 0x39, 0x8e, 0x3a, 0x8e, 0x39, 0x8e, 0xbb, 0xb6,
    0xbe, 0xf7, 0xbf, 0xff, 0xbe, 0xff, 0xdf, 0xff, 0xbe, 0xf7, 0xbf, 0xff,
    0xbf, 0xf7, 0xbe, 0xff, 0xbf, 0xff, 0xbf, 0xf7, 0xde, 0xff, 0xbf, 0xff,
    0xbf, 0xff, 0xbe, 0xf7, 0xbf, 0xff, 0xbe, 0xf7, 0xdf, 0xf7, 0xbf, 0xff,
    0xbe, 0xff, 0xdf, 0xff, 0xbf, 0xff, 0xbe, 0xf7, 0xdf, 0xff, 0x7e, 0xef,
    0x7a, 0x9e, 0x3a, 0x8e, 0x39, 0x8e, 0x3a, 0x8e, 0x39, 0x8e, 0x19, 0x8e,
    0x19, 0x8e, 0x3a, 0x8e, 0x3a, 0x8e, 0x39, 0x8e, 0x3a, 0x8e, 0x3a, 0x8e,
    0x59, 0x8e, 0x3a, 0x8e, 0x3a, 0x8e, 0x39, 0x8e, 0xef, 0xbb, 0xa9, 0xd2,
    0xca, 0xba, 0x79, 0xe6, 0xdf, 0xff, 0x18, 0xee, 0x91, 0xdc, 0xd1, 0xe4,
    0x71, 0xed, 0x71, 0xed, 0x71, 0xed, 0x71, 0xed, 0x70, 0xed, 0x32, 0xf6,
    0x13, 0xff, 0x13, 0xff, 0x13, 0xff, 0xb1, 0xfe, 0xd2, 0xfe, 0x13, 0xff,
    0x13, 0xae, 0x52, 0x6d, 0x52, 0x6d, 0x52, 0x6d, 0x93, 0x7d, 0x7d, 0xe7,
    0x59, 0xe6, 0xa9, 0xba, 0x89, 0xc2, 0xef, 0xab, 0x59, 0x8e, 0x39, 0x8e,
    0x39, 0x8e, 0x39, 0x8e, 0x19, 0x8e, 0xd3, 0x84, 0x10, 0x84, 0x10, 0x84,
    0x10, 0x84, 0x76, 0x8d, 0x5a, 0x8e, 0x3a, 0x8e, 0x39, 0x8e, 0x3a, 0x8e,
    0x3a, 0x8e, 0x39, 0x8e, 0x5a, 0x8e, 0x3a, 0x8e, 0x3a, 0x8e, 0x7a, 0x9e,
    0x9e, 0xef, 0xbf, 0xff, 0xbf, 0xff, 0xbe, 0xf7, 0xbf, 0xff, 0xdf, 0xff,
    0xbe, 0xf7, 0xde, 0xff, 0xbf, 0xff, 0xbf, 0xf7, 0xbe, 0xff, 0xbf, 0xff,
    0xbf, 0xff, 0xbf, 0xff, 0xde, 0xff, 0xbf, 0xff, 0xbf, 0xf7, 0xbe, 0xf7,
    0xdf, 0xff, 0xbe, 0xf7, 0xbf, 0xff, 0xdf, 0xff, 0xdf, 0xff, 0x3d, 0xd7,
    0x5a, 0x8e, 0x39, 0x8e, 0x39, 0x8e, 0x39, 0x8e, 0x19, 0x8e, 0x3a, 0x8e,
    0x3a, 0x8e, 0x3a, 0x8e, 0x59, 0x8e, 0x3a, 0x8e, 0x5a, 0x8e, 0x39, 0x96,
    0x39, 0x8e, 0x5a, 0x8e, 0x39, 0x8e, 0x39, 0x8e, 0xef, 0xbb, 0xa9, 0xd2,
    0xca, 0xba, 0x79, 0xe6, 0xff, 0xff, 0x13, 0xe5, 0xa9, 0xca, 0x09, 0xd3,
    0x08, 0xec, 0x29, 0xec, 0x08, 0xec, 0x28, 0xec, 0x08, 0xec, 0x4a, 0xf5,
    0xac, 0xfe, 0xac, 0xfe, 0xac, 0xfe, 0xad, 0xfe, 0xac, 0xfe, 0xac, 0xfe,
    0x2c, 0x85, 0x0b, 0x14, 0x0b, 0x1c, 0xea, 0x13, 0x4c, 0x2c, 0x5c, 0xdf,
    0x59, 0xe6, 0xa9, 0xba, 0x89, 0xca, 0xef, 0xab, 0x39, 0x8e, 0x3a, 0x8e,
    0x39, 0x8e, 0x19, 0x8e, 0x39, 0x8e, 0x39, 0x8e, 0x96, 0x8d, 0x51, 0x84,
    0xf0, 0x83, 0x55, 0x8d, 0x5a, 0x8e, 0x3a, 0x8e, 0x39, 0x96, 0x5a, 0x8e,
    0x39, 0x8e, 0x3a, 0x96, 0x39, 0x8e, 0x3a, 0x8e, 0x39, 0x8e, 0x5a, 0x96,
    0x3d, 0xd7, 0xdf, 0xff, 0xbe, 0xf7, 0xbf, 0xff, 0xdf, 0xff, 0xbe, 0xf7,
    0xbf, 0xff, 0xbf, 0xf7, 0xde, 0xff, 0xbf, 0xff, 0xbf, 0xf7, 0xbe, 0xf7,
    0xbe, 0xf7, 0xbf, 0xf7, 0xbf, 0xff, 0xde, 0xff, 0xbf, 0xff, 0xbf, 0xff,
    0xbe, 0xf7, 0xbf, 0xff, 0xbe, 0xf7, 0xbe, 0xff, 0xbf, 0xf7, 0xdb, 0xbe,
    0x39, 0x8e, 0x3a, 0x8e, 0x3a, 0x8e, 0x19, 0x8e, 0x39, 0x8e, 0x3a, 0x8e,
    0x39, 0x8e, 0x3a, 0x8e, 0x39, 0x8e, 0x3a, 0x8e, 0x3a, 0x8e, 0x39, 0x8e,
    0x3a, 0x8e, 0x3a, 0x8e, 0x3a, 0x8e, 0x39, 0x96, 0xef, 0xbb, 0xc9, 0xd2,
    0xc9, 0xba, 0x79, 0xe6, 0xdf, 0xff, 0x34, 0xe5, 0xa9, 0xd2, 0x29, 0xdb,
    0x29, 0xec, 0x29, 0xec, 0x28, 0xf4, 0x29, 0xec, 0x09, 0xec, 0x6a, 0xfd,
    0xcd, 0xfe, 0xad, 0xfe, 0xad, 0xfe, 0xcd, 0xfe, 0xcd, 0xfe, 0xcd, 0xfe,
    0x4c, 0x85, 0x0b, 0x1c, 0x0b, 0x1c, 0x0b, 0x1c, 0x6d, 0x34, 0x5c, 0xdf,
    0x58, 0xe6, 0xa9, 0xba, 0xa9, 0xc2, 0xef, 0xb3, 0x39, 0x8e, 0x3a, 0x8e,
    0x19, 0x8e, 0x39, 0x8e, 0x3a, 0x8e, 0x3a, 0x8e, 0x39, 0x8e, 0x72, 0x84,
    0xf0, 0x83, 0x35, 0x85, 0x5a, 0x8e, 0x3a, 0x8e, 0x39, 0x8e, 0x5a, 0x8e,
    0x3a, 0x8e, 0x39, 0x8e, 0x5a, 0x8e, 0x39, 0x8e, 0x3a, 0x8e, 0x39, 0x8e,
    0xfc, 0xbe, 0xbe, 0xff, 0xbf, 0xff, 0xbe, 0xf7, 0xbf, 0xff, 0xbe, 0xff,
    0xbf, 0xf7, 0xdf, 0xff, 0xbe, 0xf7, 0xbf, 0xff, 0xdf, 0xff, 0xbe, 0xff,
    0xbf, 0xff, 0xbe, 0xf7, 0xbf, 0xf7, 0xbe, 0xff, 0xdf, 0xf7, 0xbf, 0xff,
    0xde, 0xff, 0xbf, 0xf7, 0xdf, 0xff, 0xbf, 0xff, 0xbe, 0xf7, 0x9b, 0xae,
    0x39, 0x8e, 0x3a, 0x8e, 0x3a, 0x8e, 0x39, 0x8e, 0x3a, 0x8e, 0x3a, 0x8e,
    0x39, 0x8e, 0x5a, 0x8e, 0x3a, 0x8e, 0x59, 0x8e, 0x3a, 0x8e, 0x5a, 0x8e,
    0x39, 0x8e, 0x3a, 0x8e, 0x5a, 0x8e, 0x39, 0x8e, 0xef, 0xbb, 0xa9, 0xd2,
    0xc9, 0xba, 0x79, 0xe6, 0xdf, 0xff, 0x13, 0xcd, 0x69, 0xa2, 0xc9, 0xa2,
    0x88, 0xb3, 0x88, 0xbb, 0x88, 0xbb, 0x88, 0xbb, 0x68, 0xbb, 0x6a, 0xbc,
    0x6c, 0xcd, 0x6b, 0xcd, 0x6b, 0xcd, 0x6b, 0xcd, 0x6b, 0xcd, 0x6b, 0xcd,
    0x4a, 0x6c, 0x6a, 0x1b, 0x6a, 0x23, 0x6a, 0x23, 0xec, 0x33, 0x3c, 0xdf,
    0x58, 0xe6, 0xa9, 0xba, 0x89, 0xc2, 0x0f, 0xac, 0x39, 0x8e, 0x3a, 0x8e,
    0x39, 0x8e, 0x3a, 0x8e, 0x3a, 0x8e, 0x3a, 0x8e, 0x39, 0x8e, 0x92, 0x84,
    0xf0, 0x83, 0x55, 0x85, 0x3a, 0x8e, 0x39, 0x8e, 0x3a, 0x8e, 0x3a, 0x8e,
    0x39, 0x8e, 0x5a, 0x8e, 0x3a, 0x8e, 0x3a, 0x8e, 0x59, 0x8e, 0x3a, 0x8e,
    0x9b, 0xae, 0xbe, 0xf7, 0xbf, 0xff, 0xdf, 0xf7, 0xbe, 0xff, 0xbf, 0xff,
    0xdf, 0xf7, 0xbe, 0xff, 0xbf, 0xff, 0xbe, 0xf7, 0xdf, 0xff, 0xbf, 0xff,
    0xbf, 0xff, 0xdf, 0xff, 0xbe, 0xff, 0xbf, 0xf7, 0xbe, 0xff, 0xbf, 0xf7,
    0xbf, 0xff, 0xde, 0xff, 0xbf, 0xf7, 0xbf, 0xff, 0x9e, 0xef, 0x7a, 0x9e,
    0x3a, 0x8e, 0x3a, 0x8e, 0x39, 0x8e, 0x3a, 0x8e, 0x3a, 0x8e, 0x39, 0x8e,
    0x5a, 0x8e, 0x3a, 0x8e, 0x39, 0x8e, 0x3a, 0x96, 0x59, 0x8e, 0x3a, 0x8e,
    0x39, 0x96, 0x5a, 0x8e, 0x39, 0x8e, 0x39, 0x8e, 0xef, 0xbb, 0xa9, 0xd2,
    0xca, 0xba, 0x79, 0xe6, 0xdf, 0xff, 0x9a, 0xd6, 0x96, 0xad, 0x96, 0xb5,
    0x96, 0xb5, 0x96, 0xb5, 0x96, 0xad, 0x96, 0xb5, 0x96, 0xb5, 0x96, 0xb5,
    0xb6, 0xb5, 0xb6, 0xb5, 0xb6, 0xad, 0x96, 0xb5, 0xb6, 0xb5, 0xb6, 0xb5,
    0x96, 0xad, 0x96, 0xad, 0x96, 0xad, 0x96, 0xad, 0xd7, 0xb5, 0x7e, 0xef,
    0x38, 0xe6, 0xa9, 0xba, 0xa9, 0xc2, 0xef, 0xab, 0x39, 0x8e, 0x3a, 0x8e,
    0x3a, 0x8e, 0x39, 0x8e, 0x3a, 0x8e, 0x39, 0x96, 0xf8, 0xa5, 0x35, 0xa5,
    0x14, 0xa5, 0x76, 0xa5, 0x18, 0x9e, 0x3a, 0x8e, 0x3a, 0x8e, 0x59, 0x96,
    0x3a, 0x8e, 0x3a, 0x8e, 0x39, 0x96, 0x3a, 0x8e, 0x3a, 0x8e, 0x39, 0x8e,
    0x7a, 0x9e, 0x9e, 0xef, 0xbf, 0xff, 0xbf, 0xff, 0xde, 0xf7, 0xbf, 0xff,
    0xbf, 0xff, 0xbe, 0xf7, 0xbf, 0xff, 0xdf, 0xf7, 0xbe, 0xf7, 0xbf, 0xff,
    0xbe, 0xf7, 0xbf, 0xff, 0xdf, 0xff, 0xbe, 0xff, 0xbf, 0xf7, 0xde, 0xff,
    0xbf, 0xff, 0xbe, 0xf7, 0xbe, 0xff, 0xdf, 0xff, 0x5d, 0xdf, 0x5a, 0x96,
    0x3a, 0x8e, 0x59, 0x8e, 0x3a, 0x8e, 0x59, 0x8e, 0x3a, 0x8e, 0x39, 0x8e,
    0x5a, 0x8e, 0x39, 0x8e, 0x3a, 0x8e, 0x3a, 0x8e, 0x39, 0x8e, 0x3a, 0x8e,
    0x3a, 0x8e, 0x39, 0x8e, 0x3a, 0x8e, 0x39, 0x96, 0xef, 0xbb, 0xa9, 0xd2,
    0x89, 0xc2, 0x55, 0xd5, 0xdf, 0xff, 0xdf, 0xff, 0xdf, 0xff, 0xdf, 0xff,
    0xdf, 0xff, 0xdf, 0xff, 0xdf, 0xff, 0xdf, 0xff, 0xdf, 0xff, 0xdf, 0xff,
    0xdf, 0xff, 0xdf, 0xff, 0xdf, 0xff, 0xdf, 0xff, 0xdf, 0xff, 0xdf, 0xff,
    0xdf, 0xff, 0xdf, 0xff, 0xdf, 0xff, 0xdf, 0xff, 0xdf, 0xff, 0xdf, 0xff,
    0x75, 0xd5, 0xa9, 0xc2, 0xa9, 0xc2, 0xef, 0xb3, 0x39, 0x8e, 0x5a, 0x8e,
    0x3a, 0x8e, 0x59, 0x8e, 0x3a, 0x8e, 0x18, 0x9e, 0xb6, 0xb5, 0xb6, 0xbd,
    0xb7, 0xb5, 0xb6, 0xbd, 0x96, 0xad, 0x19, 0x96, 0x39, 0x8e, 0x5a, 0x8e,
    0x3a, 0x8e, 0x39, 0x8e, 0x59, 0x8e, 0x3a, 0x8e, 0x3a, 0x8e, 0x39, 0x8e,
    0x5a, 0x96, 0x7d, 0xe7, 0xdf, 0xff, 0xbe, 0xf7, 0xbf, 0xff, 0xbe, 0xf7,
    0xdf, 0xff, 0xbf, 0xff, 0xbe, 0xf7, 0xbf, 0xff, 0xbe, 0xff, 0xbf, 0xf7,
    0xbf, 0xff, 0xbe, 0xf7, 0xbf, 0xf7, 0xdf, 0xff, 0xbf, 0xff, 0xbf, 0xf7,
    0xde, 0xff, 0xbf, 0xf7, 0xbf, 0xff, 0xdf, 0xff, 0x3d, 0xd7, 0x39, 0x8e,
    0x3a, 0x8e, 0x3a, 0x8e, 0x39, 0x8e, 0x5a, 0x8e, 0x3a, 0x8e, 0x3a, 0x8e,
    0x39, 0x8e, 0x3a, 0x96, 0x5a, 0x8e, 0x39, 0x8e, 0x3a, 0x8e, 0x5a, 0x8e,
    0x39, 0x8e, 0x3a, 0x8e, 0x5a, 0x8e, 0x39, 0x8e, 0xef, 0xbb, 0xc9, 0xca,
    0xa9, 0xca, 0x2b, 0xb3, 0x79, 0xe6, 0xdf, 0xff, 0xdf, 0xff, 0xdf, 0xff,
    0xdf, 0xf7, 0xdf, 0xff, 0xdf, 0xff, 0xdf, 0xf7, 0xdf, 0xff, 0xdf, 0xf7,
    0xdf, 0xff, 0xdf, 0xff, 0xdf, 0xf7, 0xdf, 0xff, 0xdf, 0xff, 0xdf, 0xf7,
    0xdf, 0xff, 0xdf, 0xff, 0xdf, 0xf7, 0xdf, 0xff, 0xdf, 0xff, 0x1c, 0xef,
    0x8d, 0xc3, 0xa9, 0xca, 0x89, 0xc2, 0xef, 0xab, 0x39, 0x8e, 0x5a, 0x8e,
    0x3a, 0x8e, 0x39, 0x8e, 0x3a, 0x8e, 0xf8, 0xa5, 0x96, 0xbd, 0xb6, 0xb5,
    0xb6, 0xb5, 0xb6, 0xb5, 0x96, 0xb5, 0x18, 0x96, 0x5a, 0x8e, 0x39, 0x8e,
    0x3a, 0x8e, 0x3a, 0x8e, 0x59, 0x8e, 0x3a, 0x8e, 0x5a, 0x8e, 0x3a, 0x8e,
    0x5a, 0x8e, 0x3d, 0xdf, 0xbf, 0xff, 0xbf, 0xf7, 0xbe, 0xff, 0xdf, 0xff,
    0xbe, 0xf7, 0xbf, 0xff, 0xdf, 0xff, 0xbe, 0xff, 0xbf, 0xff, 0xbf, 0xf7,
    0xbf, 0xff, 0xbe, 0xff, 0xbe, 0xf7, 0xbf, 0xff, 0xbe, 0xff, 0xbf, 0xf7,
    0xbf, 0xff, 0xbe, 0xff, 0xbf, 0xf7, 0xdf, 0xff, 0x1c, 0xcf, 0x39, 0x8e,
    0x5a, 0x8e, 0x3a, 0x8e, 0x39, 0x8e, 0x3a, 0x8e, 0x59, 0x96, 0x3a, 0x8e,
    0x3a, 0x8e, 0x59, 0x8e, 0x3a, 0x8e, 0x39, 0x8e, 0x5a, 0x96, 0x3a, 0x8e,
    0x39, 0x8e, 0x5a, 0x96, 0x3a, 0x8e, 0x39, 0x8e, 0xef, 0xbb, 0xa9, 0xd2,
    0xc9, 0xca, 0xa9, 0xc2, 0x0b, 0xb3, 0xf3, 0xcc, 0x38, 0xde, 0x79, 0xe6,
    0x59, 0xe6, 0x79, 0xe6, 0x79, 0xe6, 0x79, 0xe6, 0x79, 0xe6, 0x59, 0xe6,
    0x79, 0xe6, 0x59, 0xe6, 0x59, 0xe6, 0x59, 0xe6, 0x79, 0xe6, 0x59, 0xe6,
    0x59, 0xe6, 0x79, 0xe6, 0x79, 0xe6, 0x79, 0xe6, 0xd6, 0xd5, 0xce, 0xc3,
    0xa9, 0xc2, 0xc9, 0xca, 0x89, 0xc2, 0xef, 0xab, 0x39, 0x8e, 0x3a, 0x96,
    0x39, 0x8e, 0x3a, 0x8e, 0x3a, 0x8e, 0xf8, 0xa5, 0x96, 0xbd, 0xb7, 0xb5,
    0xb7, 0xb5, 0x96, 0xbd, 0x96, 0xad, 0x18, 0x96, 0x3a, 0x8e, 0x3a, 0x8e,
    0x39, 0x8e, 0x5a, 0x96, 0x3a, 0x8e, 0x39, 0x8e, 0x39, 0x96, 0x3a, 0x8e,
    0x39, 0x8e, 0x1c, 0xcf, 0xdf, 0xff, 0xbf, 0xff, 0xbf, 0xf7, 0xbe, 0xff,
    0xbf, 0xf7, 0xde, 0xf7, 0xbf, 0xff, 0xdf, 0xf7, 0xbe, 0xff, 0xbf, 0xff,
    0xbf, 0xff, 0xdf, 0xf7, 0xbf, 0xff, 0xde, 0xff, 0xbf, 0xf7, 0xde, 0xff,
    0xbf, 0xff, 0xbf, 0xf7, 0xbe, 0xff, 0xdf, 0xff, 0xfc, 0xc6, 0x39, 0x8e,
    0x3a, 0x8e, 0x59, 0x8e, 0x3a, 0x8e, 0x3a, 0x8e, 0x39, 0x8e, 0x39, 0x8e,
    0x5a, 0x8e, 0x3a, 0x8e, 0x39, 0x8e, 0x3a, 0x8e, 0x3a, 0x8e, 0x39, 0x8e,
    0x3a, 0x8e, 0x39, 0x8e, 0x3a, 0x8e, 0x39, 0x8e, 0xef, 0xbb, 0xa9, 0xd2,
    0xc9, 0xd2, 0xc9, 0xca, 0xa9, 0xca, 0x89, 0xc2, 0xa9, 0xba, 0xca, 0xba,
    0xc9, 0xc2, 0xca, 0xba, 0xca, 0xba, 0xc9, 0xba, 0xca, 0xba, 0xca, 0xba,
    0xc9, 0xba, 0xca, 0xba, 0xca, 0xba, 0xc9, 0xba, 0xca, 0xba, 0xca, 0xba,
    0xc9, 0xba, 0xca, 0xba, 0xca, 0xc2, 0xa9, 0xba, 0xa9, 0xc2, 0xa9, 0xca,
    0xc9, 0xd2, 0xc9, 0xca, 0x89, 0xc2, 0x0f, 0xb4, 0x59, 0x8e, 0x3a, 0x8e,
    0x5a, 0x8e, 0x39, 0x8e, 0x3a, 0x8e, 0xf8, 0xa5, 0xb6, 0xbd, 0xb6, 0xbd,
    0xb7, 0xb5, 0xb6, 0xb5, 0x96, 0xb5, 0xf9, 0x95, 0x5a, 0x8e, 0x39, 0x8e,
    0x3a, 0x8e, 0x39, 0x8e, 0x39, 0x8e, 0x3a, 0x8e, 0x5a, 0x8e, 0x39, 0x8e,
    0x39, 0x8e, 0x1c, 0xc7, 0xdf, 0xff, 0xbe, 0xff, 0xdf, 0xff, 0xbf, 0xff,
    0xbe, 0xff, 0xbf, 0xff, 0xbf, 0xf7, 0xbe, 0xff, 0xdf, 0xf7, 0xbe, 0xff,
    0xbe, 0xf7, 0xbf, 0xff, 0xbf, 0xff, 0xbf, 0xf7, 0xde, 0xf7, 0xbf, 0xff,
    0xde, 0xff, 0xbf, 0xf7, 0xbe, 0xff, 0xbf, 0xff, 0xfc, 0xbe, 0x39, 0x8e,
    0x3a, 0x8e, 0x3a, 0x8e, 0x59, 0x96, 0x3a, 0x8e, 0x3a, 0x8e, 0x59, 0x8e,
    0x3a, 0x96, 0x3a, 0x8e, 0x59, 0x8e, 0x3a, 0x8e, 0x59, 0x8e, 0x5a, 0x8e,
    0x3a, 0x8e, 0x39, 0x8e, 0x3a, 0x8e, 0x39, 0x8e, 0xce, 0xb3, 0xa9, 0xca,
    0xca, 0xca, 0xc9, 0xd2, 0xc9, 0xd2, 0xca, 0xd2, 0xc9, 0xd2, 0xc9, 0xd2,
    0xc9, 0xd2, 0xc9, 0xd2, 0xc9, 0xd2, 0xc9, 0xd2, 0xc9, 0xd2, 0xc9, 0xd2,
    0xc9, 0xd2, 0xc9, 0xd2, 0xc9, 0xd2, 0xc9, 0xd2, 0xc9, 0xd2, 0xc9, 0xd2,
    0xc9, 0xd2, 0xc9, 0xd2, 0xca, 0xca, 0xca, 0xd2, 0xea, 0xd2, 0xea, 0xd2,
    0xca, 0xca, 0xa9, 0xca, 0x89, 0xc2, 0xef, 0xab, 0x39, 0x8e, 0x3a, 0x8e,
    0x3a, 0x8e, 0x59, 0x96, 0x39, 0x8e, 0xf8, 0xa5, 0x96, 0xbd, 0xb6, 0xb5,
    0xb7, 0xb5, 0xb6, 0xbd, 0x96, 0xb5, 0xf8, 0x95, 0x5a, 0x8e, 0x3a, 0x8e,
    0x3a, 0x8e, 0x39, 0x8e, 0x39, 0x8e, 0x3a, 0x8e, 0x3a, 0x8e, 0x3a, 0x8e,
    0x3a, 0x8e, 0xfc, 0xc6, 0xdf, 0xff, 0xbe, 0xf7, 0xbf, 0xf7, 0xdf, 0xff,
    0xbe, 0xf7, 0xbf, 0xff, 0xde, 0xff, 0xbf, 0xf7, 0xbf, 0xff, 0xbf, 0xf7,
    0xbf, 0xff, 0xbe, 0xff, 0xde, 0xf7, 0xbf, 0xff, 0xbf, 0xff, 0xbe, 0xf7,
    0xbf, 0xff, 0xdf, 0xff, 0xbe, 0xf7, 0xbf, 0xff, 0xfc, 0xbe, 0x39, 0x8e,
    0x3a, 0x8e, 0x3a, 0x8e, 0x39, 0x8e, 0x5a, 0x8e, 0x3a, 0x8e, 0x39, 0x8e,
    0x3a, 0x8e, 0x3a, 0x8e, 0x39, 0x96, 0x3a, 0x8e, 0x3a, 0x8e, 0x39, 0x96,
    0x5a, 0x8e, 0x3a, 0x8e, 0x59, 0x96, 0x39, 0x96, 0xcf, 0xb3, 0xc9, 0xca,
    0xc9, 0xca, 0xca, 0xd2, 0xc9, 0xca, 0xc9, 0xca, 0xca, 0xca, 0xc9, 0xca,
    0xca, 0xca, 0xca, 0xca, 0xc9, 0xca, 0xca, 0xd2, 0xc9, 0xca, 0xca, 0xca,
    0xca, 0xd2, 0xc9, 0xca, 0xca, 0xca, 0xca, 0xd2, 0xc9, 0xca, 0xca, 0xca,
    0xc9, 0xd2, 0xc9, 0xca, 0xc9, 0xca, 0xc9, 0xd2, 0xea, 0xd2, 0xea, 0xca,
    0xc9, 0xd2, 0xc9, 0xca, 0x89, 0xc2, 0xef, 0xb3, 0x39, 0x8e, 0x3a, 0x8e,
    0x3a, 0x8e, 0x3a, 0x8e, 0x3a, 0x8e, 0xf8, 0xa5, 0x96, 0xbd, 0xb7, 0xb5,
    0x96, 0xb5, 0xb6, 0xb5, 0x96, 0xb5, 0xf8, 0x95, 0x5a, 0x8e, 0x39, 0x8e,
    0x3a, 0x8e, 0x39, 0x8e, 0x19, 0x8e, 0x39, 0x8e, 0x3a, 0x8e, 0x39, 0x96,
    0x39, 0x8e, 0xfc, 0xbe, 0xbf, 0xff, 0xbe, 0xff, 0xbf, 0xff, 0xbe, 0xf7,
    0xbf, 0xff, 0xdf, 0xf7, 0xbe, 0xff, 0xbf, 0xff, 0xbe, 0xff, 0xbf, 0xff,
    0xbf, 0xff, 0xbf, 0xf7, 0xbe, 0xff, 0xdf, 0xff, 0xbf, 0xf7, 0xbe, 0xff,
    0xbf, 0xf7, 0xbf, 0xff, 0xde, 0xff, 0xbf, 0xff, 0xfc, 0xbe, 0x39, 0x8e,
    0x5a, 0x8e, 0x39, 0x8e, 0x3a, 0x8e, 0x3a, 0x8e, 0x59, 0x8e, 0x3a, 0x96,
    0x3a, 0x8e, 0x59, 0x8e, 0x3a, 0x8e, 0x3a, 0x8e, 0x39, 0x8e, 0x3a, 0x8e,
    0x39, 0x8e, 0x3a, 0x8e, 0x3a, 0x8e, 0x39, 0x8e, 0xef, 0xbb, 0xc9, 0xd2,
    0xc9, 0xd2, 0xca, 0xca, 0xc9, 0xd2, 0xc9, 0xd2, 0xca, 0xca, 0xc9, 0xd2,
    0xc9, 0xd2, 0xca, 0xca, 0xc9, 0xd2, 0xc9, 0xca, 0xca, 0xca, 0xc9, 0xd2,
    0xc9, 0xca, 0xc9, 0xca, 0xca, 0xd2, 0xc9, 0xca, 0xc9, 0xca, 0xca, 0xd2,
    0xca, 0xca, 0xc9, 0xd2, 0xca, 0xca, 0xc9, 0xca, 0xc9, 0xd2, 0xca, 0xca,
    0xc9, 0xd2, 0xc9, 0xca, 0x89, 0xc2, 0x0f, 0xac, 0x59, 0x8e, 0x3a, 0x8e,
    0x59, 0x8e, 0x39, 0x8e, 0x3a, 0x8e, 0xf8, 0xa5, 0xb6, 0xbd, 0xb7, 0xbd,
    0xb6, 0xb5, 0xb7, 0xb5, 0x96, 0xb5, 0xf8, 0x95, 0x5a, 0x8e, 0x3a, 0x8e,
    0x39, 0x8e, 0x3a, 0x8e, 0x39, 0x8e, 0x3a, 0x8e, 0x5a, 0x8e, 0x3a, 0x8e,
    0x39, 0x8e, 0xfc, 0xc6, 0xbf, 0xff, 0xbf, 0xff, 0xde, 0xf7, 0xbf, 0xff,
    0xbf, 0xff, 0xbe, 0xf7, 0xbf, 0xf7, 0xdf, 0xff, 0xbe, 0xf7, 0xbe, 0xff,
    0xbe, 0xf7, 0xbf, 0xff, 0xbf, 0xff, 0xbe, 0xf7, 0xdf, 0xff, 0xbf, 0xff,
    0xbe, 0xf7, 0xbf, 0xf7, 0xbf, 0xff, 0xbe, 0xff, 0xfc, 0xc6, 0x39, 0x8e,
    0x3a, 0x8e, 0x5a, 0x8e, 0x39, 0x96, 0x3a, 0x8e, 0x39, 0x8e, 0x5a, 0x8e,
    0x39, 0x8e, 0x3a, 0x8e, 0x59, 0x8e, 0x5a, 0x8e, 0x3a, 0x8e, 0x59, 0x8e,
    0x3a, 0x8e, 0x3a, 0x8e, 0x59, 0x8e, 0x39, 0x8e, 0xef, 0xbb, 0xa9, 0xd2,
    0xc9, 0xca, 0xca, 0xca, 0xc9, 0xd2, 0xca, 0xd2, 0xc9, 0xca, 0xc9, 0xd2,
    0xca, 0xd2, 0xc9, 0xca, 0xc9, 0xd2, 0xca, 0xd2, 0xc9, 0xd2, 0xc9, 0xd2,
    0xca, 0xca, 0xc9, 0xd2, 0xc9, 0xd2, 0xc9, 0xd2, 0xc9, 0xd2, 0xca, 0xca,
    0xc9, 0xd2, 0xc9, 0xd2, 0xca, 0xd2, 0xc9, 0xca, 0xc9, 0xca, 0xca, 0xd2,
    0xca, 0xd2, 0xc9, 0xca, 0x89, 0xc2, 0xef, 0xb3, 0x39, 0x8e, 0x3a, 0x8e,
    0x5a, 0x96, 0x39, 0x8e, 0x3a, 0x8e, 0xf8, 0xa5, 0xb6, 0xbd, 0xb6, 0xb5,
    0x97, 0xb5, 0xb6, 0xbd, 0x96, 0xad, 0x19, 0x96, 0x3a, 0x8e, 0x39, 0x8e,
    0x5a, 0x8e, 0x3a, 0x8e, 0x3a, 0x8e, 0x59, 0x96, 0x3a, 0x8e, 0x3a, 0x8e,
    0x39, 0x8e, 0xfc, 0xc6, 0xdf, 0xff, 0xbe, 0xf7, 0xbf, 0xff, 0xdf, 0xff,
    0xbe, 0xff, 0xbf, 0xff, 0xdf, 0xff, 0xbe, 0xf7, 0xbf, 0xff, 0xdf, 0xf7,
    0xbf, 0xff, 0xde, 0xf7, 0xbf, 0xff, 0xbe, 0xf7, 0xbf, 0xff, 0xdf, 0xff,
    0xbe, 0xff, 0xdf, 0xf7, 0xbf, 0xff, 0xdf, 0xff, 0x1c, 0xc7, 0x3a, 0x8e,
    0x39, 0x8e, 0x3a, 0x8e, 0x5a, 0x8e, 0x39, 0x8e, 0x3a, 0x8e, 0x3a, 0x8e,
    0x39, 0x8e, 0x3a, 0x8e, 0x3a, 0x96, 0x39, 0x8e, 0x3a, 0x8e, 0x5a, 0x96,
    0x39, 0x8e, 0x3a, 0x8e, 0x3a, 0x96, 0x39, 0x8e, 0xef, 0xbb, 0xc9, 0xd2,
    0xc9, 0xca, 0xc9, 0xd2, 0xca, 0xca, 0xc9, 0xca, 0xc9, 0xca, 0xca, 0xd2,
    0xc9, 0xca, 0xc9, 0xca, 0xca, 0xd2, 0xc9, 0xca, 0xc9, 0xca, 0xca, 0xd2,
    0xca, 0xca, 0xc9, 0xca, 0xca, 0xd2, 0xca, 0xca, 0xc9, 0xca, 0xc9, 0xd2,
    0xc9, 0xca, 0xca, 0xca, 0xc9, 0xd2, 0xc9, 0xd2, 0xca, 0xca, 0xc9, 0xd2,
    0xc9, 0xca, 0xc9, 0xca, 0x89, 0xc2, 0xef, 0xab, 0x39, 0x8e, 0x3a, 0x8e,
    0x3a, 0x8e, 0x3a, 0x8e, 0x39, 0x8e, 0x19, 0x9e, 0xb7, 0xb5, 0x96, 0xb5,
    0x76, 0xb5, 0x96, 0xb5, 0xb7, 0xa5, 0x39, 0x8e, 0x39, 0x8e, 0x3a, 0x8e,
    0x59, 0x8e, 0x3a, 0x8e, 0x39, 0x8e, 0x3a, 0x8e, 0x39, 0x8e, 0x5a, 0x8e,
    0x3a, 0x8e, 0x1c, 0xcf, 0xdf, 0xff, 0xbe, 0xf7, 0xbf, 0xff, 0xbe, 0xf7,
    0xdf, 0xf7, 0xbe, 0xff, 0xbf, 0xff, 0xbf, 0xf7, 0xbe, 0xff, 0xbf, 0xff,
    0xbf, 0xff, 0xbf, 0xff, 0xde, 0xf7, 0xbf, 0xff, 0xbe, 0xf7, 0xbf, 0xff,
    0xde, 0xff, 0xbe, 0xf7, 0xbf, 0xff, 0xdf, 0xff, 0x3c, 0xd7, 0x3a, 0x8e,
    0x3a, 0x8e, 0x59, 0x8e, 0x3a, 0x8e, 0x39, 0x8e, 0x5a, 0x96, 0x3a, 0x8e,
    0x59, 0x8e, 0x3a, 0x8e, 0x3a, 0x8e, 0x39, 0x8e, 0x3a, 0x8e, 0x39, 0x8e,
    0x5a, 0x8e, 0x3a, 0x8e, 0x39, 0x8e, 0x39, 0x8e, 0xef, 0xbb, 0xa9, 0xd2,
    0xca, 0xca, 0xc9, 0xd2, 0xc9, 0xd2, 0xca, 0xca, 0xc9, 0xd2, 0xca, 0xd2,
    0xc9, 0xca, 0xca, 0xd2, 0xc9, 0xca, 0xca, 0xca, 0xc9, 0xd2, 0xc9, 0xca,
    0xc9, 0xd2, 0xc9, 0xd2, 0xca, 0xca, 0xc9, 0xca, 0xca, 0xd2, 0xc9, 0xd2,
    0xca, 0xca, 0xc9, 0xca, 0xc9, 0xd2, 0xca, 0xca, 0xc9, 0xd2, 0xc9, 0xca,
    0xca, 0xd2, 0xc9, 0xca, 0x89, 0xc2, 0xef, 0xb3, 0x5a, 0x8e, 0x5a, 0x8e,
    0x39, 0x8e, 0x5a, 0x8e, 0x3a, 0x8e, 0x39, 0x8e, 0xf8, 0x95, 0xce, 0xb3,
    0x0b, 0xb3, 0xb2, 0x9c, 0x39, 0x8e, 0x3a, 0x8e, 0x3a, 0x8e, 0x3a, 0x8e,
    0x39, 0x96, 0x5a, 0x8e, 0x3a, 0x8e, 0x39, 0x8e, 0x5a, 0x8e, 0x39, 0x8e,
    0x3a, 0x8e, 0x3d, 0xd7, 0xdf, 0xff, 0xbf, 0xff, 0xbe, 0xff, 0xbf, 0xf7,
    0xbf, 0xff, 0xde, 0xf7, 0xbf, 0xff, 0xdf, 0xff, 0xbe, 0xf7, 0xbf, 0xff,
    0xbe, 0xf7, 0xbf, 0xff, 0xbf, 0xff, 0xde, 0xf7, 0xbf, 0xff, 0xbf, 0xf7,
    0xbf, 0xff, 0xbe, 0xff, 0xbf, 0xf7, 0xdf, 0xff, 0x5d, 0xdf, 0x5a, 0x96,
    0x39, 0x8e, 0x3a, 0x8e, 0x3a, 0x8e, 0x39, 0x8e, 0x3a, 0x8e, 0x5a, 0x8e,
    0x39, 0x8e, 0x3a, 0x96, 0x59, 0x8e, 0x5a, 0x8e, 0x3a, 0x8e, 0x39, 0x8e,
    0x3a, 0x96, 0x5a, 0x8e, 0x39, 0x8e, 0x39, 0x8e, 0xef, 0xbb, 0xa9, 0xd2,
    0xc9, 0xca, 0xca, 0xca, 0xc9, 0xd2, 0xc9, 0xca, 0xca, 0xd2, 0xc9, 0xca,
    0xc9, 0xd2, 0xca, 0xd2, 0xc9, 0xca, 0xc9, 0xd2, 0xca, 0xd2, 0xca, 0xca,
    0xc9, 0xca, 0xc9, 0xd2, 0xc9, 0xd2, 0xc9, 0xca, 0xca, 0xd2, 0xc9, 0xca,
    0xc9, 0xd2, 0xca, 0xd2, 0xca, 0xca, 0xc9, 0xca, 0xc9, 0xd2, 0xca, 0xd2,
    0xca, 0xca, 0xc9, 0xca, 0x89, 0xc2, 0xae, 0xb3, 0x96, 0x95, 0xf8, 0x95,
    0x39, 0x8e, 0x5a, 0x8e, 0x3a, 0x8e, 0x3a, 0x8e, 0x19, 0x96, 0x4c, 0xab,
    0x27, 0xaa, 0x71, 0x9c, 0x5a, 0x8e, 0x3a, 0x8e, 0x3a, 0x8e, 0x59, 0x8e,
    0x3a, 0x8e, 0x3a, 0x8e, 0x39, 0x96, 0x5a, 0x8e, 0x3a, 0x8e, 0x39, 0x8e,
    0x5a, 0x96, 0x5d, 0xdf, 0xbf, 0xff, 0xbe, 0xff, 0xdf, 0xf7, 0xbf, 0xff,
    0xbe, 0xff, 0xbf, 0xf7, 0xbe, 0xff, 0xbf, 0xff, 0xdf, 0xf7, 0xbe, 0xff,
    0xbf, 0xff, 0xbe, 0xf7, 0xbf, 0xff, 0xbf, 0xff, 0xde, 0xf7, 0xbf, 0xff,
    0xbf, 0xf7, 0xde, 0xff, 0xbf, 0xff, 0xbe, 0xff, 0x7d, 0xe7, 0x5a, 0x96,
    0x3a, 0x8e, 0x59, 0x8e, 0x3a, 0x8e, 0x3a, 0x8e, 0x39, 0x8e, 0x3a, 0x8e,
    0x3a, 0x8e, 0x39, 0x8e, 0x3a, 0x8e, 0x3a, 0x8e, 0x59, 0x96, 0x3a, 0x8e,
    0x39, 0x8e, 0x3a, 0x8e, 0x3a, 0x8e, 0x39, 0x8e, 0xef, 0xbb, 0xc9, 0xd2,
    0xc9, 0xca, 0xca, 0xd2, 0xc9, 0xca, 0xc9, 0xd2, 0xca, 0xca, 0xc9, 0xca,
    0xc9, 0xd2, 0xca, 0xca, 0xc9, 0xca, 0xc9, 0xd2, 0xca, 0xd2, 0xc9, 0xca,
    0xca, 0xca, 0xca, 0xd2, 0xc9, 0xca, 0xca, 0xd2, 0xc9, 0xca, 0xc9, 0xca,
    0xca, 0xd2, 0xc9, 0xd2, 0xc9, 0xca, 0xca, 0xd2, 0xc9, 0xca, 0xc9, 0xd2,
    0xca, 0xd2, 0xc9, 0xca, 0xa9, 0xc2, 0xa9, 0xba, 0xc9, 0xb2, 0xf3, 0x9c,
    0x5a, 0x8e, 0x3a, 0x8e, 0x39, 0x8e, 0x3a, 0x8e, 0x19, 0x96, 0x4c, 0xab,
    0x48, 0xaa, 0x72, 0x9c, 0x5a, 0x8e, 0x39, 0x8e, 0x3a, 0x96, 0x59, 0x8e,
    0x3a, 0x8e, 0x3a, 0x8e, 0x39, 0x8e, 0x3a, 0x8e, 0x3a, 0x8e, 0x39, 0x8e,
    0x7a, 0x9e, 0x7e, 0xef, 0xbe, 0xff, 0xbf, 0xf7, 0xdf, 0xff, 0xbe, 0xff,
    0xbf, 0xf7, 0xdf, 0xff, 0xbe, 0xf7, 0xbf, 0xff, 0xbf, 0xff, 0xbe, 0xf7,
    0xbf, 0xff, 0xde, 0xf7, 0xbf, 0xff, 0xbf, 0xff, 0xbe, 0xff, 0xde, 0xf7,
    0xbf, 0xff, 0xbf, 0xf7, 0xbe, 0xff, 0xbf, 0xff, 0x9e, 0xf7, 0x9a, 0xa6,
    0x3a, 0x8e, 0x3a, 0x8e, 0x59, 0x96, 0x5a, 0x8e, 0x39, 0x8e, 0x5a, 0x96,
    0x3a, 0x8e, 0x59, 0x8e, 0x3a, 0x8e, 0x39, 0x8e, 0x3a, 0x8e, 0x5a, 0x8e,
    0x39, 0x8e, 0x3a, 0x8e, 0x5a, 0x8e, 0x39, 0x96, 0xef, 0xbb, 0xa9, 0xd2,
    0xc9, 0xca, 0xca, 0xd2, 0xc9, 0xd2, 0xca, 0xca, 0xc9, 0xd2, 0xca, 0xd2,
    0xc9, 0xca, 0xc9, 0xd2, 0xca, 0xca, 0xc9, 0xca, 0xc9, 0xd2, 0xc9, 0xd2,
    0xc9, 0xca, 0xca, 0xd2, 0xc9, 0xca, 0xc9, 0xd2, 0xca, 0xd2, 0xc9, 0xca,
    0xca, 0xca, 0xc9, 0xd2, 0xc9, 0xca, 0xca, 0xca, 0xc9, 0xd2, 0xc9, 0xca,
    0xca, 0xca, 0xc9, 0xca, 0xa9, 0xc2, 0x89, 0xc2, 0x68, 0xba, 0xcf, 0xa3,
    0x55, 0x95, 0x19, 0x96, 0x5a, 0x8e, 0x3a, 0x8e, 0x18, 0x96, 0x4c, 0xab,
    0x47, 0xaa, 0x71, 0x9c, 0x5a, 0x8e, 0x3a, 0x8e, 0x39, 0x8e, 0x3a, 0x8e,
    0x39, 0x8e, 0x5a, 0x8e, 0x59, 0x8e, 0x3a, 0x8e, 0x3a, 0x8e, 0x39, 0x8e,
    0x9a, 0xa6, 0xbe, 0xf7, 0xbf, 0xff, 0xbf, 0xf7, 0xbe, 0xff, 0xbe, 0xff,
    0xdf, 0xf7, 0xbf, 0xff, 0xbe, 0xff, 0xdf, 0xf7, 0xbf, 0xff, 0xbe, 0xff,
    0xbf, 0xff, 0xbe, 0xf7, 0xdf, 0xf7, 0xbf, 0xff, 0xbe, 0xf7, 0xbf, 0xff,
    0xdf, 0xff, 0xbe, 0xf7, 0xdf, 0xf7, 0xbf, 0xff, 0xbf, 0xf7, 0xbb, 0xb6,
    0x39, 0x8e, 0x3a, 0x8e, 0x3a, 0x8e, 0x39, 0x8e, 0x3a, 0x8e, 0x39, 0x8e,
    0x3a, 0x8e, 0x3a, 0x8e, 0x59, 0x96, 0x3a, 0x8e, 0x3a, 0x8e, 0x39, 0x8e,
    0x5a, 0x8e, 0x3a, 0x8e, 0x39, 0x8e, 0x39, 0x8e, 0xef, 0xbb, 0xc9, 0xd2,
    0xc9, 0xca, 0xca, 0xca, 0xc9, 0xd2, 0xc9, 0xca, 0xca, 0xca, 0xc9, 0xd2,
    0xca, 0xca, 0xc9, 0xd2, 0xca, 0xd2, 0xca, 0xca, 0xc9, 0xca, 0xca, 0xd2,
    0xc9, 0xd2, 0xc9, 0xca, 0xca, 0xca, 0xc9, 0xd2, 0xc9, 0xd2, 0xca, 0xca,
    0xc9, 0xd2, 0xc9, 0xca, 0xca, 0xd2, 0xc9, 0xd2, 0xca, 0xca, 0xc9, 0xd2,
    0xca, 0xd2, 0xa9, 0xca, 0xa9, 0xc2, 0x89, 0xc2, 0x68, 0xba, 0x68, 0xb2,
    0x89, 0xaa, 0xef, 0x9b, 0x19, 0x96, 0x5a, 0x8e, 0xf8, 0x95, 0x4c, 0xab,
    0x48, 0xaa, 0x71, 0x9c, 0x5a, 0x8e, 0x3a, 0x8e, 0x3a, 0x8e, 0x5a, 0x8e,
    0x3a, 0x96, 0x39, 0x8e, 0x3a, 0x8e, 0x59, 0x96, 0x3a, 0x8e, 0x3a, 0x8e,
    0xdb, 0xb6, 0xbf, 0xf7, 0xbf, 0xff, 0xde, 0xff, 0xbf, 0xf7, 0xbf, 0xff,
    0xbe, 0xff, 0xbf, 0xf7, 0xbe, 0xff, 0xdf, 0xf7, 0xbf, 0xf7, 0xbe, 0xff,
    0xbf, 0xff, 0xbe, 0xff, 0xbf, 0xff, 0xdf, 0xf7, 0xbe, 0xff, 0xbf, 0xff,
    0xbf, 0xff, 0xbe, 0xff, 0xbf, 0xf7, 0xde, 0xff, 0xdf, 0xff, 0x1c, 0xcf,
    0x39, 0x8e, 0x3a, 0x8e, 0x5a, 0x8e, 0x39, 0x8e, 0x3a, 0x8e, 0x5a, 0x8e,
    0x39, 0x8e, 0x3a, 0x8e, 0x39, 0x8e, 0x5a, 0x8e, 0x39, 0x8e, 0x3a, 0x96,
    0x3a, 0x8e, 0x39, 0x8e, 0x3a, 0x8e, 0x39, 0x8e, 0xef, 0xbb, 0xa9, 0xd2,
    0xc9, 0xca, 0xca, 0xd2, 0xc9, 0xca, 0xc9, 0xd2, 0xca, 0xca, 0xc9, 0xd2,
    0xc9, 0xca, 0xc9, 0xca, 0xc9, 0xd2, 0xc9, 0xd2, 0xca, 0xca, 0xc9, 0xca,
    0xc9, 0xca, 0x0a, 0xd3, 0xca, 0xca, 0xc9, 0xca, 0xc9, 0xd2, 0xca, 0xca,
    0xc9, 0xd2, 0xca, 0xca, 0xc9, 0xd2, 0xc9, 0xca, 0xca, 0xca, 0xc9, 0xd2,
    0xca, 0xd2, 0xc9, 0xca, 0xa9, 0xc2, 0x89, 0xba, 0x88, 0xb2, 0xca, 0xb2,
    0x88, 0xb2, 0x68, 0xaa, 0x92, 0x9c, 0x5a, 0x8e, 0xf9, 0x95, 0x4c, 0xab,
    0x48, 0xaa, 0x71, 0x9c, 0x5a, 0x8e, 0x3a, 0x8e, 0x39, 0x8e, 0x59, 0x8e,
    0x3a, 0x8e, 0x3a, 0x8e, 0x39, 0x8e, 0x3a, 0x8e, 0x3a, 0x8e, 0x39, 0x8e,
    0x1c, 0xcf, 0xdf, 0xff, 0xbf, 0xff, 0xbe, 0xf7, 0xdf, 0xff, 0xbf, 0xf7,
    0xde, 0xff, 0xbf, 0xff, 0xbe, 0xf7, 0x9e, 0xf7, 0xbe, 0xff, 0xbf, 0xff,
    0xbf, 0xf7, 0xbe, 0xff, 0xbf, 0xff, 0xbe, 0xf7, 0xdf, 0xff, 0xbf, 0xf7,
    0xbe, 0xf7, 0xdf, 0xff, 0xbf, 0xff, 0xbe, 0xf7, 0xdf, 0xff, 0x7d, 0xe7,
    0x5a, 0x96, 0x3a, 0x8e, 0x39, 0x8e, 0x5a, 0x8e, 0x3a, 0x96, 0x39, 0x8e,
    0x5a, 0x8e, 0x3a, 0x96, 0x3a, 0x8e, 0x5a, 0x96, 0x5a, 0x96, 0x39, 0x8e,
    0x3a, 0x8e, 0x5a, 0x8e, 0x3a, 0x96, 0x39, 0x8e, 0xef, 0xbb, 0xa9, 0xd2,
    0xc9, 0xca, 0xca, 0xd2, 0xc9, 0xd2, 0xc9, 0xca, 0xca, 0xd2, 0xc9, 0xd2,
    0xca, 0xca, 0xca, 0xca, 0xc9, 0xd2, 0xc9, 0xd2, 0xc9, 0xca, 0xca, 0xca,
    0xae, 0xe4, 0xf0, 0xf5, 0x8b, 0xdb, 0xc9, 0xca, 0xca, 0xca, 0xc9, 0xd2,
    0xc9, 0xca, 0xca, 0xd2, 0xc9, 0xca, 0xc9, 0xd2, 0xc9, 0xca, 0xca, 0xca,
    0xc9, 0xd2, 0xc9, 0xca, 0xa9, 0xc2, 0x88, 0xc2, 0x68, 0xba, 0x71, 0xa4,
    0xce, 0xab, 0x48, 0xb2, 0x6d, 0xa3, 0x19, 0x8e, 0xf8, 0x8d, 0x4c, 0xab,
    0x68, 0xb2, 0x92, 0x9c, 0x5a, 0x8e, 0x3a, 0x8e, 0x39, 0x96, 0x3a, 0x8e,
    0x3a, 0x8e, 0x59, 0x8e, 0x3a, 0x8e, 0x3a, 0x8e, 0x59, 0x8e, 0x5a, 0x96,
    0x7e, 0xe7, 0xdf, 0xff, 0xbe, 0xff, 0xbf, 0xff, 0xbf, 0xf7, 0xbe, 0xff,
    0xbf, 0xf7, 0xbe, 0xf7, 0x9e, 0xf7, 0x9e, 0xf7, 0xbe, 0xf7, 0xbf, 0xff,
    0xbf, 0xff, 0xdf, 0xf7, 0xbe, 0xff, 0xbf, 0xff, 0xbf, 0xf7, 0xde, 0xff,
    0xbe, 0xff, 0xbf, 0xf7, 0xbf, 0xff, 0xbf, 0xff, 0xbf, 0xf7, 0xbe, 0xf7,
    0x9b, 0xa6, 0x3a, 0x8e, 0x39, 0x8e, 0x3a, 0x8e, 0x39, 0x8e, 0x3a, 0x8e,
    0x39, 0x8e, 0x59, 0x8e, 0x5a, 0x96, 0x3a, 0x96, 0x5a, 0x8e, 0x39, 0x8e,
    0x39, 0x8e, 0x5a, 0x8e, 0x39, 0x8e, 0x39, 0x8e, 0xef, 0xbb, 0xc9, 0xd2,
    0xc9, 0xca, 0xca, 0xca, 0xc9, 0xd2, 0xca, 0xca, 0xc9, 0xca, 0xc9, 0xd2,
    0xca, 0xd2, 0xc9, 0xca, 0xca, 0xca, 0xc9, 0xca, 0xc9, 0xca, 0xae, 0xe4,
    0xf3, 0xfe, 0x33, 0xff, 0x51, 0xf6, 0x8b, 0xd3, 0xa9, 0xd2, 0xca, 0xd2,
    0xc9, 0xca, 0xc9, 0xca, 0xca, 0xd2, 0xca, 0xd2, 0xc9, 0xd2, 0xc9, 0xca,
    0xca, 0xd2, 0xa9, 0xca, 0xa9, 0xc2, 0x0b, 0xbb, 0xef, 0xa3, 0x76, 0x95,
    0x92, 0x9c, 0x47, 0xb2, 0x2c, 0xa3, 0x18, 0x8e, 0x19, 0x96, 0x4c, 0xb3,
    0x68, 0xb2, 0x72, 0x9c, 0x5a, 0x8e, 0x39, 0x8e, 0x3a, 0x8e, 0x3a, 0x8e,
    0x59, 0x8e, 0x3a, 0x96, 0x3a, 0x8e, 0x59, 0x8e, 0x39, 0x8e, 0x9b, 0xae,
    0x9e, 0xf7, 0xbf, 0xff, 0xbe, 0xf7, 0xbf, 0xff, 0xdf, 0xff, 0xbe, 0xff,
    0xbf, 0xf7, 0x9e, 0xf7, 0x9e, 0xf7, 0xbe, 0xf7, 0xbf, 0xff, 0xbf, 0xf7,
    0xbe, 0xff, 0xbf, 0xf7, 0xdf, 0xff, 0xbe, 0xff, 0xbf, 0xf7, 0xbf, 0xff,
    0xdf, 0xff, 0xbe, 0xf7, 0xbe, 0xff, 0xbf, 0xff, 0xbe, 0xf7, 0xbf, 0xff,
    0xfc, 0xc6, 0x39, 0x8e, 0x5a, 0x8e, 0x3a, 0x8e, 0x5a, 0x8e, 0x3a, 0x8e,
    0x5a, 0x96, 0x5a, 0x96, 0x39, 0x8e, 0x3a, 0x8e, 0x39, 0x8e, 0x3a, 0x8e,
    0x3a, 0x8e, 0x3a, 0x8e, 0x3a, 0x8e, 0x39, 0x8e, 0xef, 0xbb, 0xa9, 0xd2,
    0xc9, 0xca, 0xc9, 0xca, 0xca, 0xd2, 0xc9, 0xd2, 0xc9, 0xca, 0xca, 0xca,
    0xc9, 0xd2, 0xc9, 0xd2, 0xca, 0xca, 0xa9, 0xca, 0x2d, 0xdc, 0xd2, 0xfe,
    0x33, 0xff, 0x33, 0xff, 0x34, 0xff, 0xf1, 0xf5, 0x2a, 0xd3, 0xc9, 0xca,
    0xca, 0xd2, 0xc9, 0xd2, 0xc9, 0xca, 0xca, 0xca, 0xc9, 0xd2, 0xc9, 0xca,
    0xca, 0xca, 0xca, 0xca, 0x89, 0xc2, 0xef, 0xab, 0x39, 0x8e, 0x5a, 0x8e,
    0x72, 0xa4, 0x48, 0xb2, 0x2b, 0xa3, 0x19, 0x8e, 0x19, 0x96, 0x6c, 0xab,
    0x48, 0xaa, 0x71, 0x9c, 0x5a, 0x8e, 0x3a, 0x8e, 0x39, 0x8e, 0x5a, 0x8e,
    0x39, 0x8e, 0x3a, 0x8e, 0x3a, 0x8e, 0x39, 0x8e, 0x3a, 0x8e, 0xfc, 0xce,
    0xbf, 0xff, 0xbe, 0xf7, 0xbf, 0xff, 0xdf, 0xf7, 0xbe, 0xff, 0xbe, 0xf7,
    0x9e, 0xf7, 0x9e, 0xf7, 0x9e, 0xf7, 0xbf, 0xff, 0xbf, 0xff, 0xbe, 0xff,
    0xbf, 0xff, 0xbe, 0xf7, 0xbf, 0xff, 0xde, 0xf7, 0xbe, 0xff, 0xbf, 0xff,
    0xbf, 0xf7, 0xdf, 0xff, 0xbe, 0xf7, 0xdf, 0xff, 0xbf, 0xff, 0xdf, 0xff,
    0x7d, 0xe7, 0x5a, 0x96, 0x3a, 0x8e, 0x39, 0x8e, 0x39, 0x8e, 0x3a, 0x96,
    0x5a, 0x96, 0x3a, 0x8e, 0x59, 0x8e, 0x3a, 0x8e, 0x3a, 0x8e, 0x59, 0x8e,
    0x3a, 0x8e, 0x39, 0x96, 0x5a, 0x8e, 0x39, 0x8e, 0xef, 0xbb, 0xa9, 0xd2,
    0xc9, 0xca, 0xca, 0xd2, 0xc9, 0xca, 0xc9, 0xd2, 0xca, 0xd2, 0xc9, 0xca,
    0xc9, 0xca, 0xca, 0xd2, 0xa9, 0xca, 0x4a, 0xd3, 0x51, 0xf6, 0x33, 0xff,
    0x33, 0xff, 0x33, 0xff, 0x33, 0xff, 0x33, 0xff, 0xee, 0xe4, 0xca, 0xd2,
    0xc9, 0xca, 0xc9, 0xd2, 0xca, 0xca, 0xc9, 0xca, 0xc9, 0xd2, 0xca, 0xd2,
    0xc9, 0xd2, 0xc9, 0xca, 0x89, 0xc2, 0xef, 0xab, 0x39, 0x8e, 0x5a, 0x8e,
    0x71, 0xa4, 0x48, 0xb2, 0x2c, 0xa3, 0x19, 0x96, 0x19, 0x96, 0x4c, 0xab,
    0x48, 0xaa, 0x71, 0x9c, 0x5a, 0x8e, 0x3a, 0x8e, 0x39, 0x8e, 0x3a, 0x96,
    0x3a, 0x8e, 0x59, 0x8e, 0x3a, 0x96, 0x3a, 0x8e, 0x7a, 0x96, 0x7e, 0xe7,
    0xdf, 0xff, 0xbe, 0xff, 0xbf, 0xff, 0xbf, 0xf7, 0xbe, 0xf7, 0x9e, 0xf7,
    0x9e, 0xf7, 0x9e, 0xf7, 0xbf, 0xff, 0xbf, 0xff, 0xbe, 0xf7, 0xbf, 0xff,
    0xbf, 0xff, 0xbf, 0xff, 0xbe, 0xf7, 0xbf, 0xff, 0xdf, 0xff, 0xbe, 0xf7,
    0xbf, 0xff, 0xbf, 0xff, 0xbe, 0xf7, 0xbf, 0xf7, 0xbe, 0xff, 0xbf, 0xff,
    0xbe, 0xf7, 0xbb, 0xb6, 0x3a, 0x8e, 0x59, 0x8e, 0x3a, 0x8e, 0x5a, 0x96,
    0x39, 0x8e, 0x5a, 0x8e, 0x3a, 0x8e, 0x39, 0x8e, 0x5a, 0x8e, 0x3a, 0x8e,
    0x39, 0x8e, 0x5a, 0x8e, 0x39, 0x8e, 0x39, 0x8e, 0xef, 0xbb, 0xc9, 0xd2,
    0xca, 0xca, 0xc9, 0xd2, 0xca, 0xca, 0xc9, 0xca, 0xca, 0xd2, 0xc9, 0xd2,
    0xc9, 0xca, 0xc9, 0xca, 0xa9, 0xca, 0x0f, 0xe5, 0x33, 0xff, 0x33, 0xff,
    0x33, 0xff, 0x33, 0xff, 0x33, 0xff, 0x33, 0xff, 0xb2, 0xfe, 0x8b, 0xd3,
    0xc9, 0xd2, 0xca, 0xca, 0xc9, 0xd2, 0xc9, 0xd2, 0xca, 0xca, 0xca, 0xca,
    0xc9, 0xd2, 0xc9, 0xca, 0x89, 0xc2, 0xef, 0xb3, 0x39, 0x8e, 0x5a, 0x8e,
    0x91, 0xa4, 0x68, 0xb2, 0x4c, 0xa3, 0x19, 0x96, 0x19, 0x96, 0x4c, 0xab,
    0x47, 0xaa, 0x72, 0x9c, 0x5a, 0x8e, 0x39, 0x8e, 0x5a, 0x8e, 0x3a, 0x8e,
    0x39, 0x8e, 0x5a, 0x8e, 0x39, 0x8e, 0x39, 0x8e, 0xdb, 0xb6, 0xbe, 0xff,
    0xbf, 0xff, 0xdf, 0xf7, 0xbe, 0xff, 0xbe, 0xff, 0xbe, 0xf7, 0x9e, 0xf7,
    0x9e, 0xf7, 0xbe, 0xf7, 0xbf, 0xff, 0xde, 0xf7, 0xdf, 0xff, 0xbf, 0xf7,
    0xbe, 0xf7, 0xdf, 0xff, 0xbf, 0xff, 0xbf, 0xf7, 0xbf, 0xff, 0xde, 0xf7,
    0xbe, 0xff, 0xbf, 0xff, 0xdf, 0xff, 0xbe, 0xf7, 0xbf, 0xff, 0xdf, 0xf7,
    0xdf, 0xff, 0x5d, 0xdf, 0x5a, 0x96, 0x3a, 0x8e, 0x5a, 0x96, 0x5a, 0x8e,
    0x39, 0x8e, 0x3a, 0x96, 0x3a, 0x8e, 0x39, 0x8e, 0x3a, 0x96, 0x3a, 0x8e,
    0x39, 0x8e, 0x3a, 0x8e, 0x3a, 0x8e, 0x39, 0x8e, 0xef, 0xbb, 0xa9, 0xd2,
    0xc9, 0xca, 0xc9, 0xd2, 0xca, 0xd2, 0xc9, 0xca, 0xc9, 0xca, 0xca, 0xca,
    0xc9, 0xca, 0xa9, 0xca, 0x4c, 0xd3, 0xd7, 0xfe, 0x76, 0xff, 0x33, 0xff,
    0x33, 0xff, 0x33, 0xff, 0x33, 0xff, 0x33, 0xff, 0x33, 0xff, 0xee, 0xe4,
    0xca, 0xca, 0xc9, 0xd2, 0xca, 0xca, 0xc9, 0xd2, 0xc9, 0xca, 0xca, 0xca,
    0xca, 0xd2, 0xc9, 0xca, 0x89, 0xc2, 0xef, 0xab, 0x3a, 0x8e, 0x5a, 0x8e,
    0x92, 0xa4, 0x68, 0xb2, 0x4c, 0xa3, 0x19, 0x8e, 0x19, 0x96, 0x4c, 0xab,
    0x47, 0xaa, 0x72, 0x9c, 0x5a, 0x8e, 0x39, 0x8e, 0x3a, 0x8e, 0x5a, 0x8e,
    0x39, 0x8e, 0x3a, 0x8e, 0x3a, 0x8e, 0x5a, 0x96, 0x5d, 0xdf, 0xbf, 0xff,
    0xbf, 0xff, 0xbe, 0xf7, 0xbf, 0xf7, 0x9e, 0xf7, 0x9e, 0xf7, 0xbf, 0xff,
    0xbf, 0xff, 0xbf, 0xff, 0xbe, 0xf7, 0xbf, 0xff, 0xbe, 0xff, 0xbf, 0xff,
    0xbf, 0xff, 0xbe, 0xf7, 0xde, 0xff, 0xbf, 0xff, 0xbe, 0xf7, 0xbf, 0xff,
    0xdf, 0xf7, 0xbe, 0xff, 0xbf, 0xff, 0xdf, 0xff, 0xbe, 0xf7, 0xbf, 0xff,
    0xbe, 0xff, 0xbe, 0xf7, 0xbb, 0xae, 0x3a, 0x8e, 0x39, 0x96, 0x39, 0x8e,
    0x3a, 0x8e, 0x3a, 0x8e, 0x59, 0x8e, 0x39, 0x8e, 0x3a, 0x8e, 0x59, 0x8e,
    0x5a, 0x8e, 0x3a, 0x96, 0x3a, 0x8e, 0x39, 0x8e, 0xef, 0xbb, 0xa9, 0xd2,
    0xc9, 0xca, 0xca, 0xca, 0xc9, 0xd2, 0xc9, 0xd2, 0xca, 0xca, 0xca, 0xd2,
    0xc9, 0xca, 0xa9, 0xca, 0x2e, 0xdc, 0x79, 0xff, 0x99, 0xff, 0x56, 0xff,
    0x34, 0xff, 0x13, 0xff, 0x33, 0xff, 0x34, 0xff, 0x33, 0xff, 0xf1, 0xf5,
    0xea, 0xd2, 0xc9, 0xd2, 0xc9, 0xca, 0xca, 0xd2, 0xc9, 0xd2, 0xc9, 0xd2,
    0xca, 0xca, 0xc9, 0xca, 0x89, 0xc2, 0xef, 0xab, 0x39, 0x8e, 0x5a, 0x8e,
    0x92, 0xa4, 0x68, 0xb2, 0x2b, 0xa3, 0x18, 0x8e, 0xf9, 0x95, 0x4c, 0xab,
    0x47, 0xaa, 0x71, 0x9c, 0x5a, 0x8e, 0x3a, 0x8e, 0x39, 0x96, 0x3a, 0x8e,
    0x3a, 0x8e, 0x39, 0x96, 0x3a, 0x8e, 0xbb, 0xb6, 0xbe, 0xf7, 0xbf, 0xff,
    0xbf, 0xff, 0xde, 0xff, 0xbf, 0xf7, 0x9e, 0xf7, 0xbe, 0xf7, 0xbf, 0xff,
    0xbe, 0xf7, 0xbf, 0xff, 0xdf, 0xff, 0xbe, 0xf7, 0xbf, 0xff, 0xbe, 0xf7,
    0xbf, 0xff, 0xbf, 0xf7, 0xbe, 0xff, 0xdf, 0xff, 0xbf, 0xf7, 0xbe, 0xff,
    0xbf, 0xff, 0xbf, 0xf7, 0xbe, 0xf7, 0xbf, 0xff, 0xbe, 0xff, 0xbf, 0xf7,
    0xbf, 0xff, 0xdf, 0xff, 0x5d, 0xdf, 0x5a, 0x96, 0x5a, 0x8e, 0x3a, 0x8e,
    0x39, 0x8e, 0x5a, 0x8e, 0x3a, 0x8e, 0x3a, 0x8e, 0x39, 0x8e, 0x3a, 0x8e,
    0x39, 0x8e, 0x5a, 0x8e, 0x39, 0x8e, 0x39, 0x8e, 0xef, 0xbb, 0xc9, 0xd2,
    0xc9, 0xca, 0xca, 0xd2, 0xc9, 0xca, 0xc9, 0xca, 0xca, 0xd2, 0xc9, 0xd2,
    0xc9, 0xca, 0xa9, 0xca, 0x8f, 0xe4, 0x99, 0xff, 0x9a, 0xff, 0x99, 0xff,
    0x77, 0xff, 0x34, 0xff, 0x33, 0xff, 0x33, 0xff, 0x33, 0xff, 0x31, 0xf6,
    0x0a, 0xd3, 0xc9, 0xca, 0xca, 0xca, 0xc9, 0xca, 0xc9, 0xd2, 0xc9, 0xca,
    0xca, 0xd2, 0xc9, 0xca, 0x88, 0xc2, 0xef, 0xb3, 0x59, 0x8e, 0x5a, 0x8e,
    0x92, 0xa4, 0x68, 0xb2, 0x2c, 0xa3, 0x18, 0x8e, 0xf9, 0x95, 0x4c, 0xab,
    0x47, 0xaa, 0x72, 0x9c, 0x5a, 0x8e, 0x3a, 0x8e, 0x39, 0x8e, 0x5a, 0x8e,
    0x3a, 0x8e, 0x5a, 0x8e, 0x5a, 0x96, 0x5d, 0xdf, 0xdf, 0xff, 0xbe, 0xf7,
    0xbf, 0xff, 0xbf, 0xff, 0xbe, 0xff, 0xbe, 0xf7, 0xbf, 0xff, 0xbf, 0xff,
    0xbe, 0xf7, 0xdf, 0xff, 0xbf, 0xff, 0xbe, 0xf7, 0xdf, 0xff, 0xbf, 0xff,
    0xbf, 0xff, 0xbe, 0xf7, 0xbf, 0xff, 0xbf, 0xf7, 0xde, 0xff, 0xbf, 0xff,
    0xdf, 0xf7, 0xbe, 0xff, 0xdf, 0xff, 0xbf, 0xf7, 0xde, 0xff, 0xbf, 0xf7,
    0xbf, 0xff, 0xbe, 0xff, 0xbe, 0xf7, 0xdb, 0xbe, 0x3a, 0x8e, 0x3a, 0x8e,
    0x39, 0x8e, 0x39, 0x8e, 0x5a, 0x96, 0x3a, 0x8e, 0x5a, 0x8e, 0x39, 0x96,
    0x3a, 0x8e, 0x3a, 0x8e, 0x3a, 0x8e, 0x39, 0x96, 0xef, 0xbb, 0xa9, 0xd2,
    0xc9, 0xca, 0xca, 0xd2, 0xc9, 0xd2, 0xc9, 0xca, 0xca, 0xca, 0xc9, 0xd2,
    0xc9, 0xca, 0xa9, 0xca, 0x0e, 0xdc, 0x79, 0xff, 0xba, 0xff, 0x9a, 0xff,
    0x9a, 0xff, 0x99, 0xff, 0x77, 0xff, 0x55, 0xff, 0x56, 0xff, 0xf2, 0xf5,
    0xea, 0xd2, 0xc9, 0xd2, 0xca, 0xca, 0xc9, 0xd2, 0xca, 0xca, 0xc9, 0xd2,
    0xca, 0xd2, 0xc9, 0xca, 0x89, 0xc2, 0xef, 0xab, 0x39, 0x8e, 0x5a, 0x8e,
    0x71, 0xa4, 0x48, 0xb2, 0x2c, 0xa3, 0x19, 0x8e, 0xf8, 0x95, 0x4c, 0xab,
    0x48, 0xaa, 0x71, 0x9c, 0x5a, 0x8e, 0x3a, 0x8e, 0x39, 0x8e, 0x59, 0x8e,
    0x3a, 0x8e, 0x39, 0x8e, 0xdb, 0xbe, 0xbf, 0xff, 0xbf, 0xff, 0xbe, 0xf7,
    0xdf, 0xf7, 0xbf, 0xff, 0xbe, 0xf7, 0xbf, 0xff, 0xbf, 0xff, 0xbe, 0xf7,
    0xdf, 0xff, 0xbe, 0xf7, 0xbf, 0xff, 0xbf, 0xf7, 0xbe, 0xff, 0xbf, 0xff,
    0xbe, 0xff, 0xdf, 0xff, 0xbf, 0xf7, 0xbe, 0xff, 0xbf, 0xff, 0xbf, 0xf7,
    0xbe, 0xf7, 0xde, 0xff, 0xbf, 0xff, 0xbf, 0xf7, 0xbe, 0xff, 0xdf, 0xff,
    0xbe, 0xf7, 0xbf, 0xff, 0xbf, 0xff, 0x7e, 0xef, 0x7a, 0x9e, 0x59, 0x8e,
    0x3a, 0x8e, 0x3a, 0x8e, 0x39, 0x8e, 0x39, 0x8e, 0x3a, 0x8e, 0x5a, 0x8e,
    0x39, 0x8e, 0x3a, 0x8e, 0x5a, 0x8e, 0x39, 0x8e, 0xef, 0xbb, 0xc9, 0xd2,
    0xc9, 0xca, 0xca, 0xca, 0xc9, 0xd2, 0xc9, 0xd2, 0xca, 0xca, 0xca, 0xd2,
    0xc9, 0xd2, 0xc9, 0xca, 0x0a, 0xd3, 0x75, 0xf6, 0xba, 0xff, 0x99, 0xff,
    0x99, 0xff, 0x9a, 0xff, 0x9a, 0xff, 0x99, 0xff, 0x99, 0xff, 0x8f, 0xe4,
    0xa9, 0xca, 0xc9, 0xca, 0xc9, 0xd2, 0xca, 0xd2, 0xc9, 0xca, 0xc9, 0xca,
    0xca, 0xd2, 0xc9, 0xca, 0x89, 0xc2, 0xef, 0xb3, 0x3a, 0x8e, 0x5a, 0x8e,
    0x91, 0xa4, 0x48, 0xb2, 0x2b, 0xa3, 0x19, 0x8e, 0xf9, 0x95, 0x4c, 0xab,
    0x47, 0xaa, 0x72, 0x9c, 0x5a, 0x8e, 0x3a, 0x8e, 0x3a, 0x96, 0x3a, 0x8e,
    0x39, 0x8e, 0x7a, 0xa6, 0x9e, 0xef, 0xbf, 0xff, 0xbe, 0xff, 0xbf, 0xff,
    0xde, 0xff, 0xbf, 0xf7, 0xdf, 0xff, 0xbf, 0xff, 0xbe, 0xf7, 0xdf, 0xff,
    0xbf, 0xff, 0xbe, 0xf7, 0xbf, 0xff, 0xdf, 0xff, 0xbe, 0xf7, 0xbf, 0xf7,
    0xbf, 0xf7, 0xbf, 0xff, 0xde, 0xf7, 0xbe, 0xff, 0xbf, 0xff, 0xdf, 0xf7,
    0xbe, 0xff, 0xbf, 0xff, 0xbf, 0xf7, 0xbe, 0xff, 0xbf, 0xff, 0xbf, 0xf7,
    0xde, 0xff, 0xbf, 0xf7, 0xbf, 0xff, 0xde, 0xff, 0x3d, 0xd7, 0x5a, 0x96,
    0x3a, 0x8e, 0x5a, 0x8e, 0x3a, 0x8e, 0x39, 0x8e, 0x3a, 0x8e, 0x5a, 0x8e,
    0x39, 0x8e, 0x39, 0x96, 0x3a, 0x8e, 0x39, 0x8e, 0xef, 0xbb, 0xa9, 0xd2,
    0xc9, 0xca, 0xca, 0xca, 0xc9, 0xd2, 0xc9, 0xca, 0xca, 0xca, 0xc9, 0xd2,
    0xc9, 0xca, 0xca, 0xd2, 0xa9, 0xca, 0xed, 0xdb, 0xf7, 0xfe, 0xba, 0xff,
    0xba, 0xff, 0xb9, 0xff, 0xba, 0xff, 0x99, 0xff, 0xb3, 0xed, 0xea, 0xd2,
    0xca, 0xca, 0xc9, 0xca, 0xca, 0xd2, 0xc9, 0xca, 0xc9, 0xd2, 0xca, 0xca,
    0xca, 0xd2, 0xc9, 0xca, 0x89, 0xc2, 0xef, 0xab, 0x39, 0x8e, 0x5a, 0x8e,
    0x92, 0xa4, 0x47, 0xb2, 0x2c, 0xa3, 0x18, 0x8e, 0xf9, 0x95, 0x4c, 0xab,
    0x47, 0xaa, 0x71, 0x9c, 0x5a, 0x8e, 0x39, 0x8e, 0x3a, 0x8e, 0x5a, 0x8e,
    0x5a, 0x96, 0x3d, 0xd7, 0xbf, 0xff, 0xbe, 0xf7, 0xdf, 0xf7, 0xbf, 0xff,
    0xbe, 0xff, 0xbe, 0xf7, 0xbf, 0xff, 0xde, 0xf7, 0xbf, 0xff, 0xbf, 0xff,
    0xbe, 0xf7, 0xbf, 0xff, 0xde, 0xff, 0xbf, 0xf7, 0xbf, 0xff, 0xbe, 0xff,
    0xbf, 0xff, 0xbe, 0xf7, 0xbf, 0xff, 0xdf, 0xff, 0xbe, 0xf7, 0xbf, 0xff,
    0xdf, 0xff, 0xbe, 0xf7, 0xdf, 0xff, 0xde, 0xff, 0xbf, 0xf7, 0xbf, 0xff,
    0xbe, 0xff, 0xdf, 0xf7, 0xbe, 0xf7, 0xbf, 0xff, 0xbe, 0xf7, 0xdb, 0xbe,
    0x39, 0x8e, 0x3a, 0x8e, 0x5a, 0x96, 0x39, 0x8e, 0x3a, 0x8e, 0x3a, 0x96,
    0x59, 0x8e, 0x3a, 0x8e, 0x3a, 0x8e, 0x39, 0x8e, 0xef, 0xbb, 0xa9, 0xd2,
    0xc9, 0xca, 0xca, 0xd2, 0xc9, 0xd2, 0xc9, 0xca, 0xca, 0xd2, 0xc9, 0xca,
    0xc9, 0xd2, 0xca, 0xca, 0xca, 0xd2, 0xc9, 0xca, 0xcd, 0xd3, 0xd3, 0xed,
    0xd7, 0xfe, 0xf7, 0xfe, 0x76, 0xf6, 0xd0, 0xe4, 0x0a, 0xd3, 0xca, 0xca,
    0xc9, 0xd2, 0xca, 0xd2, 0xc9, 0xca, 0xc9, 0xd2, 0xca, 0xca, 0xc9, 0xd2,
    0xc9, 0xd2, 0xc9, 0xca, 0x89, 0xc2, 0xef, 0xab, 0x39, 0x8e, 0x5a, 0x8e,
    0x71, 0xa4, 0x48, 0xb2, 0x2c, 0xa3, 0x18, 0x8e, 0xf9, 0x8d, 0x4c, 0xab,
    0x48, 0xb2, 0x72, 0x9c, 0x5a, 0x8e, 0x39, 0x8e, 0x39, 0x8e, 0x39, 0x8e,
    0xfc, 0xc6, 0xbe, 0xf7, 0xbf, 0xff, 0xbe, 0xff, 0xbf, 0xf7, 0xdf, 0xff,
    0xbf, 0xf7, 0xbf, 0xff, 0xbe, 0xff, 0xbf, 0xf7, 0xdf, 0xff, 0xbe, 0xf7,
    0xbf, 0xff, 0xdf, 0xff, 0xbe, 0xf7, 0xbf, 0xff, 0xdf, 0xff, 0xbe, 0xf7,
    0xbe, 0xff, 0xbf, 0xff, 0xbf, 0xf7, 0xbf, 0xff, 0xbe, 0xf7, 0xbf, 0xff,
    0xbf, 0xff, 0xbe, 0xf7, 0xbf, 0xff, 0xbf, 0xf7, 0xde, 0xf7, 0xbf, 0xff,
    0xbf, 0xff, 0xbe, 0xff, 0xbf, 0xff, 0xbf, 0xf7, 0xbf, 0xff, 0x9e, 0xf7,
    0x9b, 0xae, 0x39, 0x8e, 0x3a, 0x8e, 0x59, 0x8e, 0x3a, 0x8e, 0x3a, 0x8e,
    0x39, 0x8e, 0x5a, 0x8e, 0x3a, 0x8e, 0x39, 0x8e, 0xef, 0xbb, 0xc9, 0xd2,
    0xc9, 0xca, 0xca, 0xd2, 0xc9, 0xca, 0xca, 0xd2, 0xc9, 0xd2, 0xca, 0xca,
    0xc9, 0xd2, 0xc9, 0xca, 0xca, 0xd2, 0xc9, 0xd2, 0xa9, 0xca, 0xca, 0xca,
    0x4b, 0xd3, 0x4b, 0xd3, 0x0a, 0xd3, 0xc9, 0xca, 0xc9, 0xca, 0xca, 0xd2,
    0xc9, 0xca, 0xc9, 0xca, 0xca, 0xd2, 0xc9, 0xca, 0xca, 0xd2, 0xc9, 0xca,
    0xca, 0xca, 0xc9, 0xca, 0x89, 0xc2, 0xef, 0xb3, 0x59, 0x8e, 0x5a, 0x8e,
    0x72, 0xa4, 0x48, 0xb2, 0x2b, 0xa3, 0x19, 0x8e, 0xf9, 0x95, 0x4c, 0xab,
    0x47, 0xaa, 0x71, 0x9c, 0x5a, 0x8e, 0x3a, 0x8e, 0x3a, 0x8e, 0xbb, 0xae,
    0x9e, 0xf7, 0xbf, 0xff, 0xde, 0xf7, 0xbf, 0xff, 0xbe, 0xff, 0xbe, 0xf7,
    0xdf, 0xff, 0xbf, 0xff, 0xbe, 0xf7, 0xdf, 0xff, 0xbe, 0xff, 0xbf, 0xf7,
    0xdf, 0xff, 0xbe, 0xf7, 0xbf, 0xf7, 0xbe, 0xff, 0xbf, 0xff, 0xbf, 0xf7,
    0xbf, 0xf7, 0xde, 0xff, 0xbf, 0xff, 0xde, 0xf7, 0xbf, 0xff, 0xde, 0xf7,
    0xbf, 0xff, 0xbe, 0xf7, 0x9e, 0xf7, 0xbe, 0xff, 0xbf, 0xff, 0xbe, 0xf7,
    0xdf, 0xf7, 0xbf, 0xff, 0xde, 0xff, 0xbf, 0xf7, 0xdf, 0xff, 0xde, 0xff,
    0x7e, 0xef, 0x9a, 0xa6, 0x39, 0x8e, 0x3a, 0x8e, 0x5a, 0x8e, 0x39, 0x8e,
    0x3a, 0x8e, 0x39, 0x8e, 0x3a, 0x8e, 0x39, 0x96, 0x0f, 0xbc, 0xca, 0xd2,
    0xc9, 0xca, 0xc9, 0xca, 0xca, 0xd2, 0xc9, 0xca, 0xc9, 0xca, 0xca, 0xd2,
    0xc9, 0xca, 0xc9, 0xd2, 0xca, 0xca, 0xc9, 0xd2, 0xc9, 0xd2, 0xca, 0xca,
    0xc9, 0xd2, 0xc9, 0xca, 0xca, 0xca, 0xca, 0xd2, 0xc9, 0xca, 0xc9, 0xd2,
    0xca, 0xd2, 0xc9, 0xca, 0xc9, 0xd2, 0xca, 0xd2, 0xc9, 0xca, 0xc9, 0xca,
    0xc9, 0xd2, 0xca, 0xca, 0x89, 0xc2, 0xef, 0xab, 0x39, 0x8e, 0x5a, 0x8e,
    0x91, 0xa4, 0x48, 0xb2, 0x2b, 0xa3, 0x19, 0x8e, 0x18, 0x96, 0x4c, 0xab,
    0x47, 0xaa, 0x72, 0x9c, 0x5a, 0x8e, 0x39, 0x8e, 0x9b, 0xa6, 0x7e, 0xef,
    0xde, 0xff, 0xbf, 0xff, 0xbf, 0xf7, 0xdf, 0xff, 0xbf, 0xff, 0xbe, 0xf7,
    0xbf, 0xff, 0xde, 0xff, 0xbf, 0xf7, 0xbf, 0xff, 0xbe, 0xff, 0xbf, 0xf7,
    0xbe, 0xff, 0xbf, 0xff, 0xdf, 0xff, 0xbe, 0xf7, 0xbf, 0xff, 0xdf, 0xff,
    0xbf, 0xff, 0xbe, 0xf7, 0xbf, 0xff, 0xbf, 0xff, 0xde, 0xf7, 0xbf, 0xff,
    0xbf, 0xff, 0x9e, 0xf7, 0x9e, 0xf7, 0xbe, 0xf7, 0xbf, 0xff, 0xbf, 0xff,
    0xbe, 0xf7, 0xdf, 0xff, 0xbe, 0xf7, 0xbe, 0xff, 0xbf, 0xff, 0xbf, 0xf7,
    0xdf, 0xff, 0x7d, 0xe7, 0x7a, 0x9e, 0x3a, 0x8e, 0x39, 0x8e, 0x5a, 0x96,
    0x3a, 0x8e, 0x39, 0x8e, 0x5a, 0x8e, 0x39, 0x8e, 0xef, 0xbb, 0xca, 0xd2,
    0xca, 0xca, 0xc9, 0xd2, 0xc9, 0xd2, 0xca, 0xca, 0xc9, 0xd2, 0xc9, 0xca,
    0xca, 0xd2, 0xc9, 0xca, 0xca, 0xca, 0xc9, 0xca, 0xc9, 0xd2, 0xca, 0xca,
    0xc9, 0xd2, 0xc9, 0xd2, 0xca, 0xca, 0xc9, 0xd2, 0xc9, 0xca, 0xca, 0xca,
    0xc9, 0xd2, 0xc9, 0xca, 0xca, 0xca, 0xc9, 0xd2, 0xc9, 0xca, 0xa9, 0xca,
    0xc9, 0xca, 0xca, 0xca, 0x89, 0xc2, 0xef, 0xb3, 0x39, 0x8e, 0x5a, 0x8e,
    0x72, 0xa4, 0x47, 0xb2, 0x2c, 0xa3, 0x19, 0x8e, 0x19, 0x8e, 0x4c, 0xab,
    0x48, 0xb2, 0x71, 0x9c, 0x5a, 0x8e, 0x7a, 0xa6, 0x7d, 0xe7, 0xdf, 0xff,
    0xbf, 0xff, 0xbe, 0xf7, 0xbf, 0xff, 0xbe, 0xff, 0xdf, 0xf7, 0xbf, 0xff,
    0xbe, 0xf7, 0xbf, 0xff, 0xdf, 0xf7, 0xbe, 0xff, 0xbf, 0xf7, 0xdf, 0xff,
    0xbe, 0xff, 0xbf, 0xf7, 0xdf, 0xff, 0xbe, 0xff, 0xbe, 0xf7, 0xbf, 0xff,
    0xbf, 0xff, 0xbe, 0xf7, 0xbf, 0xff, 0xbf, 0xff, 0xbe, 0xf7, 0xbf, 0xff,
    0xdf, 0xff, 0xbe, 0xf7, 0xbe, 0xf7, 0xbf, 0xf7, 0xbf, 0xff, 0xbe, 0xff,
    0xbf, 0xff, 0xbf, 0xf7, 0xbf, 0xff, 0xbe, 0xff, 0xbf, 0xf7, 0xbf, 0xff,
    0xbe, 0xf7, 0xdf, 0xff, 0x5d, 0xe7, 0x7a, 0xa6, 0x3a, 0x8e, 0x3a, 0x8e,
    0x59, 0x8e, 0x3a, 0x8e, 0x3a, 0x8e, 0x39, 0x8e, 0xef, 0xbb, 0xc9, 0xd2,
    0xc9, 0xca, 0xc9, 0xd2, 0xca, 0xca, 0xc9, 0xd2, 0xc9, 0xca, 0xca, 0xd2,
    0xc9, 0xd2, 0xc9, 0xca, 0xca, 0xd2, 0xc9, 0xd2, 0xc9, 0xca, 0xca, 0xca,
    0xc9, 0xd2, 0xc9, 0xca, 0xca, 0xd2, 0xc9, 0xd2, 0xc9, 0xca, 0xca, 0xd2,
    0xc9, 0xd2, 0xca, 0xca, 0xc9, 0xd2, 0xc9, 0xca, 0xca, 0xca, 0xc9, 0xca,
    0xc9, 0xd2, 0xca, 0xca, 0x88, 0xc2, 0xef, 0xab, 0x39, 0x8e, 0x5a, 0x8e,
    0xb3, 0x9c, 0x68, 0xb2, 0xca, 0xaa, 0x35, 0x95, 0x35, 0x9d, 0xca, 0xb2,
    0x48, 0xaa, 0xb2, 0x94, 0x9b, 0x9e, 0x5d, 0xe7, 0xdf, 0xff, 0xbf, 0xf7,
    0xbe, 0xff, 0xbf, 0xf7, 0xbe, 0xff, 0xbf, 0xf7, 0xbe, 0xff, 0xdf, 0xff,
    0xbf, 0xf7, 0xbe, 0xff, 0xbf, 0xff, 0xde, 0xf7, 0xbf, 0xff, 0xbf, 0xff,
    0xde, 0xf7, 0xbf, 0xf7, 0xbf, 0xff, 0xbe, 0xff, 0xdf, 0xf7, 0xbf, 0xff,
    0xbf, 0xff, 0xde, 0xf7, 0xdf, 0xff, 0xbf, 0xff, 0xbe, 0xf7, 0xdf, 0xff,
    0xbf, 0xff, 0xbe, 0xf7, 0xbf, 0xff, 0xbf, 0xff, 0xde, 0xf7, 0xdf, 0xff,
    0xbe, 0xf7, 0xbf, 0xff, 0xdf, 0xff, 0xde, 0xf7, 0xbf, 0xff, 0xbe, 0xff,
    0xbf, 0xf7, 0xbf, 0xff, 0xdf, 0xff, 0x7d, 0xe7, 0x9b, 0xa6, 0x3a, 0x8e,
    0x39, 0x8e, 0x3a, 0x8e, 0x3a, 0x96, 0x39, 0x8e, 0xef, 0xbb, 0xc9, 0xd2,
    0xc9, 0xca, 0xca, 0xca, 0xc9, 0xd2, 0xc9, 0xca, 0xca, 0xca, 0xca, 0xd2,
    0xc9, 0xca, 0xc9, 0xca, 0xca, 0xd2, 0xc9, 0xd2, 0xca, 0xca, 0xc9, 0xd2,
    0xca, 0xca, 0xc9, 0xca, 0xc9, 0xd2, 0xca, 0xca, 0xc9, 0xca, 0xc9, 0xd2,
    0xca, 0xca, 0xc9, 0xd2, 0xca, 0xd2, 0xc9, 0xca, 0xca, 0xd2, 0xca, 0xd2,
    0xc9, 0xd2, 0xc9, 0xca, 0x89, 0xc2, 0xef, 0xb3, 0x59, 0x8e, 0x5a, 0x8e,
    0xb7, 0x95, 0xea, 0xb2, 0x68, 0xb2, 0xc9, 0xb2, 0xc9, 0xb2, 0x68, 0xb2,
    0xca, 0xa2, 0xf8, 0xad, 0x7e, 0xe7, 0xbf, 0xff, 0xbf, 0xff, 0xbe, 0xff,
    0xbf, 0xf7, 0xdf, 0xff, 0xdf, 0xff, 0xbe, 0xf7, 0xbf, 0xff, 0xbf, 0xff,
    0xde, 0xf7, 0xbf, 0xff, 0xbf, 0xff, 0xbe, 0xf7, 0xbf, 0xff, 0xbe, 0xff,
    0xbf, 0xf7, 0xde, 0xff, 0xbf, 0xff, 0xbf, 0xf7, 0xbe, 0xff, 0xbf, 0xf7,
    0xbf, 0xff, 0xbe, 0xf7, 0xbf, 0xff, 0xbe, 0xf7, 0xdf, 0xff, 0xbe, 0xf7,
    0xbf, 0xff, 0xbf, 0xff, 0xbe, 0xff, 0xbf, 0xff, 0xbf, 0xf7, 0xbe, 0xff,
    0xdf, 0xff, 0xbe, 0xf7, 0xbf, 0xff, 0xbf, 0xf7, 0xde, 0xff, 0xbf, 0xff,
    0xbf, 0xf7, 0xbe, 0xff, 0xbf, 0xf7, 0xdf, 0xff, 0x9e, 0xef, 0xbb, 0xb6,
    0x59, 0x8e, 0x3a, 0x8e, 0x39, 0x8e, 0x39, 0x8e, 0xef, 0xbb, 0xa9, 0xd2,
    0xc9, 0xca, 0xca, 0xd2, 0xc9, 0xd2, 0xc9, 0xca, 0xca, 0xd2, 0xc9, 0xd2,
    0xc9, 0xca, 0xca, 0xd2, 0xc9, 0xca, 0xc9, 0xca, 0xca, 0xd2, 0xc9, 0xd2,
    0xc9, 0xca, 0xca, 0xd2, 0xc9, 0xd2, 0xca, 0xca, 0xc9, 0xd2, 0xc9, 0xca,
    0xca, 0xca, 0xc9, 0xd2, 0xc9, 0xca, 0xca, 0xca, 0xc9, 0xd2, 0xc9, 0xca,
    0xca, 0xca, 0xc9, 0xca, 0x89, 0xc2, 0xef, 0xab, 0x39, 0x8e, 0x3a, 0x8e,
    0x3a, 0x8e, 0x14, 0x9d, 0x0b, 0xab, 0x88, 0xb2, 0x68, 0xb2, 0xea, 0xaa,
    0x55, 0xbd, 0x7e, 0xef, 0xdf, 0xff, 0xbe, 0xff, 0xbf, 0xf7, 0xbe, 0xff,
    0xbf, 0xff, 0xbf, 0xf7, 0xbe, 0xff, 0xdf, 0xff, 0xbf, 0xf7, 0xbe, 0xff,
    0xbf, 0xff, 0xdf, 0xf7, 0xbe, 0xff, 0xdf, 0xf7, 0xbf, 0xff, 0xbf, 0xff,
    0xde, 0xf7, 0xbf, 0xff, 0xbe, 0xff, 0xdf, 0xf7, 0xbf, 0xff, 0xbe, 0xff,
    0xbf, 0xff, 0xbf, 0xff, 0xbe, 0xf7, 0xbf, 0xff, 0xbf, 0xff, 0xbe, 0xf7,
    0xdf, 0xf7, 0xbf, 0xff, 0xde, 0xf7, 0xbf, 0xf7, 0xbf, 0xff, 0xbe, 0xff,
    0xbf, 0xf7, 0xbf, 0xff, 0xbe, 0xff, 0xbf, 0xf7, 0xbf, 0xff, 0xde, 0xf7,
    0xbf, 0xff, 0xbe, 0xff, 0xbe, 0xf7, 0xbf, 0xff, 0xbe, 0xff, 0x9e, 0xf7,
    0xfc, 0xc6, 0x5a, 0x96, 0x3a, 0x8e, 0x39, 0x8e, 0xef, 0xbb, 0xa9, 0xd2,
    0xc9, 0xca, 0xca, 0xd2, 0xc9, 0xca, 0xc9, 0xca, 0xca, 0xd2, 0xc9, 0xca,
    0xc9, 0xd2, 0xca, 0xd2, 0xc9, 0xca, 0xc9, 0xca, 0xca, 0xd2, 0xc9, 0xca,
    0xc9, 0xca, 0xca, 0xd2, 0xc9, 0xca, 0xc9, 0xd2, 0xca, 0xd2, 0xc9, 0xca,
    0xca, 0xd2, 0xc9, 0xd2, 0xc9, 0xca, 0xca, 0xd2, 0xc9, 0xd2, 0xc9, 0xca,
    0xca, 0xd2, 0xc9, 0xca, 0x89, 0xc2, 0xef, 0xb3, 0x39, 0x8e, 0x3a, 0x8e,
    0x39, 0x8e, 0x3a, 0x8e, 0xb7, 0x95, 0xf4, 0x9c, 0x14, 0x9d, 0x59, 0xce,
    0x9e, 0xf7, 0xdf, 0xff, 0xbe, 0xff, 0xbf, 0xf7, 0xdf, 0xf7, 0xde, 0xff,
    0xbf, 0xff, 0xbe, 0xf7, 0xbe, 0xff, 0xbf, 0xff, 0xdf, 0xf7, 0xbe, 0xff,
    0xbf, 0xf7, 0xbe, 0xff, 0xbf, 0xff, 0xde, 0xf7, 0xbf, 0xff, 0xbe, 0xff,
    0xbf, 0xf7, 0xbf, 0xff, 0xbe, 0xf7, 0xdf, 0xff, 0xbf, 0xff, 0xbe, 0xf7,
    0xbe, 0xf7, 0xdf, 0xff, 0xbf, 0xff, 0xde, 0xf7, 0xbf, 0xff, 0xbf, 0xff,
    0xbe, 0xff, 0xde, 0xff, 0xbf, 0xf7, 0xbe, 0xff, 0xdf, 0xff, 0xdf, 0xf7,
    0xbe, 0xff, 0xdf, 0xff, 0xde, 0xf7, 0xbf, 0xff, 0xbe, 0xff, 0xdf, 0xf7,
    0xbf, 0xff, 0xdf, 0xff, 0xbf, 0xf7, 0xbe, 0xff, 0xbf, 0xf7, 0xbf, 0xff,
    0xbe, 0xf7, 0x5d, 0xdf, 0x9b, 0xa6, 0x39, 0x8e, 0xef, 0xbb, 0xc9, 0xd2,
    0xc9, 0xca, 0xca, 0xca, 0xc9, 0xd2, 0xc9, 0xd2, 0xca, 0xca, 0xc9, 0xca,
    0xca, 0xd2, 0xc9, 0xca, 0xca, 0xd2, 0xc9, 0xd2, 0xca, 0xca, 0xc9, 0xd2,
    0xca, 0xd2, 0xc9, 0xca, 0xc9, 0xca, 0xca, 0xd2, 0xc9, 0xca, 0xc9, 0xca,
    0xca, 0xd2, 0xc9, 0xca, 0xc9, 0xca, 0xca, 0xd2, 0xc9, 0xca, 0xc9, 0xd2,
    0xca, 0xd2, 0xc9, 0xca, 0x89, 0xc2, 0xef, 0xab, 0x59, 0x8e, 0x3a, 0x8e,
    0x3a, 0x8e, 0x39, 0x8e, 0x5a, 0x8e, 0x9b, 0xa6, 0x5d, 0xdf, 0xdf, 0xf7,
    0xbf, 0xff, 0xbf, 0xff, 0xbe, 0xf7, 0xbf, 0xff, 0xbf, 0xff, 0xbe, 0xf7,
    0xdf, 0xff, 0xbf, 0xf7, 0xbf, 0xff, 0xde, 0xf7, 0xbf, 0xff, 0xbf, 0xff,
    0xde, 0xf7, 0xbf, 0xff, 0xbf, 0xff, 0xbe, 0xf7, 0xdf, 0xff, 0xbf, 0xf7,
    0xbe, 0xff, 0xdf, 0xff, 0xbf, 0xf7, 0xbe, 0xff, 0xbf, 0xff, 0xbf, 0xf7,
    0xbf, 0xff, 0xbe, 0xf7, 0xbf, 0xff, 0xde, 0xf7, 0xbf, 0xff, 0xbf, 0xf7,
    0xbe, 0xff, 0xbf, 0xff, 0xbf, 0xf7, 0xbe, 0xff, 0xbf, 0xff, 0xbf, 0xf7,
    0xbe, 0xff, 0xbf, 0xf7, 0xbf, 0xff, 0xbe, 0xff, 0xbf, 0xf7, 0xbe, 0xff,
    0xbf, 0xff, 0xbe, 0xf7, 0xbe, 0xf7, 0xbe, 0xf7, 0xdf, 0xff, 0xbf, 0xf7,
    0xbe, 0xff, 0xdf, 0xff, 0x9e, 0xef, 0xdc, 0xc6, 0x0f, 0xc4, 0xa9, 0xd2,
    0xc9, 0xca, 0xca, 0xd2, 0xc9, 0xd2, 0xca, 0xca, 0xc9, 0xd2, 0xc9, 0xd2,
    0xca, 0xca, 0xc9, 0xca, 0xc9, 0xd2, 0xca, 0xca, 0xc9, 0xca, 0xc9, 0xd2,
    0xea, 0xd2, 0xc9, 0xca, 0xca, 0xd2, 0xca, 0xd2, 0xc9, 0xca, 0xc9, 0xd2,
    0xca, 0xd2, 0xc9, 0xca, 0xca, 0xd2, 0xc9, 0xca, 0xca, 0xca, 0xc9, 0xd2,
    0xca, 0xca, 0xca, 0xca, 0x88, 0xc2, 0xef, 0xb3, 0x3a, 0x8e, 0x5a, 0x8e,
    0x39, 0x8e, 0x7a, 0x9e, 0xfc, 0xc6, 0x9e, 0xef, 0xdf, 0xff, 0xbf, 0xf7,
    0xbe, 0xf7, 0xbf, 0xff, 0xbf, 0xf7, 0xde, 0xff, 0xbf, 0xff, 0xbf, 0xf7,
    0xbe, 0xff, 0xdf, 0xff, 0xbf, 0xf7, 0xbe, 0xff, 0xbf, 0xff, 0xbf, 0xf7,
    0xde, 0xff, 0xbf, 0xf7, 0xbf, 0xff, 0xbe, 0xff, 0xbf, 0xf7, 0xdf, 0xff,
    0xbe, 0xff, 0xbf, 0xf7, 0xdf, 0xff, 0xbe, 0xf7, 0xbe, 0xff, 0xdf, 0xff,
    0xbf, 0xff, 0xbf, 0xff, 0xbe, 0xf7, 0xbf, 0xff, 0xde, 0xff, 0xbf, 0xf7,
    0xdf, 0xf7, 0xbf, 0xff, 0xde, 0xff, 0xbf, 0xf7, 0xbe, 0xff, 0xdf, 0xff,
    0xbf, 0xf7, 0xbe, 0xff, 0xdf, 0xf7, 0xbf, 0xff, 0xde, 0xf7, 0xbf, 0xff,
    0xbf, 0xff, 0xbe, 0xf7, 0x9e, 0xf7, 0x9e, 0xf7, 0xbe, 0xf7, 0xbf, 0xff,
    0xbf, 0xff, 0xbe, 0xff, 0xdf, 0xff, 0xbe, 0xff, 0x50, 0xdc, 0xa9, 0xca,
    0xc9, 0xca, 0xc9, 0xd2, 0xca, 0xca, 0xc9, 0xca, 0xc9, 0xd2, 0xca, 0xca,
    0xc9, 0xd2, 0xc9, 0xd2, 0xca, 0xca, 0xc9, 0xd2, 0xc9, 0xca, 0xea, 0xd2,
    0xea, 0xd2, 0xca, 0xca, 0xc9, 0xca, 0xc9, 0xd2, 0xca, 0xca, 0xc9, 0xca,
    0xc9, 0xd2, 0xca, 0xd2, 0xc9, 0xca, 0xc9, 0xd2, 0xc9, 0xd2, 0xca, 0xca,
    0xc9, 0xd2, 0xc9, 0xca, 0x89, 0xc2, 0xef, 0xab, 0x59, 0x8e, 0x7a, 0x9e,
    0xdc, 0xbe, 0x7e, 0xef, 0xbf, 0xff, 0xbf, 0xff, 0xbe, 0xff, 0x9e, 0xf7,
    0x9e, 0xf7, 0xbe, 0xf7, 0xbf, 0xff, 0xbe, 0xff, 0xdf, 0xf7, 0xbe, 0xff,
    0xbe, 0xff, 0xbf, 0xf7, 0xde, 0xff, 0xbf, 0xff, 0xbe, 0xf7, 0xdf, 0xff,
    0xbe, 0xff, 0xbf, 0xf7, 0xdf, 0xff, 0xbe, 0xff, 0xbf, 0xf7, 0xbe, 0xff,
    0xbf, 0xf7, 0xbe, 0xff, 0xbf, 0xff, 0xdf, 0xf7, 0xbe, 0xff, 0xbf, 0xff,
    0xbe, 0xf7, 0xdf, 0xff, 0xbf, 0xff, 0xbe, 0xf7, 0xbf, 0xff, 0xbe, 0xff,
    0xbf, 0xf7, 0xde, 0xff, 0xbf, 0xff, 0xbf, 0xf7, 0xde, 0xff, 0xbf, 0xff,
    0xbe, 0xf7, 0xdf, 0xff, 0xbf, 0xff, 0xbe, 0xf7, 0xbf, 0xff, 0xdf, 0xf7,
    0xbe, 0xf7, 0x9e, 0xf7, 0x9e, 0xf7, 0xbe, 0xf7, 0xbf, 0xff, 0xbf, 0xff,
    0xbe, 0xf7, 0xbe, 0xf7, 0x1c, 0xf7, 0xfb, 0xee, 0x0f, 0xd4, 0x89, 0xc2,
    0xa9, 0xc2, 0xa9, 0xc2, 0x89, 0xc2, 0xa9, 0xc2, 0xa9, 0xc2, 0x89, 0xc2,
    0xa9, 0xc2, 0xa9, 0xc2, 0x89, 0xc2, 0xa9, 0xc2, 0xa9, 0xc2, 0xca, 0xc2,
    0xa9, 0xc2, 0x89, 0xc2, 0x89, 0xc2, 0xa9, 0xc2, 0x89, 0xc2, 0x89, 0xc2,
    0xa9, 0xc2, 0x89, 0xc2, 0x89, 0xc2, 0x89, 0xc2, 0x89, 0xc2, 0x89, 0xc2,
    0x89, 0xc2, 0xa9, 0xc2, 0x88, 0xc2, 0xae, 0xb3, 0x39, 0xbe, 0xdb, 0xde,
    0xbe, 0xff, 0xdf, 0xff, 0xbe, 0xf7, 0xbe, 0xf7, 0x9e, 0xf7, 0x7e, 0xf7,
    0x9e, 0xf7, 0xbf, 0xff, 0xbe, 0xff, 0xbf, 0xf7, 0xbf, 0xff, 0xdf, 0xff,
    0xbf, 0xf7, 0xbf, 0xff, 0xbe, 0xff, 0xbf, 0xf7, 0xdf, 0xf7, 0xbe, 0xff,
    0xbf, 0xff, 0xbe, 0xf7, 0xdf, 0xff, 0xbf, 0xf7, 0xbe, 0xff, 0xdf, 0xff,
    0xdf, 0xf7, 0xbe, 0xff, 0xbf, 0xff, 0xbf, 0xf7, 0xbf, 0xf7, 0xbe, 0xff,
    0xbf, 0xff, 0xbe, 0xf7, 0xdf, 0xff, 0xbf, 0xf7, 0xbf, 0xff, 0xde, 0xff,
    0xbf, 0xf7, 0xbf, 0xff, 0xbe, 0xf7, 0xbf, 0xff, 0xbf, 0xf7, 0xbe, 0xff,
    0xbf, 0xff, 0xbf, 0xf7, 0xbe, 0xff, 0xbf, 0xff, 0xbf, 0xff, 0xbe, 0xf7,
    0x9e, 0xf7, 0x9e, 0xf7, 0x9e, 0xf7, 0xbf, 0xff, 0xbf, 0xff, 0xbe, 0xf7,
    0xdf, 0xff, 0x3c, 0xf7, 0xce, 0xd3, 0x2c, 0xd3, 0xea, 0xca, 0xa9, 0xca,
    0xa9, 0xca, 0xc9, 0xca, 0xa9, 0xca, 0xa9, 0xca, 0xc9, 0xca, 0xa9, 0xca,
    0xa9, 0xca, 0xc9, 0xca, 0xc9, 0xca, 0xea, 0xca, 0xea, 0xca, 0xca, 0xca,
    0xc9, 0xca, 0xc9, 0xca, 0xa9, 0xca, 0xc9, 0xca, 0xc9, 0xca, 0xa9, 0xca,
    0xc9, 0xca, 0xc9, 0xca, 0xc9, 0xca, 0xc9, 0xca, 0xc9, 0xca, 0xc9, 0xca,
    0xa9, 0xca, 0xa9, 0xca, 0xc9, 0xca, 0xea, 0xca, 0x0b, 0xc3, 0xce, 0xcb,
    0x5d, 0xf7, 0xbf, 0xff, 0xbe, 0xf7, 0x9e, 0xf7, 0x9e, 0xf7, 0xbe, 0xf7,
    0xbf, 0xff, 0xbf, 0xf7, 0xde, 0xff, 0xbf, 0xf7, 0xbe, 0xff, 0xbe, 0xf7,
    0xdf, 0xff, 0xbf, 0xf7, 0xbe, 0xff, 0xdf, 0xff, 0xbf, 0xf7, 0xbe, 0xff,
    0xbf, 0xff, 0xbf, 0xf7, 0xbe, 0xff, 0xdf, 0xff, 0xbf, 0xf7, 0xbe, 0xff,
    0xbf, 0xff, 0xdf, 0xf7, 0xbe, 0xff, 0xbe, 0xff, 0xdf, 0xf7, 0xbf, 0xff,
    0xbf, 0xff, 0xbe, 0xff, 0xbe, 0xf7, 0xdf, 0xff, 0xbf, 0xff, 0xbe, 0xf7,
    0xdf, 0xff, 0xbf, 0xff, 0xbe, 0xff, 0xdf, 0xf7, 0xbf, 0xff, 0xde, 0xf7,
    0xbf, 0xff, 0xbe, 0xf7, 0xde, 0xf7, 0xdf, 0xff, 0xbe, 0xf7, 0x9e, 0xf7,
    0x9e, 0xf7, 0xbe, 0xf7, 0xbf, 0xff, 0xbf, 0xff, 0xbe, 0xf7, 0xbf, 0xff,
    0xdf, 0xff, 0x1c, 0xf7, 0x6c, 0xd3, 0xc9, 0xca, 0xc9, 0xca, 0xc9, 0xd2,
    0xca, 0xd2, 0xc9, 0xca, 0xca, 0xd2, 0xc9, 0xd2, 0xca, 0xca, 0xca, 0xd2,
    0xc9, 0xd2, 0xca, 0xd2, 0xca, 0xd2, 0xea, 0xd2, 0xca, 0xd2, 0xc9, 0xd2,
    0xc9, 0xd2, 0xc9, 0xd2, 0xca, 0xd2, 0xc9, 0xd2, 0xca, 0xd2, 0xc9, 0xca,
    0xca, 0xd2, 0xca, 0xd2, 0xc9, 0xca, 0xca, 0xd2, 0xca, 0xd2, 0xc9, 0xca,
    0xca, 0xd2, 0xc9, 0xd2, 0xc9, 0xd2, 0xa9, 0xca, 0x89, 0xc2, 0x6c, 0xcb,
    0x3c, 0xf7, 0xbf, 0xff, 0x9e, 0xf7, 0x9e, 0xf7, 0x9e, 0xf7, 0xbf, 0xff,
    0xbe, 0xff, 0xdf, 0xf7, 0xbf, 0xff, 0xbe, 0xff, 0xdf, 0xf7, 0xbf, 0xff,
    0xbe, 0xff, 0xbf, 0xf7, 0xbf, 0xff, 0xbe, 0xff, 0xbf, 0xf7, 0xdf, 0xff,
    0xbe, 0xff, 0xbf, 0xf7, 0xde, 0xff, 0xbf, 0xff, 0xbf, 0xf7, 0xbe, 0xff,
    0xbf, 0xf7, 0xbf, 0xff, 0xde, 0xff, 0xbf, 0xf7, 0xbf, 0xff, 0xbe, 0xff,
    0xbf, 0xf7, 0xbf, 0xff, 0xbe, 0xff, 0xbf, 0xf7, 0xbe, 0xff, 0xbf, 0xf7,
    0xbe, 0xff, 0xdf, 0xff, 0xbe, 0xf7, 0xbf, 0xff, 0xde, 0xff, 0xbf, 0xf7,
    0xbf, 0xff, 0xdf, 0xff, 0xbf, 0xff, 0xbe, 0xf7, 0x9e, 0xf7, 0x9e, 0xf7,
    0x9e, 0xf7, 0xbe, 0xf7, 0xbf, 0xff, 0xbe, 0xff, 0xdf, 0xf7, 0xbf, 0xff,
    0xdf, 0xf7, 0x1c, 0xf7, 0x6c, 0xd3, 0xc9, 0xca, 0xc9, 0xd2, 0xca, 0xca,
    0xc9, 0xca, 0xc9, 0xd2, 0xca, 0xca, 0xc9, 0xd2, 0xc9, 0xca, 0xca, 0xca,
    0xc9, 0xca, 0xea, 0xd2, 0xea, 0xd2, 0xea, 0xca, 0xca, 0xd2, 0xc9, 0xca,
    0xc9, 0xca, 0xca, 0xca, 0xc9, 0xca, 0xca, 0xca, 0xc9, 0xd2, 0xc9, 0xca,
    0xca, 0xca, 0xc9, 0xd2, 0xc9, 0xca, 0xc9, 0xca, 0xca, 0xd2, 0xc9, 0xca,
    0xc9, 0xca, 0xca, 0xd2, 0xca, 0xca, 0xc9, 0xca, 0x89, 0xc2, 0x6c, 0xcb,
    0x3c, 0xf7, 0xbe, 0xf7, 0x9e, 0xf7, 0x9e, 0xf7, 0xbe, 0xf7, 0xbf, 0xff,
    0xbf, 0xff, 0xbe, 0xf7, 0xbf, 0xff, 0xbf, 0xff, 0xbf, 0xf7, 0xde, 0xff,
    0xbf, 0xff, 0xde, 0xf7, 0xbf, 0xff, 0xbe, 0xff, 0xdf, 0xf7, 0xbf, 0xff,
    0xbe, 0xf7, 0xdf, 0xff, 0xbf, 0xf7, 0xbe, 0xff, 0xde, 0xff, 0xbf, 0xf7,
    0xbe, 0xff, 0xbf, 0xf7, 0xbf, 0xff, 0xde, 0xf7, 0xbf, 0xff, 0xbf, 0xff,
    0xbf, 0xff, 0xdf, 0xf7, 0xbf, 0xff, 0xbe, 0xff, 0xdf, 0xf7, 0xbf, 0xff,
    0xbf, 0xf7, 0xbe, 0xf7, 0xbf, 0xff, 0xbf, 0xff, 0xbe, 0xf7, 0xbf, 0xff,
    0xbe, 0xff, 0xbf, 0xf7, 0xbe, 0xff, 0x9e, 0xf7, 0x9e, 0xf7, 0xbe, 0xff,
    0xbf, 0xff, 0xbf, 0xff, 0xbe, 0xf7, 0xbf, 0xff, 0xbe, 0xff, 0xbe, 0xf7,
    0xdf, 0xff, 0x1c, 0xf7, 0x6c, 0xd3, 0xc9, 0xca, 0xca, 0xd2, 0xc9, 0xd2,
    0xc9, 0xca, 0xca, 0xd2, 0xc9, 0xca, 0xc9, 0xd2, 0xc9, 0xd2, 0xca, 0xca,
    0xea, 0xd2, 0xea, 0xd2, 0xc9, 0xca, 0xc9, 0xca, 0xc9, 0xd2, 0xca, 0xd2,
    0xc9, 0xca, 0xc9, 0xd2, 0xca, 0xd2, 0xc9, 0xca, 0xc9, 0xd2, 0xca, 0xd2,
    0xc9, 0xca, 0xc9, 0xd2, 0xca, 0xd2, 0xc9, 0xca, 0xc9, 0xd2, 0xca, 0xd2,
    0xc9, 0xca, 0xc9, 0xca, 0xc9, 0xd2, 0xc9, 0xca, 0x89, 0xc2, 0x4c, 0xc3,
    0x1c, 0xef, 0x9e, 0xf7, 0xbe, 0xf7, 0xbf, 0xf7, 0xbf, 0xff, 0xbe, 0xf7,
    0xdf, 0xff, 0xbe, 0xf7, 0xde, 0xff, 0xbf, 0xff, 0xbe, 0xf7, 0xbf, 0xff,
    0xbf, 0xf7, 0xde, 0xff, 0xbf, 0xf7, 0xbf, 0xff, 0xde, 0xff, 0xbf, 0xf7,
    0xbe, 0xff, 0xbf, 0xff, 0xbf, 0xf7, 0xbe, 0xff, 0xdf, 0xf7, 0xbf, 0xff,
    0xde, 0xff, 0xbf, 0xf7, 0xbf, 0xff, 0xbe, 0xff, 0xde, 0xf7, 0xbf, 0xf7,
    0xbe, 0xff, 0xbe, 0xf7, 0xdf, 0xff, 0xbf, 0xff, 0xbe, 0xf7, 0xdf, 0xff,
    0xbe, 0xff, 0xdf, 0xff, 0xbf, 0xf7, 0xde, 0xff, 0xbf, 0xf7, 0xdf, 0xff,
    0xbe, 0xff, 0xbf, 0xf7, 0xbe, 0xf7, 0x9e, 0xf7, 0xbe, 0xf7, 0xbf, 0xff,
    0xbf, 0xf7, 0xbe, 0xff, 0xbf, 0xf7, 0xdf, 0xff, 0xbf, 0xff, 0xbe, 0xf7,
    0xdf, 0xff, 0x1c, 0xf7, 0x6c, 0xd3, 0xc9, 0xca, 0xca, 0xca, 0xc9, 0xd2,
    0xc9, 0xd2, 0xca, 0xca, 0xca, 0xca, 0xc9, 0xd2, 0xca, 0xca, 0xc9, 0xd2,
    0xea, 0xd2, 0xea, 0xca, 0xc9, 0xca, 0xc9, 0xd2, 0xca, 0xca, 0xc9, 0xd2,
    0xca, 0xca, 0xc9, 0xd2, 0xc9, 0xd2, 0xca, 0xca, 0xc9, 0xca, 0xc9, 0xd2,
    0xca, 0xca, 0xc9, 0xca, 0xca, 0xd2, 0xc9, 0xca, 0xc9, 0xca, 0xca, 0xd2,
    0xca, 0xd2, 0xc9, 0xca, 0xc9, 0xca, 0xa9, 0xca, 0xa9, 0xc2, 0x6c, 0xc3,
    0x1c, 0xef, 0xbf, 0xf7, 0xbf, 0xff, 0xbf, 0xff, 0xbe, 0xff, 0xbf, 0xff,
    0xbf, 0xf7, 0xbf, 0xff, 0xdf, 0xf7, 0xbe, 0xff, 0xbf, 0xff, 0xdf, 0xf7,
    0xbe, 0xff, 0xbf, 0xff, 0xbf, 0xf7, 0xbe, 0xff, 0xbf, 0xff, 0xbf, 0xf7,
    0xde, 0xff, 0xbf, 0xff, 0xbf, 0xf7, 0xde, 0xff, 0xbf, 0xff, 0xbf, 0xf7,
    0xbe, 0xff, 0xdf, 0xff, 0xbf, 0xf7, 0xbe, 0xff, 0xbf, 0xff, 0xbf, 0xff,
    0xbf, 0xff, 0xbe, 0xf7, 0xbf, 0xff, 0xbf, 0xf7, 0xbe, 0xff, 0xbf, 0xff,
    0xdf, 0xf7, 0xbe, 0xff, 0xbf, 0xff, 0xbe, 0xf7, 0xbf, 0xff, 0xdf, 0xff,
    0xbe, 0xf7, 0xbf, 0xff, 0xbf, 0xff, 0xbe, 0xf7, 0xbf, 0xff, 0xbf, 0xf7,
    0xbe, 0xff, 0xbf, 0xff, 0xdf, 0xf7, 0xbe, 0xff, 0xbf, 0xf7, 0xbf, 0xff,
    0xdf, 0xf7, 0x1c, 0xf7, 0x4c, 0xd3, 0xa9, 0xca, 0xa9, 0xca, 0xa9, 0xd2,
    0xc9, 0xca, 0xa9, 0xca, 0xc9, 0xd2, 0xc9, 0xca, 0xa9, 0xca, 0xc9, 0xd2,
    0xc9, 0xca, 0xc9, 0xca, 0xa9, 0xd2, 0xc9, 0xd2, 0xc9, 0xca, 0xa9, 0xca,
    0xc9, 0xd2, 0xa9, 0xca, 0xc9, 0xca, 0xa9, 0xd2, 0xa9, 0xca, 0xc9, 0xd2,
    0xa9, 0xd2, 0xa9, 0xca, 0xa9, 0xd2, 0xc9, 0xd2, 0xa9, 0xca, 0xa9, 0xca,
    0xc9, 0xd2, 0xa9, 0xd2, 0xc9, 0xca, 0xa9, 0xca, 0x88, 0xc2, 0x4c, 0xcb,
    0x3c, 0xf7, 0xbf, 0xf7, 0xbe, 0xff, 0xbf, 0xff, 0xde, 0xf7, 0xbf, 0xff,
    0xbe, 0xff, 0xbf, 0xf7, 0xbf, 0xff, 0xbe, 0xf7, 0xdf, 0xff, 0xbf, 0xff,
    0xbe, 0xf7, 0xbf, 0xff, 0xde, 0xff, 0xbf, 0xf7, 0xbf, 0xff, 0xde, 0xf7,
    0xbf, 0xff, 0xbe, 0xf7, 0xbf, 0xff, 0xbf, 0xff, 0xbe, 0xf7, 0xbf, 0xff,
    0xbf, 0xff, 0xbe, 0xf7, 0xdf, 0xff, 0xbf, 0xf7, 0xbe, 0xff, 0xbf, 0xff,
    0xbf, 0xff, 0xbf, 0xff, 0xde, 0xf7, 0xbf, 0xff, 0xbe, 0xff, 0xdf, 0xf7,
    0xbf, 0xf7, 0xbe, 0xff, 0xbf, 0xff, 0xbf, 0xf7, 0xbe, 0xff, 0xbf, 0xff,
    0xdf, 0xf7, 0xbe, 0xff, 0xbf, 0xff, 0xbf, 0xff, 0xbe, 0xf7, 0xbf, 0xff,
    0xbf, 0xff, 0xde, 0xf7, 0xbf, 0xff, 0xbe, 0xff, 0xbe, 0xf7, 0xbf, 0xff,
    0xdf, 0xff, 0x3c, 0xf7, 0x50, 0xd4, 0xce, 0xd3, 0xce, 0xd3, 0xce, 0xd3,
    0xce, 0xd3, 0xce, 0xd3, 0xce, 0xdb, 0xce, 0xd3, 0xce, 0xd3, 0xce, 0xd3,
    0xce, 0xd3, 0xce, 0xd3, 0xce, 0xd3, 0xce, 0xd3, 0xce, 0xd3, 0xce, 0xd3,
    0xce, 0xd3, 0xce, 0xd3, 0xce, 0xd3, 0xce, 0xd3, 0xce, 0xd3, 0xce, 0xd3,
    0xce, 0xd3, 0xce, 0xd3, 0xce, 0xd3, 0xce, 0xd3, 0xce, 0xd3, 0xce, 0xd3,
    0xce, 0xd3, 0xce, 0xd3, 0xce, 0xd3, 0xce, 0xd3, 0xad, 0xcb, 0x50, 0xd4,
    0x5d, 0xf7, 0xdf, 0xff, 0xbe, 0xf7, 0xbf, 0xf7, 0xbf, 0xff, 0xde, 0xf7,
    0xdf, 0xff, 0xbe, 0xff, 0xbf, 0xff, 0xde, 0xf7, 0xbf, 0xff, 0xbe, 0xff,
    0xbf, 0xf7, 0xdf, 0xff, 0xbe, 0xf7, 0xbf, 0xff, 0xde, 0xff, 0xbf, 0xf7,
    0xbf, 0xff, 0xde, 0xff, 0xbf, 0xf7, 0xdf, 0xff, 0xbe, 0xf7, 0xdf, 0xff,
    0xbe, 0xf7, 0xbf, 0xff, 0xde, 0xff, 0xbf, 0xf7, 0xbf, 0xf7, 0xde, 0xff,
    0xbe, 0xf7, 0xbf, 0xff, 0xdf, 0xff, 0xbe, 0xf7, 0xbf, 0xff, 0xbe, 0xff,
    0xbf, 0xff, 0xdf, 0xf7, 0xde, 0xff, 0xbf, 0xff, 0xbe, 0xf7, 0xdf, 0xff,
    0xbf, 0xf7, 0xbe, 0xf7, 0xdf, 0xff, 0xbf, 0xf7, 0xbe, 0xff, 0xdf, 0xff,
    0xbf, 0xf7, 0xbe, 0xff, 0xbf, 0xff, 0xdf, 0xf7, 0xbf, 0xff, 0xbe, 0xf7,
    0xbf, 0xff, 0xbe, 0xf7, 0x7d, 0xf7, 0x7d, 0xf7, 0x7d, 0xff, 0x7d, 0xf7,
    0x7d, 0xf7, 0x7d, 0xff, 0x7d, 0xf7, 0x7d, 0xf7, 0x7d, 0xff, 0x7d, 0xf7,
    0x7d, 0xf7, 0x7d, 0xff, 0x7d, 0xf7, 0x7d, 0xf7, 0x7d, 0xff, 0x7d, 0xf7,
    0x7d, 0xf7, 0x7d, 0xff, 0x7d, 0xf7, 0x7d, 0xf7, 0x7d, 0xff, 0x7d, 0xf7,
    0x7d, 0xf7, 0x7d, 0xf7, 0x7d, 0xf7, 0x7d, 0xf7, 0x7d, 0xff, 0x7d, 0xf7,
    0x7d, 0xf7, 0x7d, 0xf7, 0x7d, 0xf7, 0x7d, 0xf7, 0x5d, 0xf7, 0x7e, 0xf7,
    0xbf, 0xff, 0xbe, 0xff, 0xbf, 0xff, 0xbf, 0xff, 0xbe, 0xff, 0xbf, 0xf7,
    0xbf, 0xf7, 0xbf, 0xff, 0xde, 0xf7, 0xbf, 0xff, 0xbf, 0xf7, 0xbe, 0xff,
    0xdf, 0xff, 0xbf, 0xf7, 0xbe, 0xff, 0xbf, 0xff, 0xbf, 0xf7, 0xbe, 0xff,
    0xbf, 0xff, 0xbf, 0xf7, 0xde, 0xff, 0xbf, 0xff, 0xbf, 0xff, 0xbe, 0xf7,
    0xdf, 0xff, 0xbf, 0xff, 0xbe, 0xf7, 0xbf, 0xff, 0xbf, 0xff, 0xbe, 0xf7,
    0xbf, 0xff, 0xbe, 0xf7, 0xbf, 0xff, 0xdf, 0xf7, 0xbe, 0xf7, 0xbf, 0xff,
    0xbe, 0xff, 0xbf, 0xf7, 0xbf, 0xff, 0xbe, 0xf7, 0xdf, 0xff, 0xbe, 0xff,
    0xbf, 0xff, 0xbe, 0xff, 0xdf, 0xf7, 0xbe, 0xff, 0xbf, 0xff, 0xde, 0xf7,
    0xbf, 0xf7, 0xbf, 0xff, 0xde, 0xff, 0xbf, 0xf7, 0xbf, 0xff, 0xde, 0xff,
    0xbf, 0xf7, 0xbf, 0xff, 0xdf, 0xff, 0xbf, 0xff, 0xbf, 0xff, 0xbf, 0xff,
    0xbf, 0xff, 0xbf, 0xff, 0xbf, 0xff, 0xbf, 0xff, 0xbf, 0xff, 0xbf, 0xff,
    0xbf, 0xff, 0xbf, 0xff, 0xbf, 0xff, 0xbf, 0xff, 0xbf, 0xff, 0xbf, 0xff,
    0xbf, 0xff, 0xbf, 0xff, 0xbf, 0xff, 0xbf, 0xff, 0xdf, 0xff, 0xbf, 0xff,
    0xbf, 0xff, 0xdf, 0xff, 0xbf, 0xff, 0xbf, 0xff, 0xbf, 0xff, 0xbf, 0xff,
    0xbf, 0xff, 0xbf, 0xff, 0xbf, 0xff, 0xbf, 0xff, 0xdf, 0xff, 0xbf, 0xff,
    0xbe, 0xf7, 0xbf, 0xf7, 0xdf, 0xff, 0xde, 0xf7, 0xbf, 0xff, 0xbe, 0xff,
    0xbf, 0xff, 0xde, 0xf7, 0xbf, 0xff, 0xbf, 0xff, 0xbe, 0xf7, 0xdf, 0xff,
    0xbe, 0xff, 0xbf, 0xf7, 0xdf, 0xff, 0xbe, 0xf7, 0xdf, 0xff, 0xbe, 0xff,
    0xbf, 0xf7, 0xbe, 0xf7, 0xbe, 0xff, 0xbf, 0xf7, 0xbf, 0xff, 0xbe, 0xff,
    0xbf, 0xf7, 0xdf, 0xff, 0xbe, 0xff, 0xdf, 0xf7, 0xbf, 0xff, 0xbe, 0xff,
    0xbf, 0xff, 0xbe, 0xff, 0xbf, 0xf7, 0xdf, 0xff, 0xbe, 0xff, 0xdf, 0xf7,
    0xbf, 0xff, 0xbe, 0xff, 0xdf, 0xf7, 0xbf, 0xff, 0xbe, 0xf7, 0xbf, 0xff,
    0xbf, 0xf7, 0xdf, 0xff, 0xbe, 0xff, 0xbf, 0xf7, 0xbf, 0xff, 0xbe, 0xff,
    0xbf, 0xf7, 0xbe, 0xff, 0xde, 0xff, 0xbf, 0xf7, 0xbf, 0xff, 0xde, 0xff,
    0xbf, 0xf7, 0xbf, 0xff, 0xbe, 0xff, 0xbf, 0xf7, 0xbf, 0xff, 0xbe, 0xff,
    0xbf, 0xf7, 0xbe, 0xf7, 0xbf, 0xff, 0xbe, 0xf7, 0xbf, 0xf7, 0xbe, 0xff,
    0xbf, 0xff, 0xbf, 0xf7, 0xbe, 0xff, 0xbf, 0xff, 0xbf, 0xf7, 0xbe, 0xff,
    0xbf, 0xff, 0xbf, 0xf7, 0xbe, 0xff, 0xbf, 0xff, 0xbf, 0xf7, 0xbe, 0xff,
    0xbf, 0xff, 0xbf, 0xff, 0xbe, 0xff, 0xbf, 0xf7, 0xdf, 0xff, 0xbe, 0xff,
    0xbf, 0xff, 0xbf, 0xff, 0xbe, 0xf7, 0xbf, 0xff, 0xbf, 0xff, 0xde, 0xf7,
    0xbf, 0xff, 0xbf, 0xff, 0xbe, 0xf7, 0xbf, 0xff, 0xdf, 0xf7, 0xbe, 0xff,
    0xbf, 0xff, 0xbf, 0xf7, 0xbe, 0xff, 0xdf, 0xff, 0xbf, 0xf7, 0xbe, 0xff,
    0xbf, 0xf7, 0xbe, 0xff, 0xbf, 0xff, 0xdf, 0xf7, 0xbe, 0xff, 0xdf, 0xff,
    0xbf, 0xf7, 0xdf, 0xff, 0xbe, 0xff, 0xdf, 0xf7, 0xde, 0xff, 0xbf, 0xf7,
    0xbe, 0xf7, 0xbf, 0xff, 0xbe, 0xff, 0xbf, 0xf7, 0xdf, 0xff, 0xbe, 0xff,
    0xbf, 0xf7, 0xbe, 0xff, 0xdf, 0xff, 0xbf, 0xff, 0xbe, 0xff, 0xbf, 0xf7,
    0xdf, 0xff, 0xbe, 0xff, 0xbf, 0xf7, 0xdf, 0xff, 0xbe, 0xff, 0xbf, 0xf7,
    0xde, 0xff, 0xbf, 0xf7, 0xbf, 0xff, 0xde, 0xf7, 0xbf, 0xff, 0xdf, 0xff,
    0xbe, 0xf7, 0xbf, 0xff, 0xbf, 0xf7, 0xbe, 0xff, 0xbf, 0xff, 0xbf, 0xf7,
    0xde, 0xff, 0xbf, 0xff, 0xbe, 0xf7, 0xdf, 0xf7, 0xbe, 0xf7, 0xbe, 0xff,
    0xdf, 0xff, 0xdf, 0xf7, 0xbe, 0xff, 0xdf, 0xff, 0xde, 0xf7, 0xbf, 0xff,
    0xde, 0xf7, 0xde, 0xf7, 0xbf, 0xff, 0xde, 0xf7, 0xdf, 0xf7, 0xbe, 0xff,
    0xdf, 0xf7, 0xde, 0xf7, 0xbf, 0xff, 0xde, 0xf7, 0xbf, 0xf7, 0xbe, 0xff,
    0xdf, 0xf7, 0xbe, 0xf7, 0xbe, 0xff, 0xdf, 0xf7, 0xbe, 0xf7, 0xbe, 0xff,
    0xdf, 0xf7, 0xde, 0xf7, 0xbe, 0xff, 0xbf, 0xf7, 0xdf, 0xff, 0xbe, 0xf7,
    0xbf, 0xff, 0xde, 0xff, 0xbf, 0xff, 0xbf, 0xf7, 0xbe, 0xff, 0xdf, 0xf7,
    0xbf, 0xff, 0xbe, 0xff, 0xdf, 0xf7, 0xbe, 0xff, 0xbf, 0xff, 0xdf, 0xf7,
    0xbe, 0xff, 0xbe, 0xf7, 0xbf, 0xf7, 0xbf, 0xff, 0xbe, 0xf7, 0xbf, 0xff,
    0xbf, 0xff, 0xbe, 0xff, 0xbf, 0xf7, 0xbf, 0xff, 0xbf, 0xff, 0xde, 0xff,
    0xbf, 0xff, 0xbf, 0xf7, 0xde, 0xff, 0xbf, 0xf7, 0xbf, 0xff, 0xbe, 0xf7,
    0xbf, 0xff, 0xbe, 0xf7, 0xbf, 0xf7, 0xbe, 0xff, 0xbf, 0xf7, 0xbf, 0xff,
    0xbe, 0xf7, 0xbf, 0xff, 0xbe, 0xff, 0xbf, 0xf7, 0xdf, 0xff, 0xbe, 0xff,
    0xbf, 0xf7, 0xbe, 0xff, 0xbf, 0xff, 0xbe, 0xf7, 0xbf, 0xff, 0xdf, 0xff,
    0xbe, 0xf7, 0xbf, 0xff, 0xdf, 0xff, 0xbe, 0xf7, 0xbf, 0xff, 0xbe, 0xf7,
    0xbf, 0xff, 0xdf, 0xff, 0xbe, 0xff, 0xbf, 0xff, 0xbe, 0xf7, 0x9e, 0xf7,
    0xbe, 0xf7, 0xbf, 0xff, 0xbf, 0xff, 0xbe, 0xff, 0xbf, 0xff, 0xbf, 0xff,
    0xbf, 0xff, 0xbf, 0xff, 0xbf, 0xff, 0xbe, 0xff, 0xbf, 0xff, 0xbf, 0xff,
    0xbe, 0xff, 0xbf, 0xff, 0xbf, 0xff, 0xdf, 0xff, 0xbe, 0xff, 0xbf, 0xff,
    0xdf, 0xf7, 0xbf, 0xff, 0xbf, 0xff, 0xbf, 0xff, 0xbf, 0xff, 0xbf, 0xf7,
    0xbf, 0xff, 0xbf, 0xff, 0xdf, 0xff, 0xbe, 0xff, 0xbf, 0xf7, 0xbf, 0xff,
    0xbe, 0xf7, 0xbf, 0xff, 0xdf, 0xf7, 0xbe, 0xff, 0xbe, 0xff, 0xbf, 0xf7,
    0xdf, 0xff, 0xbe, 0xff, 0xbf, 0xf7, 0xbf, 0xff, 0xbe, 0xff, 0xdf, 0xf7,
    0xbf, 0xff, 0x9e, 0xf7, 0xbe, 0xf7, 0xbe, 0xff, 0xbf, 0xff, 0xbe, 0xf7,
    0xdf, 0xff, 0xbe, 0xf7, 0xbf, 0xff, 0xbf, 0xf7, 0xbe, 0xff, 0xbf, 0xff,
    0xdf, 0xf7, 0xbe, 0xff, 0xbf, 0xff, 0xde, 0xff, 0xbf, 0xf7, 0xbf, 0xff,
    0xbf, 0xff, 0xdf, 0xff, 0xbe, 0xf7, 0xdf, 0xff, 0xdf, 0xff, 0xbe, 0xf7,
    0xdf, 0xff, 0xbf, 0xf7, 0xbe, 0xff, 0xdf, 0xf7, 0xbf, 0xff, 0xbe, 0xff,
    0xbf, 0xf7, 0xdf, 0xff, 0xbe, 0xff, 0xbf, 0xf7, 0xbf, 0xff, 0xbe, 0xff,
    0xbf, 0xf7, 0xdf, 0xff, 0xbe, 0xff, 0xdf, 0xf7, 0xbf, 0xff, 0xde, 0xff,
    0xbf, 0xf7, 0xbf, 0xf7, 0xbe, 0xff, 0xbf, 0xff, 0x9e, 0xf7, 0x9e, 0xf7,
    0xbf, 0xf7, 0xbe, 0xff, 0xbf, 0xf7, 0xdf, 0xf7, 0xbe, 0xff, 0xbf, 0xf7,
    0xde, 0xf7, 0xbf, 0xff, 0xbf, 0xf7, 0xbe, 0xf7, 0xdf, 0xff, 0xbf, 0xf7,
    0xbe, 0xf7, 0xbf, 0xff, 0xbe, 0xf7, 0xbf, 0xf7, 0xbf, 0xff, 0xbe, 0xff,
    0xbf, 0xf7, 0xde, 0xff, 0xbe, 0xf7, 0xbf, 0xff, 0xde, 0xff, 0xde, 0xf7,
    0xbf, 0xff, 0xbf, 0xff, 0xbe, 0xf7, 0xdf, 0xff, 0xbe, 0xff, 0xbf, 0xf7,
    0xdf, 0xff, 0xbe, 0xff, 0xbf, 0xf7, 0xdf, 0xff, 0xbe, 0xff, 0xbf, 0xf7,
    0xbf, 0xff, 0xde, 0xf7, 0xbf, 0xff, 0xbf, 0xf7, 0xde, 0xff, 0xbf, 0xff,
    0xbf, 0xff, 0x9e, 0xf7, 0x9e, 0xf7, 0xbe, 0xf7, 0xbf, 0xff, 0xdf, 0xf7,
    0xbe, 0xff, 0xdf, 0xff, 0xde, 0xf7, 0xbf, 0xff, 0xbe, 0xf7, 0xdf, 0xf7,
    0xbf, 0xff, 0xbe, 0xf7, 0xbf, 0xff, 0xbf, 0xf7, 0xbe, 0xff, 0xbf, 0xff,
    0xbe, 0xff, 0xbf, 0xf7, 0xbf, 0xff, 0xbe, 0xff, 0xbf, 0xf7, 0xbe, 0xff,
    0xdf, 0xff, 0xbf, 0xff, 0xbe, 0xf7, 0xbe, 0xff, 0xbf, 0xff, 0xdf, 0xf7,
    0xbe, 0xff, 0xbf, 0xff, 0xdf, 0xf7, 0xde, 0xff, 0xbf, 0xf7, 0xbe, 0xff,
    0xdf, 0xf7, 0xbf, 0xff, 0xbe, 0xf7, 0xbf, 0xff, 0xbf, 0xff, 0xbe, 0xf7,
    0xdf, 0xff, 0xbe, 0xff, 0xdf, 0xf7, 0xbf, 0xf7, 0xbe, 0xff, 0xbf, 0xf7,
    0xdf, 0xff, 0xbe, 0xff, 0xbf, 0xff, 0xdf, 0xf7, 0xbe, 0xff, 0xbf, 0xff,
    0xde, 0xf7, 0xbe, 0xff, 0xbf, 0xff, 0xdf, 0xf7, 0xbe, 0xff, 0xbf, 0xff,
    0xdf, 0xf7, 0xde, 0xff, 0xbf, 0xff, 0xde, 0xf7, 0xbf, 0xff, 0xbf, 0xf7,
    0xde, 0xff, 0xbf, 0xff, 0xbf, 0xf7, 0xbe, 0xf7, 0xbf, 0xff, 0xbf, 0xff,
    0xde, 0xf7, 0xbe, 0xf7, 0xbf, 0xff, 0xbf, 0xf7, 0xde, 0xff, 0xbf, 0xff,
    0xbe, 0xf7, 0xbf, 0xff, 0xbf, 0xff, 0xbe, 0xf7, 0xdf, 0xff, 0xbf, 0xff,
    0xbe, 0xf7, 0xbf, 0xff, 0xde, 0xff, 0xbf, 0xf7, 0xbe, 0xf7, 0xbf, 0xff,
    0xde, 0xf7, 0xbe, 0xf7, 0xbf, 0xff, 0xbf, 0xff, 0xbf, 0xf7, 0xbe, 0xff,
    0xbf, 0xff, 0xbf, 0xf7, 0xbf, 0xff, 0xbe, 0xff, 0xdf, 0xff, 0xbe, 0xff,
    0xbf, 0xff, 0xdf, 0xf7, 0xbe, 0xff, 0xbf, 0xff, 0xde, 0xf7, 0xbf, 0xff,
    0xbf, 0xf7, 0xbe, 0xff, 0xdf, 0xff, 0xbf, 0xf7, 0xbe, 0xff, 0xbf, 0xf7,
    0xbe, 0xff, 0xdf, 0xff, 0xbf, 0xf7, 0xbe, 0xff, 0xdf, 0xf7, 0xbf, 0xff,
    0xbe, 0xf7, 0xbf, 0xff, 0xbf, 0xff, 0xbe, 0xf7, 0xbf, 0xff, 0xdf, 0xff,
    0xbe, 0xff, 0xbf, 0xf7, 0xbe, 0xff, 0xdf, 0xff, 0xbe, 0xf7, 0xbf, 0xff,
    0xbf, 0xff, 0xbe, 0xff, 0xbf, 0xf7, 0xdf, 0xff, 0xbe, 0xff, 0xbf, 0xff,
    0xbf, 0xf7, 0xbe, 0xff, 0xbf, 0xff, 0xbe, 0xf7, 0xbf, 0xff, 0xbf, 0xff,
    0xbf, 0xf7, 0xbe, 0xff, 0xdf, 0xff, 0xbf, 0xff, 0xbe, 0xf7, 0xbf, 0xff,
    0xbf, 0xff, 0xbe, 0xff, 0xbf, 0xff, 0xdf, 0xff, 0xbe, 0xf7, 0xbf, 0xff,
    0xbf, 0xff, 0xbe, 0xff, 0xdf, 0xff, 0xbf, 0xf7, 0xbf, 0xff, 0xbf, 0xff,
    0xbe, 0xf7, 0xdf, 0xff, 0xbf, 0xff, 0xbe, 0xf7, 0xbf, 0xff, 0xdf, 0xff,
    0xbe, 0xf7, 0xdf, 0xff, 0xbe, 0xf7, 0xbf, 0xff, 0xbf, 0xf7, 0xde, 0xff,
    0xbf, 0xff, 0xbf, 0xf7, 0xbe, 0xff, 0xbf, 0xff, 0xbf, 0xff, 0xbe, 0xff,
    0xbf, 0xf7, 0xdf, 0xff, 0xbe, 0xff, 0xbf, 0xff, 0xde, 0xf7, 0xbf, 0xff,
    0xbf, 0xff, 0xbe, 0xf7, 0xbf, 0xff, 0xdf, 0xf7, 0xbe, 0xf7, 0xbf, 0xff,
    0xbe, 0xff, 0xbf, 0xf7, 0xdf, 0xff, 0xbe, 0xff, 0xbf, 0xf7, 0xbf, 0xf7
};
