// 4.26.1 0x91a65a15 D2 R0 FRGB565 U565 N0 SExtFlashSection
// Generated by imageconverter. Please, do not edit!

#include <touchgfx/hal/Config.hpp>

LOCATION_PRAGMA("ExtFlashSection")
KEEP extern const unsigned char image_speed[] LOCATION_ATTRIBUTE("ExtFlashSection") = { // 90x90 RGB565 pixels.
    0x7e, 0xf7, 0x7e, 0xf7, 0x7d, 0xef, 0x7e, 0xf7, 0x7e, 0xf7, 0x7d, 0xef,
    0x7e, 0xf7, 0x7e, 0xf7, 0x7d, 0xef, 0x7e, 0xf7, 0x7e, 0xf7, 0x7d, 0xef,
    0x7e, 0xf7, 0x7e, 0xf7, 0x7d, 0xef, 0x7e, 0xf7, 0x7e, 0xf7, 0x7d, 0xef,
    0x7e, 0xf7, 0x7e, 0xf7, 0x7d, 0xef, 0x7e, 0xf7, 0x7e, 0xf7, 0x7d, 0xef,
    0x7e, 0xf7, 0x7e, 0xf7, 0x7d, 0xef, 0x7e, 0xf7, 0x7e, 0xf7, 0x7d, 0xef,
    0x7e, 0xf7, 0x7e, 0xf7, 0x7d, 0xef, 0x7e, 0xf7, 0x7e, 0xf7, 0x7d, 0xef,
    0x7e, 0xf7, 0x7e, 0xf7, 0x7d, 0xef, 0x7e, 0xf7, 0x7e, 0xf7, 0x7d, 0xef,
    0x7e, 0xf7, 0x7e, 0xf7, 0x7d, 0xef, 0x7e, 0xf7, 0x7e, 0xf7, 0x7d, 0xef,
    0x7e, 0xf7, 0x7e, 0xf7, 0x7d, 0xef, 0x7e, 0xf7, 0x7e, 0xf7, 0x7d, 0xef,
    0x7e, 0xf7, 0x7e, 0xf7, 0x7d, 0xef, 0x7e, 0xf7, 0x7e, 0xf7, 0x7d, 0xef,
    0x7e, 0xf7, 0x7e, 0xf7, 0x7d, 0xef, 0x7e, 0xf7, 0x7e, 0xf7, 0x7d, 0xef,
    0x7e, 0xf7, 0x7e, 0xf7, 0x7d, 0xef, 0x7e, 0xf7, 0x7e, 0xf7, 0x7d, 0xef,
    0x7e, 0xf7, 0x7e, 0xf7, 0x7d, 0xef, 0x7e, 0xf7, 0x7e, 0xf7, 0x7d, 0xef,
    0x7e, 0xf7, 0x7e, 0xf7, 0x7d, 0xef, 0x7e, 0xf7, 0x7e, 0xf7, 0x7d, 0xef,
    0x7e, 0xf7, 0x7e, 0xf7, 0x7d, 0xef, 0x7e, 0xf7, 0x7e, 0xf7, 0x7d, 0xef,
    0x7d, 0xef, 0x7e, 0xf7, 0x7e, 0xf7, 0x7d, 0xef, 0x7e, 0xf7, 0x7e, 0xf7,
    0x7d, 0xef, 0x7e, 0xf7, 0x7e, 0xf7, 0x7d, 0xef, 0x7e, 0xf7, 0x7e, 0xf7,
    0x7d, 0xef, 0x7e, 0xf7, 0x7e, 0xf7, 0x7d, 0xef, 0x7e, 0xf7, 0x7e, 0xf7,
    0x7d, 0xef, 0x7e, 0xf7, 0x7e, 0xf7, 0x7d, 0xef, 0x7e, 0xf7, 0x7e, 0xf7,
    0x7d, 0xef, 0x7e, 0xf7, 0x7e, 0xf7, 0x7d, 0xef, 0x7e, 0xf7, 0x7e, 0xf7,
    0x7d, 0xef, 0x7e, 0xf7, 0x7e, 0xf7, 0x7d, 0xef, 0x7e, 0xf7, 0x7e, 0xf7,
    0x7d, 0xef, 0x7e, 0xf7, 0x7e, 0xf7, 0x7d, 0xef, 0x9e, 0xf7, 0x9e, 0xf7,
    0x7e, 0xf7, 0x9e, 0xf7, 0x9e, 0xf7, 0x7e, 0xf7, 0x9e, 0xf7, 0x9e, 0xf7,
    0x7e, 0xf7, 0x9e, 0xf7, 0x7d, 0xef, 0x7e, 0xf7, 0x7e, 0xf7, 0x7d, 0xef,
    0x7e, 0xf7, 0x7e, 0xf7, 0x7d, 0xef, 0x7e, 0xf7, 0x7e, 0xf7, 0x7d, 0xef,
    0x7e, 0xf7, 0x7e, 0xf7, 0x7d, 0xef, 0x7e, 0xf7, 0x7e, 0xf7, 0x7d, 0xef,
    0x7e, 0xf7, 0x7e, 0xf7, 0x7d, 0xef, 0x7e, 0xf7, 0x7e, 0xf7, 0x7d, 0xef,
    0x7e, 0xf7, 0x7e, 0xf7, 0x7d, 0xef, 0x7e, 0xf7, 0x7e, 0xf7, 0x7d, 0xef,
    0x7e, 0xf7, 0x7e, 0xf7, 0x7d, 0xef, 0x7e, 0xf7, 0x7e, 0xf7, 0x7d, 0xef,
    0x7e, 0xf7, 0x7e, 0xf7, 0x7d, 0xef, 0x7e, 0xf7, 0x7e, 0xf7, 0x7d, 0xef,
    0x7e, 0xf7, 0x7d, 0xef, 0x9e, 0xf7, 0x7d, 0xef, 0x9e, 0xf7, 0x7e, 0xf7,
    0x9d, 0xef, 0x7e, 0xf7, 0x9e, 0xf7, 0x7d, 0xef, 0x9e, 0xf7, 0x7e, 0xf7,
    0x9d, 0xef, 0x7e, 0xf7, 0x9e, 0xf7, 0x7d, 0xef, 0x9e, 0xf7, 0x7e, 0xf7,
    0x9d, 0xef, 0x7e, 0xf7, 0x9e, 0xf7, 0x7d, 0xef, 0x9e, 0xf7, 0x7e, 0xf7,
    0x9d, 0xef, 0x7e, 0xf7, 0x9e, 0xf7, 0x7d, 0xef, 0x9e, 0xf7, 0x7e, 0xf7,
    0x9d, 0xef, 0x7e, 0xf7, 0x9e, 0xf7, 0x9e, 0xf7, 0x9e, 0xf7, 0x9e, 0xf7,
    0x9e, 0xf7, 0x9e, 0xf7, 0x9e, 0xf7, 0x9e, 0xf7, 0x7e, 0xf7, 0x9d, 0xef,
    0x7e, 0xf7, 0x9e, 0xf7, 0x7d, 0xef, 0x7e, 0xf7, 0x9d, 0xef, 0x7e, 0xf7,
    0x9e, 0xf7, 0x9d, 0xef, 0x9e, 0xf7, 0x9e, 0xf7, 0x9e, 0xf7, 0x9e, 0xf7,
    0x9e, 0xf7, 0x9e, 0xf7, 0x7d, 0xef, 0x9e, 0xf7, 0x7d, 0xef, 0x9e, 0xf7,
    0x7e, 0xf7, 0x9d, 0xef, 0x7e, 0xf7, 0x9d, 0xef, 0x7e, 0xf7, 0x9e, 0xf7,
    0x7d, 0xef, 0x9e, 0xf7, 0x7d, 0xef, 0x9e, 0xf7, 0x7e, 0xf7, 0x9d, 0xef,
    0x7e, 0xf7, 0x9d, 0xef, 0x7e, 0xf7, 0x9e, 0xf7, 0x7d, 0xef, 0x9e, 0xf7,
    0x7d, 0xef, 0x9e, 0xf7, 0x7e, 0xf7, 0x9d, 0xef, 0x7e, 0xf7, 0x9d, 0xef,
    0x7e, 0xf7, 0x9e, 0xf7, 0x7d, 0xef, 0x9e, 0xf7, 0x7e, 0xf7, 0x7e, 0xf7,
    0x7e, 0xf7, 0x7e, 0xf7, 0x7d, 0xef, 0x7e, 0xf7, 0x7d, 0xef, 0x9e, 0xf7,
    0x7d, 0xef, 0x7e, 0xf7, 0x7d, 0xef, 0x9e, 0xf7, 0x7d, 0xef, 0x7e, 0xf7,
    0x7d, 0xef, 0x9e, 0xf7, 0x7d, 0xef, 0x7e, 0xf7, 0x7d, 0xef, 0x9e, 0xf7,
    0x7d, 0xef, 0x7e, 0xf7, 0x7d, 0xef, 0x9e, 0xf7, 0x7d, 0xef, 0x7e, 0xf7,
    0x7d, 0xef, 0x9e, 0xf7, 0x7d, 0xef, 0x7e, 0xf7, 0x7d, 0xef, 0x9e, 0xf7,
    0x7d, 0xef, 0x7d, 0xef, 0x9e, 0xf7, 0x9e, 0xf7, 0x7d, 0xef, 0x7d, 0xef,
    0x9e, 0xf7, 0x7d, 0xef, 0x7e, 0xf7, 0x9e, 0xf7, 0x9e, 0xf7, 0x9e, 0xf7,
    0x9e, 0xf7, 0x9e, 0xf7, 0x9e, 0xf7, 0x9e, 0xf7, 0x9e, 0xf7, 0x9e, 0xf7,
    0x9e, 0xf7, 0x7e, 0xf7, 0x7e, 0xf7, 0x7d, 0xef, 0x9e, 0xf7, 0x7d, 0xef,
    0x9e, 0xf7, 0x7e, 0xf7, 0x9e, 0xf7, 0x9e, 0xf7, 0x9e, 0xf7, 0x7d, 0xef,
    0x7e, 0xf7, 0x7e, 0xf7, 0x9d, 0xef, 0x7e, 0xf7, 0x7d, 0xef, 0x7e, 0xf7,
    0x9e, 0xf7, 0x7d, 0xef, 0x7e, 0xf7, 0x7d, 0xef, 0x9e, 0xf7, 0x7e, 0xf7,
    0x7d, 0xef, 0x7e, 0xf7, 0x9e, 0xf7, 0x7d, 0xef, 0x7e, 0xf7, 0x7e, 0xf7,
    0x9d, 0xef, 0x7e, 0xf7, 0x7d, 0xef, 0x7e, 0xf7, 0x9e, 0xf7, 0x7d, 0xef,
    0x7e, 0xf7, 0x7d, 0xef, 0x7e, 0xf7, 0x9d, 0xef, 0x7d, 0xef, 0x7e, 0xf7,
    0x7d, 0xef, 0x7e, 0xf7, 0x9e, 0xf7, 0x7d, 0xef, 0x7e, 0xf7, 0x7e, 0xf7,
    0x7e, 0xf7, 0x7d, 0xef, 0x7e, 0xf7, 0x7e, 0xf7, 0x7d, 0xef, 0x7e, 0xf7,
    0x7e, 0xf7, 0x7d, 0xef, 0x7e, 0xf7, 0x7e, 0xf7, 0x7d, 0xef, 0x7e, 0xf7,
    0x7e, 0xf7, 0x7d, 0xef, 0x7e, 0xf7, 0x7e, 0xf7, 0x7d, 0xef, 0x7e, 0xf7,
    0x7e, 0xf7, 0x7d, 0xef, 0x7e, 0xf7, 0x7e, 0xf7, 0x7d, 0xef, 0x9e, 0xf7,
    0x9e, 0xf7, 0x7e, 0xf7, 0x7e, 0xf7, 0x9e, 0xf7, 0x7e, 0xf7, 0x7e, 0xf7,
    0x9e, 0xf7, 0x9e, 0xf7, 0x9e, 0xf7, 0x9e, 0xf7, 0x9d, 0xef, 0x7e, 0xf7,
    0x9e, 0xf7, 0x9e, 0xf7, 0x9e, 0xf7, 0x9e, 0xf7, 0x9e, 0xf7, 0x7e, 0xf7,
    0x9e, 0xf7, 0x9e, 0xf7, 0x9e, 0xf7, 0x9e, 0xf7, 0x9e, 0xf7, 0x9e, 0xf7,
    0x9e, 0xf7, 0x7d, 0xef, 0x7e, 0xf7, 0x7e, 0xf7, 0x9e, 0xf7, 0x9d, 0xef,
    0x7e, 0xf7, 0x7e, 0xf7, 0x7d, 0xef, 0x7e, 0xf7, 0x7e, 0xf7, 0x7d, 0xef,
    0x7e, 0xf7, 0x7e, 0xf7, 0x7d, 0xef, 0x7e, 0xf7, 0x7d, 0xef, 0x7e, 0xf7,
    0x7e, 0xf7, 0x7d, 0xef, 0x7e, 0xf7, 0x7d, 0xef, 0x7e, 0xf7, 0x7e, 0xf7,
    0x7d, 0xef, 0x7e, 0xf7, 0x7e, 0xf7, 0x7d, 0xef, 0x7e, 0xf7, 0x7e, 0xf7,
    0x9d, 0xef, 0x7e, 0xf7, 0x7e, 0xf7, 0x7e, 0xf7, 0x7d, 0xef, 0x7e, 0xf7,
    0x7e, 0xf7, 0x7d, 0xef, 0x9e, 0xf7, 0x7e, 0xf7, 0x7d, 0xef, 0x9e, 0xf7,
    0x7d, 0xef, 0x9e, 0xf7, 0x7e, 0xf7, 0x7d, 0xef, 0x9e, 0xf7, 0x9e, 0xf7,
    0x7d, 0xef, 0x7e, 0xf7, 0x9e, 0xf7, 0x9d, 0xef, 0x7e, 0xf7, 0x7e, 0xf7,
    0x9d, 0xef, 0x9e, 0xf7, 0x7e, 0xf7, 0x7d, 0xef, 0x9e, 0xf7, 0x9e, 0xf7,
    0x7d, 0xef, 0x7e, 0xf7, 0x9e, 0xf7, 0x9e, 0xf7, 0x9e, 0xf7, 0x7e, 0xf7,
    0x9e, 0xf7, 0x9e, 0xf7, 0x9e, 0xf7, 0x9e, 0xf7, 0x9e, 0xf7, 0x9e, 0xf7,
    0x9e, 0xf7, 0x9e, 0xf7, 0x9e, 0xf7, 0x7e, 0xf7, 0x9e, 0xf7, 0x9e, 0xf7,
    0x7e, 0xf7, 0x9d, 0xef, 0x7e, 0xf7, 0x9e, 0xf7, 0x9d, 0xef, 0x7e, 0xf7,
    0x9e, 0xf7, 0x9d, 0xef, 0x9e, 0xf7, 0x9e, 0xf7, 0x7e, 0xf7, 0x9e, 0xf7,
    0x9e, 0xf7, 0x9e, 0xf7, 0x9e, 0xf7, 0x9e, 0xf7, 0x9e, 0xf7, 0x7e, 0xf7,
    0x9e, 0xf7, 0x9e, 0xf7, 0x9e, 0xf7, 0x9e, 0xf7, 0x7d, 0xef, 0x9e, 0xf7,
    0x7d, 0xef, 0x9e, 0xf7, 0x9e, 0xf7, 0x7d, 0xef, 0x7e, 0xf7, 0x9e, 0xf7,
    0x9d, 0xef, 0x7e, 0xf7, 0x7e, 0xf7, 0x9d, 0xef, 0x9e, 0xf7, 0x7d, 0xef,
    0x7e, 0xf7, 0x9e, 0xf7, 0x9d, 0xef, 0x7e, 0xf7, 0x7d, 0xef, 0x9e, 0xf7,
    0x7e, 0xf7, 0x7d, 0xef, 0x9e, 0xf7, 0x7e, 0xf7, 0x7d, 0xef, 0x9e, 0xf7,
    0x7e, 0xf7, 0x7d, 0xef, 0x7e, 0xf7, 0x7e, 0xf7, 0x9d, 0xef, 0x7e, 0xf7,
    0x7e, 0xf7, 0x9d, 0xef, 0x7e, 0xf7, 0x7d, 0xef, 0x7e, 0xf7, 0x7d, 0xef,
    0x9e, 0xf7, 0x7e, 0xf7, 0x7d, 0xef, 0x7e, 0xf7, 0x7e, 0xf7, 0x7d, 0xef,
    0x7e, 0xf7, 0x7e, 0xf7, 0x9d, 0xef, 0x7e, 0xf7, 0x7e, 0xf7, 0x7d, 0xef,
    0x9e, 0xf7, 0x9e, 0xf7, 0x9d, 0xef, 0x7e, 0xf7, 0x7e, 0xf7, 0x9e, 0xf7,
    0x9e, 0xf7, 0x9d, 0xef, 0x9e, 0xf7, 0x9e, 0xf7, 0x9d, 0xef, 0x9e, 0xf7,
    0x7e, 0xf7, 0x9e, 0xf7, 0x9e, 0xf7, 0x9e, 0xf7, 0x9e, 0xf7, 0x9e, 0xf7,
    0x9e, 0xf7, 0x9e, 0xf7, 0x9e, 0xf7, 0x9e, 0xf7, 0x9e, 0xf7, 0x9e, 0xf7,
    0x9e, 0xf7, 0x9e, 0xf7, 0x9e, 0xf7, 0x9e, 0xf7, 0x9e, 0xf7, 0x9e, 0xf7,
    0x9e, 0xf7, 0x9e, 0xf7, 0x9d, 0xef, 0x9e, 0xf7, 0x9e, 0xf7, 0x9e, 0xf7,
    0x9e, 0xf7, 0x7d, 0xef, 0x7e, 0xf7, 0x9e, 0xf7, 0x9e, 0xf7, 0x7e, 0xf7,
    0x7d, 0xef, 0x7e, 0xf7, 0x7e, 0xf7, 0x7d, 0xef, 0x7e, 0xf7, 0x7d, 0xef,
    0x7e, 0xf7, 0x9e, 0xf7, 0x7d, 0xef, 0x7e, 0xf7, 0x7e, 0xf7, 0x7d, 0xef,
    0x7e, 0xf7, 0x7d, 0xef, 0x7e, 0xf7, 0x7e, 0xf7, 0x9d, 0xef, 0x7e, 0xf7,
    0x7e, 0xf7, 0x7d, 0xef, 0x9d, 0xef, 0x7e, 0xf7, 0x7e, 0xf7, 0x7d, 0xef,
    0x7e, 0xf7, 0x9d, 0xef, 0x7e, 0xf7, 0x7d, 0xef, 0x7e, 0xf7, 0x7e, 0xf7,
    0x7d, 0xef, 0x7e, 0xf7, 0x9e, 0xf7, 0x7e, 0xf7, 0x7d, 0xef, 0x7e, 0xf7,
    0x7e, 0xf7, 0x7d, 0xef, 0x7d, 0xef, 0x9e, 0xf7, 0x7d, 0xef, 0x9e, 0xf7,
    0x7d, 0xef, 0x7e, 0xf7, 0x7d, 0xef, 0x7e, 0xf7, 0x7d, 0xef, 0x7e, 0xf7,
    0x9e, 0xf7, 0x7e, 0xf7, 0x7d, 0xef, 0x9e, 0xf7, 0x9e, 0xf7, 0x9e, 0xf7,
    0x7e, 0xf7, 0x7e, 0xf7, 0x9e, 0xf7, 0x7e, 0xf7, 0x9e, 0xf7, 0x9e, 0xf7,
    0x9e, 0xf7, 0x9e, 0xf7, 0x9e, 0xf7, 0x9e, 0xf7, 0x9e, 0xf7, 0x9e, 0xf7,
    0x9e, 0xf7, 0x9e, 0xf7, 0x9e, 0xf7, 0x9e, 0xf7, 0x9e, 0xf7, 0x9e, 0xf7,
    0x9e, 0xf7, 0x9e, 0xf7, 0x9e, 0xf7, 0x9e, 0xf7, 0x9e, 0xf7, 0x9e, 0xf7,
    0x9e, 0xf7, 0x9e, 0xf7, 0x7e, 0xf7, 0x7e, 0xf7, 0x9d, 0xef, 0x9e, 0xf7,
    0x9e, 0xf7, 0x9e, 0xf7, 0x9e, 0xf7, 0x9e, 0xf7, 0x7d, 0xef, 0x9e, 0xf7,
    0x9e, 0xf7, 0x9e, 0xf7, 0x7d, 0xef, 0x7e, 0xf7, 0x9e, 0xf7, 0x7d, 0xef,
    0x7e, 0xf7, 0x7d, 0xef, 0x7d, 0xef, 0x7e, 0xf7, 0x9e, 0xf7, 0x7d, 0xef,
    0x9e, 0xf7, 0x7e, 0xf7, 0x7d, 0xef, 0x7e, 0xf7, 0x7e, 0xf7, 0x7d, 0xef,
    0x7e, 0xf7, 0x9e, 0xf7, 0x7d, 0xef, 0x7e, 0xf7, 0x7e, 0xf7, 0x7d, 0xef,
    0x7e, 0xf7, 0x7e, 0xf7, 0x9d, 0xef, 0x7e, 0xf7, 0x9d, 0xef, 0x7e, 0xf7,
    0x7d, 0xef, 0x7d, 0xef, 0x7e, 0xf7, 0x9d, 0xef, 0x7e, 0xf7, 0x9e, 0xf7,
    0x7d, 0xef, 0x7e, 0xf7, 0x9e, 0xf7, 0x7e, 0xf7, 0x7d, 0xef, 0x9e, 0xf7,
    0x7e, 0xf7, 0x7d, 0xef, 0x9e, 0xf7, 0x9e, 0xf7, 0x9e, 0xf7, 0x9e, 0xf7,
    0x7e, 0xf7, 0x9e, 0xf7, 0x9e, 0xf7, 0x9e, 0xf7, 0x9e, 0xf7, 0x9e, 0xf7,
    0x9e, 0xf7, 0x9e, 0xf7, 0x9d, 0xf7, 0x9d, 0xf7, 0x9e, 0xf7, 0x9e, 0xf7,
    0x9e, 0xf7, 0x9e, 0xf7, 0x9e, 0xf7, 0x9e, 0xf7, 0x9e, 0xf7, 0x9e, 0xf7,
    0x9e, 0xf7, 0x9e, 0xf7, 0x9e, 0xf7, 0x9e, 0xf7, 0x9e, 0xf7, 0x9e, 0xf7,
    0x9e, 0xf7, 0x9e, 0xf7, 0x9e, 0xf7, 0x9e, 0xf7, 0x9e, 0xf7, 0x9e, 0xf7,
    0x9e, 0xf7, 0x7e, 0xf7, 0x9e, 0xf7, 0x9e, 0xf7, 0x9e, 0xf7, 0x9e, 0xf7,
    0x9e, 0xf7, 0x9e, 0xf7, 0x9e, 0xf7, 0x7d, 0xef, 0x7e, 0xf7, 0x9e, 0xf7,
    0x7e, 0xf7, 0x9d, 0xef, 0x7e, 0xf7, 0x7e, 0xf7, 0x9d, 0xef, 0x7e, 0xf7,
    0x7e, 0xf7, 0x9e, 0xf7, 0x7e, 0xf7, 0x7d, 0xef, 0x9e, 0xf7, 0x7e, 0xf7,
    0x7d, 0xef, 0x9e, 0xf7, 0x9d, 0xef, 0x7e, 0xf7, 0x9d, 0xef, 0x7d, 0xef,
    0x7e, 0xf7, 0x7e, 0xf7, 0x7d, 0xef, 0x9e, 0xf7, 0x7e, 0xf7, 0x7e, 0xf7,
    0x7d, 0xef, 0x7e, 0xf7, 0x7e, 0xf7, 0x7d, 0xef, 0x7e, 0xf7, 0x9e, 0xf7,
    0x9e, 0xf7, 0x7e, 0xf7, 0x7d, 0xef, 0x7e, 0xf7, 0x7e, 0xf7, 0x9d, 0xef,
    0x7e, 0xf7, 0x7e, 0xf7, 0x9d, 0xef, 0x7e, 0xf7, 0x7e, 0xf7, 0x7d, 0xef,
    0x7e, 0xf7, 0x9e, 0xf7, 0x9e, 0xf7, 0x7d, 0xef, 0x9e, 0xf7, 0x7d, 0xef,
    0x9e, 0xf7, 0x9e, 0xf7, 0x9e, 0xf7, 0x9e, 0xf7, 0x9e, 0xf7, 0x9e, 0xf7,
    0x9e, 0xf7, 0x9e, 0xf7, 0x9e, 0xf7, 0x9e, 0xf7, 0x9e, 0xf7, 0x9e, 0xf7,
    0x9e, 0xf7, 0x9e, 0xf7, 0x9e, 0xf7, 0x9e, 0xf7, 0x7d, 0xf7, 0xbe, 0xf7,
    0xbe, 0xf7, 0x9d, 0xf7, 0x9d, 0xf7, 0xbe, 0xf7, 0xbe, 0xf7, 0x9e, 0xf7,
    0x9d, 0xf7, 0x9e, 0xf7, 0xbe, 0xf7, 0x9e, 0xf7, 0x9e, 0xf7, 0xbe, 0xf7,
    0xbe, 0xf7, 0x9e, 0xf7, 0x9e, 0xf7, 0x9e, 0xf7, 0x7e, 0xf7, 0x7e, 0xf7,
    0x9e, 0xf7, 0x7e, 0xf7, 0x9e, 0xf7, 0x9e, 0xf7, 0x9e, 0xf7, 0x9e, 0xf7,
    0x7d, 0xef, 0x7e, 0xf7, 0x9e, 0xf7, 0x9e, 0xf7, 0x7d, 0xef, 0x7e, 0xf7,
    0x7d, 0xef, 0x9e, 0xf7, 0x7e, 0xf7, 0x7d, 0xef, 0x7e, 0xf7, 0x7e, 0xf7,
    0x7d, 0xef, 0x7e, 0xf7, 0x7e, 0xf7, 0x7e, 0xf7, 0x7e, 0xf7, 0x9d, 0xef,
    0x7e, 0xf7, 0x7e, 0xf7, 0x9d, 0xef, 0x7d, 0xef, 0x7e, 0xf7, 0x9d, 0xef,
    0x7e, 0xf7, 0x7d, 0xef, 0x9e, 0xf7, 0x7e, 0xf7, 0x7d, 0xef, 0x7e, 0xf7,
    0x7e, 0xf7, 0x9d, 0xef, 0x7e, 0xf7, 0x7e, 0xf7, 0x9d, 0xef, 0x7d, 0xef,
    0x7e, 0xf7, 0x7d, 0xef, 0x7d, 0xef, 0x7e, 0xf7, 0x9e, 0xf7, 0x7d, 0xef,
    0x9e, 0xf7, 0x9e, 0xf7, 0x7e, 0xf7, 0x9e, 0xf7, 0x9e, 0xf7, 0x9e, 0xf7,
    0x9e, 0xf7, 0x9e, 0xf7, 0x9e, 0xf7, 0x9e, 0xf7, 0x9e, 0xf7, 0x9e, 0xf7,
    0x9e, 0xf7, 0x9e, 0xf7, 0x9d, 0xf7, 0xbe, 0xf7, 0x9e, 0xf7, 0x9e, 0xf7,
    0x9e, 0xf7, 0x9e, 0xf7, 0xbe, 0xf7, 0xbe, 0xf7, 0xbf, 0xf7, 0xbf, 0xf7,
    0x9f, 0xf7, 0xbf, 0xf7, 0xbf, 0xf7, 0x9f, 0xf7, 0x9f, 0xf7, 0x9e, 0xf7,
    0xbf, 0xff, 0x9f, 0xf7, 0x9f, 0xf7, 0x9e, 0xf7, 0x9e, 0xf7, 0x7e, 0xf7,
    0x9e, 0xf7, 0xbd, 0xf7, 0x9e, 0xf7, 0xbe, 0xf7, 0x9e, 0xf7, 0x9e, 0xf7,
    0x9e, 0xf7, 0x9e, 0xf7, 0x9e, 0xf7, 0x7d, 0xef, 0x9e, 0xf7, 0x9e, 0xf7,
    0x9e, 0xf7, 0x9e, 0xf7, 0x7e, 0xf7, 0x9d, 0xef, 0x9e, 0xf7, 0x9e, 0xf7,
    0x7d, 0xef, 0x7d, 0xef, 0x9e, 0xf7, 0x7d, 0xef, 0x7e, 0xf7, 0x9d, 0xef,
    0x7e, 0xf7, 0x7d, 0xef, 0x9e, 0xf7, 0x7d, 0xef, 0x7e, 0xf7, 0x7e, 0xf7,
    0x9d, 0xef, 0x7e, 0xf7, 0x7e, 0xf7, 0x7e, 0xf7, 0x7d, 0xef, 0x7e, 0xf7,
    0x7e, 0xf7, 0x7d, 0xef, 0x9e, 0xf7, 0x7e, 0xf7, 0x7d, 0xef, 0x7d, 0xef,
    0x7e, 0xf7, 0x7d, 0xef, 0x9e, 0xf7, 0x7e, 0xf7, 0x7d, 0xef, 0x7e, 0xf7,
    0x9e, 0xf7, 0x7e, 0xf7, 0x7e, 0xf7, 0x9d, 0xef, 0x9e, 0xf7, 0x7e, 0xf7,
    0x7d, 0xef, 0x9e, 0xf7, 0x9e, 0xf7, 0x9e, 0xf7, 0x9e, 0xf7, 0x7e, 0xf7,
    0x9e, 0xf7, 0x9e, 0xf7, 0x9e, 0xf7, 0x9e, 0xf7, 0x9e, 0xf7, 0x9e, 0xf7,
    0x9e, 0xf7, 0x9e, 0xf7, 0x7f, 0xf7, 0x9f, 0xf7, 0xbf, 0xf7, 0x9e, 0xf7,
    0x9e, 0xf7, 0xbe, 0xf7, 0x9e, 0xf7, 0x9e, 0xf7, 0xbe, 0xf7, 0x9e, 0xf7,
    0x9e, 0xf7, 0xbe, 0xf7, 0xbe, 0xf7, 0x9e, 0xf7, 0xbe, 0xf7, 0xde, 0xff,
    0x9e, 0xf7, 0xbe, 0xf7, 0xbe, 0xf7, 0x9e, 0xf7, 0xbe, 0xff, 0xbf, 0xff,
    0xbe, 0xf7, 0x9e, 0xf7, 0x9e, 0xf7, 0x9e, 0xf7, 0x9e, 0xf7, 0x9e, 0xf7,
    0x9e, 0xf7, 0x9e, 0xf7, 0x9e, 0xf7, 0x9e, 0xf7, 0x9e, 0xf7, 0x9e, 0xf7,
    0x9e, 0xf7, 0x9e, 0xf7, 0x9e, 0xf7, 0x7e, 0xf7, 0x7e, 0xf7, 0x9e, 0xf7,
    0x7e, 0xf7, 0x7e, 0xf7, 0x7d, 0xef, 0x7e, 0xf7, 0x9e, 0xf7, 0x7d, 0xef,
    0x7e, 0xf7, 0x9e, 0xf7, 0x7d, 0xef, 0x7e, 0xf7, 0x9d, 0xef, 0x7e, 0xf7,
    0x7e, 0xf7, 0x9d, 0xef, 0x7e, 0xf7, 0x9e, 0xf7, 0x7d, 0xef, 0x7e, 0xf7,
    0x7e, 0xf7, 0x7d, 0xef, 0x7e, 0xf7, 0x9e, 0xf7, 0x7d, 0xef, 0x9e, 0xf7,
    0x7e, 0xf7, 0x7d, 0xef, 0x7e, 0xf7, 0x9e, 0xf7, 0x7d, 0xef, 0x7e, 0xf7,
    0x9e, 0xf7, 0x7d, 0xef, 0x7e, 0xf7, 0x7e, 0xf7, 0x9e, 0xf7, 0x7e, 0xf7,
    0x7e, 0xf7, 0x9d, 0xef, 0x9e, 0xf7, 0x7e, 0xf7, 0x9d, 0xef, 0x9e, 0xf7,
    0x9e, 0xf7, 0x9e, 0xf7, 0x9e, 0xf7, 0x9e, 0xf7, 0x9e, 0xf7, 0x9e, 0xf7,
    0xbe, 0xf7, 0xbe, 0xf7, 0xbe, 0xf7, 0xbd, 0xf7, 0xbe, 0xf7, 0xbe, 0xf7,
    0xbe, 0xf7, 0x9f, 0xf7, 0x9e, 0xf7, 0x9e, 0xf7, 0x9e, 0xf7, 0x9e, 0xf7,
    0x9e, 0xf7, 0x9e, 0xf7, 0x9e, 0xff, 0xbf, 0xff, 0x9e, 0xf7, 0x7d, 0xf7,
    0x9e, 0xf7, 0x9e, 0xf7, 0x9e, 0xef, 0x9e, 0xf7, 0xbf, 0xf7, 0x9e, 0xf7,
    0x9e, 0xf7, 0x9e, 0xf7, 0xbe, 0xf7, 0xbe, 0xf7, 0x9e, 0xf7, 0x9e, 0xf7,
    0x9e, 0xf7, 0x9e, 0xf7, 0x9e, 0xf7, 0xbe, 0xf7, 0x9e, 0xf7, 0x9e, 0xf7,
    0x9e, 0xf7, 0x9e, 0xf7, 0x9e, 0xf7, 0x9e, 0xf7, 0x7d, 0xef, 0x7e, 0xf7,
    0x9e, 0xf7, 0x7d, 0xef, 0x7e, 0xf7, 0x9e, 0xf7, 0x7d, 0xef, 0x7e, 0xf7,
    0x7e, 0xf7, 0x7d, 0xef, 0x7e, 0xf7, 0x7e, 0xf7, 0x7d, 0xef, 0x7e, 0xf7,
    0x7e, 0xf7, 0x7d, 0xef, 0x7d, 0xef, 0x7e, 0xf7, 0x9e, 0xf7, 0x7d, 0xef,
    0x7e, 0xf7, 0x7d, 0xef, 0x7e, 0xf7, 0x7e, 0xf7, 0x7d, 0xef, 0x9e, 0xf7,
    0x7e, 0xf7, 0x7d, 0xef, 0x7e, 0xf7, 0x7d, 0xef, 0x7e, 0xf7, 0x7e, 0xf7,
    0x7d, 0xef, 0x9d, 0xef, 0x7e, 0xf7, 0x9e, 0xf7, 0x9d, 0xef, 0x7e, 0xf7,
    0x9e, 0xf7, 0x9e, 0xf7, 0x7e, 0xf7, 0x9e, 0xf7, 0x9e, 0xf7, 0x9e, 0xf7,
    0x9e, 0xf7, 0x9e, 0xf7, 0x9e, 0xf7, 0x9e, 0xf7, 0xbe, 0xf7, 0x9e, 0xf7,
    0xbe, 0xf7, 0x9e, 0xf7, 0x9f, 0xf7, 0x9e, 0xf7, 0x9e, 0xf7, 0x9e, 0xf7,
    0x9e, 0xf7, 0xbe, 0xff, 0xff, 0xff, 0xff, 0xff, 0xff, 0xff, 0xff, 0xff,
    0xff, 0xff, 0xdf, 0xff, 0xbe, 0xf7, 0xbe, 0xf7, 0xdf, 0xff, 0xff, 0xff,
    0xff, 0xff, 0xff, 0xff, 0xff, 0xff, 0xdf, 0xff, 0xbf, 0xff, 0x7e, 0xf7,
    0x7e, 0xf7, 0xbf, 0xff, 0x9e, 0xf7, 0xbe, 0xf7, 0xbf, 0xff, 0xbe, 0xf7,
    0xbe, 0xf7, 0x9e, 0xf7, 0x9e, 0xf7, 0x9e, 0xf7, 0x9e, 0xf7, 0x9e, 0xf7,
    0x9e, 0xf7, 0x9e, 0xf7, 0x7e, 0xf7, 0x9e, 0xf7, 0x9e, 0xf7, 0x9e, 0xf7,
    0x9e, 0xf7, 0x9e, 0xf7, 0x9e, 0xf7, 0x7d, 0xef, 0x7e, 0xf7, 0x9e, 0xf7,
    0x7d, 0xef, 0x7e, 0xf7, 0x9e, 0xf7, 0x9d, 0xef, 0x7e, 0xf7, 0x9d, 0xef,
    0x7e, 0xf7, 0x7e, 0xf7, 0x9d, 0xef, 0x7e, 0xf7, 0x7e, 0xf7, 0x7d, 0xef,
    0x7e, 0xf7, 0x9d, 0xef, 0x7e, 0xf7, 0x7d, 0xef, 0x7e, 0xf7, 0x7e, 0xf7,
    0x9d, 0xef, 0x7e, 0xf7, 0x9e, 0xf7, 0x7d, 0xef, 0x9e, 0xf7, 0x7e, 0xf7,
    0x7d, 0xef, 0x7e, 0xf7, 0x9e, 0xf7, 0x7d, 0xef, 0x7e, 0xf7, 0x9e, 0xf7,
    0x9e, 0xf7, 0x9e, 0xf7, 0x9e, 0xf7, 0x9e, 0xf7, 0x9e, 0xf7, 0x9e, 0xf7,
    0x9e, 0xf7, 0x9e, 0xf7, 0x9e, 0xf7, 0xbe, 0xf7, 0xbe, 0xf7, 0x9e, 0xf7,
    0x9e, 0xf7, 0x9e, 0xf7, 0x9e, 0xf7, 0xbf, 0xff, 0xdf, 0xff, 0xff, 0xff,
    0xff, 0xff, 0x7e, 0xf7, 0x3a, 0xce, 0xf6, 0xac, 0x0f, 0x84, 0x6d, 0x73,
    0xea, 0x62, 0xc9, 0x5a, 0xa9, 0x5a, 0xc9, 0x5a, 0xc9, 0x5a, 0xea, 0x5a,
    0x2e, 0x73, 0x11, 0x8c, 0xf5, 0xac, 0x39, 0xce, 0x7e, 0xf7, 0xff, 0xff,
    0xff, 0xff, 0xbe, 0xff, 0x9e, 0xf7, 0x9e, 0xf7, 0x9e, 0xf7, 0x9e, 0xf7,
    0xbe, 0xf7, 0xbe, 0xf7, 0x9e, 0xf7, 0x9e, 0xf7, 0x9e, 0xf7, 0x9e, 0xf7,
    0x9e, 0xf7, 0x9e, 0xf7, 0x9e, 0xf7, 0x9e, 0xf7, 0x9e, 0xf7, 0x9e, 0xf7,
    0x9e, 0xf7, 0x7d, 0xef, 0x7e, 0xf7, 0x9e, 0xf7, 0x7d, 0xef, 0x7e, 0xf7,
    0x9d, 0xef, 0x7e, 0xf7, 0x7d, 0xef, 0x7e, 0xf7, 0x7e, 0xf7, 0x7d, 0xef,
    0x9e, 0xf7, 0x7e, 0xf7, 0x7d, 0xef, 0x9e, 0xf7, 0x7e, 0xf7, 0x7e, 0xf7,
    0x7e, 0xf7, 0x7e, 0xf7, 0x9d, 0xef, 0x9e, 0xf7, 0x7e, 0xf7, 0x7d, 0xef,
    0x7e, 0xf7, 0x7e, 0xf7, 0x7d, 0xef, 0x9e, 0xf7, 0x7d, 0xef, 0x7e, 0xf7,
    0x9e, 0xf7, 0x9e, 0xf7, 0x7e, 0xf7, 0x9e, 0xf7, 0x9e, 0xf7, 0x9e, 0xf7,
    0x9d, 0xef, 0x7e, 0xf7, 0x9e, 0xf7, 0x9e, 0xf7, 0x9e, 0xf7, 0x9e, 0xf7,
    0x9e, 0xf7, 0x9e, 0xf7, 0xbe, 0xf7, 0x9e, 0xf7, 0x9e, 0xf7, 0x9e, 0xf7,
    0x9e, 0xf7, 0x9e, 0xf7, 0xff, 0xff, 0xff, 0xff, 0xfd, 0xe6, 0x16, 0xa5,
    0x4d, 0x6b, 0x66, 0x4a, 0x42, 0x4a, 0x60, 0x4a, 0x80, 0x5a, 0xc1, 0x62,
    0x01, 0x63, 0x01, 0x6b, 0x00, 0x6b, 0x00, 0x6b, 0x01, 0x63, 0x01, 0x6b,
    0xc0, 0x5a, 0xa0, 0x5a, 0x61, 0x4a, 0x43, 0x4a, 0x66, 0x4a, 0x2c, 0x63,
    0x35, 0xa5, 0x1e, 0xe7, 0xff, 0xff, 0xff, 0xff, 0xbf, 0xff, 0x9e, 0xf7,
    0x9e, 0xf7, 0xbe, 0xf7, 0xbf, 0xff, 0x9e, 0xf7, 0x9e, 0xf7, 0x9e, 0xf7,
    0x9e, 0xf7, 0x9e, 0xf7, 0x9e, 0xf7, 0x9e, 0xf7, 0x9e, 0xf7, 0x9e, 0xf7,
    0x9e, 0xf7, 0x9e, 0xf7, 0x7e, 0xf7, 0x9e, 0xf7, 0x7d, 0xef, 0x7e, 0xf7,
    0x7e, 0xf7, 0x7d, 0xef, 0x7e, 0xf7, 0x9e, 0xf7, 0x7d, 0xef, 0x7e, 0xf7,
    0x7d, 0xef, 0x7e, 0xf7, 0x7e, 0xf7, 0x7d, 0xef, 0x7d, 0xef, 0x7e, 0xf7,
    0x7d, 0xef, 0x7e, 0xf7, 0x7e, 0xf7, 0x7d, 0xef, 0x9e, 0xf7, 0x7d, 0xef,
    0x7e, 0xf7, 0x9d, 0xef, 0x7e, 0xf7, 0x7e, 0xf7, 0x7d, 0xef, 0x7d, 0xef,
    0x9e, 0xf7, 0x7e, 0xf7, 0x7d, 0xef, 0x9e, 0xf7, 0x9e, 0xf7, 0x7d, 0xef,
    0x9e, 0xf7, 0x9e, 0xf7, 0x9e, 0xf7, 0x9e, 0xf7, 0x9e, 0xf7, 0x9e, 0xf7,
    0x9f, 0xff, 0xbe, 0xef, 0xbe, 0xf7, 0x9f, 0xff, 0x9e, 0xff, 0x9e, 0xf7,
    0xff, 0xff, 0xff, 0xff, 0x19, 0xc6, 0x6e, 0x6b, 0x24, 0x4a, 0x61, 0x52,
    0xc1, 0x6a, 0x41, 0x6b, 0xa1, 0x7b, 0xc4, 0x83, 0x23, 0x9c, 0x42, 0xbd,
    0x01, 0xbd, 0x61, 0xbd, 0xc1, 0xc5, 0xa1, 0xcd, 0x21, 0xcd, 0x41, 0xbd,
    0x21, 0xbd, 0x62, 0x9c, 0xe2, 0x83, 0x83, 0x7b, 0x61, 0x6b, 0xe0, 0x62,
    0x61, 0x52, 0x45, 0x4a, 0x4d, 0x6b, 0x19, 0xc6, 0xff, 0xff, 0xff, 0xff,
    0x7e, 0xff, 0x9d, 0xef, 0xbe, 0xff, 0x9f, 0xf7, 0xbe, 0xf7, 0x9e, 0xf7,
    0x9e, 0xf7, 0xbe, 0xf7, 0xbe, 0xf7, 0x9d, 0xf7, 0x9d, 0xf7, 0x7f, 0xf7,
    0x7e, 0xf7, 0x9e, 0xf7, 0x9e, 0xf7, 0x7d, 0xef, 0x9e, 0xf7, 0x9e, 0xf7,
    0x7d, 0xef, 0x7e, 0xf7, 0x9e, 0xf7, 0x7d, 0xef, 0x7e, 0xf7, 0x9e, 0xf7,
    0x7d, 0xef, 0x9e, 0xf7, 0x7e, 0xf7, 0x9d, 0xef, 0x7e, 0xf7, 0x7e, 0xf7,
    0x7e, 0xf7, 0x7d, 0xef, 0x7e, 0xf7, 0x7e, 0xf7, 0x7d, 0xef, 0x9e, 0xf7,
    0x7e, 0xf7, 0x7d, 0xef, 0x9e, 0xf7, 0x7e, 0xf7, 0x7e, 0xf7, 0x9e, 0xf7,
    0x9e, 0xf7, 0x7d, 0xef, 0x9e, 0xf7, 0x9e, 0xf7, 0x7d, 0xef, 0x9e, 0xf7,
    0x9e, 0xf7, 0x9e, 0xf7, 0xbe, 0xf7, 0x9e, 0xf7, 0x9e, 0xf7, 0xbe, 0xf7,
    0xbe, 0xf7, 0xbf, 0xff, 0x9e, 0xff, 0x7e, 0xf7, 0xff, 0xf7, 0xff, 0xff,
    0xd9, 0xbd, 0xca, 0x5a, 0x22, 0x52, 0xe1, 0x62, 0x61, 0x73, 0xa2, 0x7b,
    0x62, 0x9c, 0xa0, 0xcd, 0x60, 0xee, 0x00, 0xff, 0xe0, 0xf6, 0x41, 0x94,
    0x20, 0xff, 0xc1, 0xff, 0x22, 0x94, 0x41, 0x9c, 0xa0, 0xff, 0xe1, 0xfe,
    0x42, 0x9c, 0xa0, 0xfe, 0x21, 0xff, 0x60, 0xee, 0x81, 0xcd, 0x62, 0xa4,
    0xa2, 0x83, 0x22, 0x6b, 0xe1, 0x62, 0x02, 0x42, 0x0c, 0x5b, 0xd8, 0xb5,
    0xff, 0xff, 0xff, 0xff, 0x9d, 0xf7, 0x9f, 0xf7, 0xbe, 0xf7, 0xbe, 0xf7,
    0x9e, 0xf7, 0x9e, 0xf7, 0x9f, 0xf7, 0x7e, 0xef, 0xbe, 0xf7, 0xbd, 0xf7,
    0x9e, 0xf7, 0x9e, 0xf7, 0x9e, 0xf7, 0x9e, 0xf7, 0x7e, 0xf7, 0x9e, 0xf7,
    0x9e, 0xf7, 0x7d, 0xef, 0x7e, 0xf7, 0x7d, 0xef, 0x7e, 0xf7, 0x7e, 0xf7,
    0x9d, 0xef, 0x7e, 0xf7, 0x7d, 0xef, 0x7e, 0xf7, 0x9e, 0xf7, 0x7d, 0xef,
    0x7e, 0xf7, 0x9d, 0xef, 0x7e, 0xf7, 0x7e, 0xf7, 0x9d, 0xef, 0x7e, 0xf7,
    0x7e, 0xf7, 0x7d, 0xef, 0x7d, 0xef, 0x9e, 0xf7, 0x7d, 0xef, 0x9e, 0xf7,
    0x7e, 0xf7, 0x9e, 0xf7, 0x9e, 0xf7, 0x9e, 0xf7, 0x9e, 0xf7, 0x9e, 0xf7,
    0x9e, 0xf7, 0x9e, 0xf7, 0x9e, 0xf7, 0x9e, 0xf7, 0xbe, 0xf7, 0x9e, 0xf7,
    0xbd, 0xf7, 0x9e, 0xf7, 0xbe, 0xf7, 0xff, 0xff, 0xdc, 0xde, 0xcd, 0x62,
    0x01, 0x52, 0x21, 0x6b, 0x42, 0x73, 0x02, 0x94, 0xc2, 0xd5, 0xe1, 0xfe,
    0xa1, 0xff, 0xe2, 0x8b, 0x03, 0x94, 0x80, 0xff, 0xe1, 0xdd, 0xc3, 0x18,
    0x00, 0xde, 0xa0, 0xff, 0xc3, 0x62, 0x02, 0x6b, 0xe0, 0xff, 0x01, 0xde,
    0xc4, 0x10, 0xe0, 0xdd, 0x80, 0xff, 0x02, 0x94, 0xe2, 0x8b, 0xa0, 0xff,
    0xc0, 0xfe, 0xe1, 0xd5, 0xe1, 0x8b, 0xa3, 0x7b, 0xe0, 0x72, 0x01, 0x4a,
    0x2e, 0x63, 0xdc, 0xe6, 0xff, 0xff, 0xde, 0xef, 0x7f, 0xf7, 0xbe, 0xff,
    0xbf, 0xff, 0x9e, 0xf7, 0xbd, 0xff, 0xbf, 0xf7, 0x7f, 0xf7, 0x7d, 0xef,
    0x9e, 0xf7, 0x9e, 0xf7, 0x9e, 0xf7, 0x9e, 0xf7, 0x9e, 0xf7, 0x7d, 0xef,
    0x9e, 0xf7, 0x9e, 0xf7, 0x7d, 0xef, 0x7e, 0xf7, 0x9e, 0xf7, 0x7d, 0xef,
    0x7e, 0xf7, 0x7e, 0xf7, 0x7d, 0xef, 0x7e, 0xf7, 0x7e, 0xf7, 0x7d, 0xef,
    0x7e, 0xf7, 0x7d, 0xef, 0x9e, 0xf7, 0x7d, 0xef, 0x7e, 0xf7, 0x7d, 0xef,
    0x9e, 0xf7, 0x7e, 0xf7, 0x7e, 0xf7, 0x7d, 0xef, 0x9e, 0xf7, 0x7e, 0xf7,
    0x9e, 0xf7, 0x9e, 0xf7, 0x9e, 0xf7, 0x9e, 0xf7, 0x9e, 0xf7, 0x9e, 0xf7,
    0x9e, 0xf7, 0xbe, 0xf7, 0x7e, 0xf7, 0xbe, 0xf7, 0xbf, 0xff, 0xbf, 0xf7,
    0x7e, 0xf7, 0x9f, 0xff, 0xff, 0xff, 0xf5, 0x8c, 0xe4, 0x39, 0x41, 0x6b,
    0x82, 0x73, 0x02, 0x94, 0x01, 0xde, 0x40, 0xff, 0x01, 0x73, 0x01, 0xde,
    0x80, 0xff, 0xc1, 0x7b, 0x63, 0x5a, 0x60, 0xff, 0x00, 0xff, 0xc3, 0x62,
    0x01, 0xe6, 0xa1, 0xff, 0x03, 0x94, 0xe3, 0x93, 0x80, 0xff, 0x00, 0xe6,
    0xe2, 0x5a, 0x21, 0xff, 0x81, 0xff, 0x43, 0x52, 0x02, 0x8c, 0x80, 0xff,
    0x00, 0xde, 0x42, 0x6b, 0x01, 0xff, 0xe1, 0xe5, 0x01, 0x94, 0x62, 0x7b,
    0xe1, 0x6a, 0x04, 0x3a, 0xd4, 0xa4, 0xff, 0xff, 0xde, 0xff, 0x7d, 0xf7,
    0xbd, 0xf7, 0x9f, 0xf7, 0x9f, 0xf7, 0x9d, 0xf7, 0x9e, 0xf7, 0xde, 0xff,
    0x9e, 0xf7, 0x9e, 0xf7, 0x9e, 0xf7, 0x7e, 0xf7, 0x9e, 0xf7, 0x9e, 0xf7,
    0x7e, 0xf7, 0x7e, 0xf7, 0x9e, 0xf7, 0x7d, 0xef, 0x7e, 0xf7, 0x9d, 0xef,
    0x7e, 0xf7, 0x9e, 0xf7, 0x7d, 0xef, 0x9e, 0xf7, 0x7e, 0xf7, 0x7d, 0xef,
    0x7e, 0xf7, 0x7e, 0xf7, 0x7d, 0xef, 0x7e, 0xf7, 0x7e, 0xf7, 0x9d, 0xef,
    0x7d, 0xef, 0x7e, 0xf7, 0x9e, 0xf7, 0x9e, 0xf7, 0x7e, 0xf7, 0x9d, 0xef,
    0x9e, 0xf7, 0x9e, 0xf7, 0x9e, 0xf7, 0x9e, 0xf7, 0x9e, 0xf7, 0x9e, 0xf7,
    0x9e, 0xf7, 0x9e, 0xf7, 0xbf, 0xff, 0xbe, 0xf7, 0x7e, 0xf7, 0x7e, 0xf7,
    0xfe, 0xff, 0xbf, 0xf7, 0xcd, 0x5a, 0x40, 0x4a, 0x61, 0x83, 0x82, 0x73,
    0x42, 0xcd, 0xc0, 0xee, 0x00, 0xff, 0x00, 0xff, 0x64, 0x31, 0xc1, 0x8b,
    0xa0, 0xff, 0x81, 0xf6, 0xe2, 0x6a, 0x00, 0xff, 0x20, 0xff, 0xc2, 0xa4,
    0xe0, 0xdd, 0x80, 0xff, 0xc1, 0xac, 0xc2, 0xac, 0xc1, 0xff, 0xe0, 0xdd,
    0x82, 0xac, 0x20, 0xff, 0xc1, 0xfe, 0x41, 0x63, 0x61, 0xee, 0x80, 0xff,
    0xe2, 0x93, 0x64, 0x31, 0x02, 0xff, 0x00, 0xff, 0xc1, 0xee, 0x82, 0xc5,
    0x83, 0x7b, 0x60, 0x7b, 0x20, 0x52, 0xec, 0x62, 0xbe, 0xf7, 0xff, 0xff,
    0xbf, 0xf7, 0x9e, 0xf7, 0xbe, 0xff, 0x9e, 0xf7, 0xbf, 0xff, 0x9e, 0xf7,
    0x9e, 0xf7, 0x9e, 0xf7, 0x9e, 0xf7, 0x9e, 0xf7, 0x9e, 0xf7, 0x9e, 0xf7,
    0x9e, 0xf7, 0x9e, 0xf7, 0x9e, 0xf7, 0x9e, 0xf7, 0x7d, 0xef, 0x7e, 0xf7,
    0x7d, 0xef, 0x7e, 0xf7, 0x7d, 0xef, 0x9e, 0xf7, 0x7e, 0xf7, 0x7d, 0xef,
    0x7d, 0xef, 0x7e, 0xf7, 0x9e, 0xf7, 0x7d, 0xef, 0x7e, 0xf7, 0x7e, 0xf7,
    0x7e, 0xf7, 0x7d, 0xef, 0x9e, 0xf7, 0x9e, 0xf7, 0x7d, 0xef, 0x9e, 0xf7,
    0x9e, 0xf7, 0x9e, 0xf7, 0x9e, 0xf7, 0x9e, 0xf7, 0x9e, 0xf7, 0x9e, 0xf7,
    0x9e, 0xf7, 0xbe, 0xf7, 0xbf, 0xff, 0x7e, 0xf7, 0xbe, 0xf7, 0xff, 0xff,
    0xfc, 0xde, 0x08, 0x3a, 0xe1, 0x6a, 0x62, 0x73, 0x81, 0xac, 0x61, 0xff,
    0x20, 0xe6, 0xa4, 0x10, 0x41, 0xe6, 0x60, 0xff, 0x21, 0xb5, 0x23, 0x4a,
    0x80, 0xff, 0xe1, 0xfe, 0x41, 0xbd, 0x80, 0xf6, 0x20, 0xff, 0xc0, 0xf6,
    0xc2, 0xfe, 0x20, 0xff, 0xc0, 0xd5, 0xc0, 0xc5, 0x20, 0xff, 0xc1, 0xfe,
    0xc1, 0xfe, 0xe0, 0xfe, 0x80, 0xee, 0x41, 0xbd, 0x00, 0xff, 0x40, 0xff,
    0x04, 0x42, 0x21, 0xb5, 0x80, 0xff, 0x40, 0xe6, 0x84, 0x10, 0x41, 0xe6,
    0x20, 0xff, 0x62, 0xa4, 0x83, 0x83, 0x01, 0x63, 0xe8, 0x41, 0xfc, 0xde,
    0xfe, 0xff, 0x9e, 0xef, 0x7f, 0xf7, 0xbe, 0xff, 0x9e, 0xf7, 0x9f, 0xf7,
    0x9e, 0xf7, 0x9e, 0xf7, 0x9e, 0xf7, 0x9e, 0xf7, 0x9e, 0xf7, 0x9d, 0xef,
    0x7e, 0xf7, 0x9e, 0xf7, 0x7d, 0xef, 0x7e, 0xf7, 0x9e, 0xf7, 0x7e, 0xf7,
    0x7e, 0xf7, 0x7d, 0xef, 0x7e, 0xf7, 0x7d, 0xef, 0x7e, 0xf7, 0x7e, 0xf7,
    0x7e, 0xf7, 0x7d, 0xef, 0x9e, 0xf7, 0x7d, 0xef, 0x9e, 0xf7, 0x7e, 0xf7,
    0x7d, 0xef, 0x7e, 0xf7, 0x9e, 0xf7, 0x7e, 0xf7, 0x9e, 0xf7, 0x9e, 0xf7,
    0x9e, 0xf7, 0x9e, 0xf7, 0x9e, 0xf7, 0x9e, 0xf7, 0x9e, 0xf7, 0x9e, 0xf7,
    0xdf, 0xff, 0xbe, 0xf7, 0x9e, 0xf7, 0x9e, 0xf7, 0xff, 0xff, 0x9a, 0xd6,
    0xc5, 0x31, 0x62, 0x7b, 0x63, 0x73, 0x20, 0xc5, 0xa1, 0xfe, 0xc0, 0xf6,
    0x40, 0xff, 0x23, 0x73, 0xa3, 0x83, 0x80, 0xff, 0x40, 0xff, 0x83, 0x5a,
    0xe0, 0xd5, 0x41, 0xff, 0x00, 0xff, 0x00, 0xff, 0x00, 0xff, 0xe0, 0xfe,
    0xe1, 0xfe, 0x00, 0xff, 0xc0, 0xfe, 0x00, 0xff, 0x00, 0xff, 0xe0, 0xfe,
    0xe0, 0xfe, 0xe0, 0xfe, 0x00, 0xff, 0xe0, 0xfe, 0x41, 0xff, 0xc0, 0xdd,
    0xc3, 0x62, 0x00, 0xff, 0x80, 0xff, 0xa2, 0x83, 0x62, 0x73, 0x20, 0xff,
    0x01, 0xff, 0xa1, 0xf6, 0x20, 0xbd, 0x63, 0x6b, 0x61, 0x73, 0x87, 0x39,
    0xbb, 0xde, 0xff, 0xff, 0x7e, 0xf7, 0xbd, 0xf7, 0xbf, 0xf7, 0xbe, 0xf7,
    0x9e, 0xf7, 0x9e, 0xf7, 0x9e, 0xf7, 0x9e, 0xf7, 0x9e, 0xf7, 0x9e, 0xf7,
    0x9e, 0xf7, 0x9e, 0xf7, 0x9e, 0xf7, 0x7d, 0xef, 0x9e, 0xf7, 0x7d, 0xef,
    0x9e, 0xf7, 0x9e, 0xf7, 0x7d, 0xef, 0x9e, 0xf7, 0x7d, 0xef, 0x7e, 0xf7,
    0x7e, 0xf7, 0x7e, 0xf7, 0x7d, 0xef, 0x7e, 0xf7, 0x7d, 0xef, 0x9e, 0xf7,
    0x7d, 0xef, 0x7d, 0xef, 0x9e, 0xf7, 0x7e, 0xf7, 0x9e, 0xf7, 0x9e, 0xf7,
    0x9e, 0xf7, 0x9e, 0xf7, 0x9e, 0xf7, 0x9e, 0xf7, 0xbe, 0xf7, 0x9e, 0xf7,
    0xbe, 0xf7, 0x9e, 0xf7, 0x9e, 0xf7, 0xff, 0xff, 0xbb, 0xde, 0x65, 0x29,
    0xa1, 0x83, 0x22, 0x6b, 0x41, 0xf6, 0xc0, 0xee, 0x65, 0x08, 0xc1, 0xcd,
    0x80, 0xff, 0xe0, 0xfe, 0xc2, 0x7b, 0x61, 0xf6, 0x60, 0xff, 0x22, 0xbd,
    0x61, 0xa4, 0x40, 0xff, 0xa0, 0xfe, 0x01, 0xff, 0xc0, 0xfe, 0x01, 0xff,
    0x00, 0xff, 0xe1, 0xfe, 0xc0, 0xfe, 0xe0, 0xfe, 0xe1, 0xfe, 0xe0, 0xfe,
    0x00, 0xff, 0x01, 0xff, 0xe0, 0xfe, 0xc0, 0xfe, 0x81, 0xff, 0x62, 0x9c,
    0x60, 0xbd, 0x00, 0xff, 0x61, 0xee, 0x82, 0x83, 0xe1, 0xfe, 0x40, 0xff,
    0xc1, 0xc5, 0x84, 0x10, 0x81, 0xf6, 0x60, 0xf6, 0x22, 0x73, 0xa1, 0x7b,
    0x63, 0x31, 0x9b, 0xd6, 0xff, 0xff, 0x7f, 0xf7, 0xbd, 0xf7, 0xbf, 0xf7,
    0x9e, 0xf7, 0x9e, 0xf7, 0x9e, 0xf7, 0x9e, 0xf7, 0x9e, 0xf7, 0x9e, 0xf7,
    0x7e, 0xf7, 0x9e, 0xf7, 0x9e, 0xf7, 0x7e, 0xf7, 0x9e, 0xf7, 0x7d, 0xef,
    0x7e, 0xf7, 0x7e, 0xf7, 0x7d, 0xef, 0x7e, 0xf7, 0x9e, 0xf7, 0x7d, 0xef,
    0x7d, 0xef, 0x7e, 0xf7, 0x9e, 0xf7, 0x7d, 0xef, 0x7e, 0xf7, 0x9e, 0xf7,
    0x9e, 0xf7, 0x9e, 0xf7, 0x7e, 0xf7, 0x9e, 0xf7, 0x9e, 0xf7, 0x9e, 0xf7,
    0x9e, 0xf7, 0x9e, 0xf7, 0x9e, 0xf7, 0x9e, 0xf7, 0x9e, 0xf7, 0xbe, 0xff,
    0x9e, 0xef, 0x9f, 0xff, 0xff, 0xff, 0x1c, 0xe7, 0x65, 0x31, 0xe2, 0x70,
    0x62, 0x6a, 0xa0, 0xfe, 0x60, 0xff, 0x01, 0xff, 0x81, 0xa4, 0x63, 0x52,
    0x00, 0xff, 0x00, 0xff, 0xa0, 0xf6, 0xa0, 0xf6, 0x01, 0xff, 0x00, 0xff,
    0xa2, 0xb4, 0x00, 0xff, 0x00, 0xff, 0xe0, 0xfe, 0xe1, 0xfe, 0xe0, 0xfe,
    0x00, 0xff, 0xe0, 0xfe, 0xe0, 0xfe, 0xe0, 0xfe, 0xe0, 0xfe, 0xe0, 0xfe,
    0xc0, 0xfe, 0x00, 0xff, 0xc1, 0xfe, 0xe0, 0xfe, 0x01, 0xff, 0x00, 0xad,
    0x81, 0xfe, 0x61, 0xcd, 0xc0, 0xf6, 0xc0, 0xf6, 0xe0, 0xfe, 0x40, 0xff,
    0x43, 0x52, 0xa2, 0xa4, 0x21, 0xff, 0x60, 0xff, 0xc1, 0xee, 0xe4, 0x4a,
    0x85, 0x0a, 0xa5, 0x31, 0x1c, 0xe7, 0xff, 0xff, 0xbf, 0xf7, 0x9d, 0xf7,
    0xbe, 0xf7, 0xbe, 0xf7, 0x9e, 0xf7, 0xbe, 0xf7, 0x9e, 0xf7, 0x9e, 0xf7,
    0x9e, 0xf7, 0x9e, 0xf7, 0x9e, 0xf7, 0x9e, 0xf7, 0x7e, 0xf7, 0x9e, 0xf7,
    0x7d, 0xef, 0x7e, 0xf7, 0x7e, 0xf7, 0x7d, 0xef, 0x7e, 0xf7, 0x7e, 0xf7,
    0x7e, 0xf7, 0x7d, 0xef, 0x9e, 0xf7, 0x7e, 0xf7, 0x7d, 0xef, 0x7e, 0xf7,
    0x9e, 0xf7, 0x7d, 0xef, 0x9e, 0xf7, 0x9e, 0xf7, 0x9e, 0xf7, 0x9e, 0xf7,
    0x9e, 0xf7, 0x9e, 0xf7, 0x9e, 0xf7, 0x9e, 0xf7, 0xbe, 0xf7, 0x9f, 0xf7,
    0xbd, 0xff, 0x9e, 0xf7, 0xdf, 0xff, 0xe9, 0x41, 0xc1, 0x68, 0x24, 0x69,
    0x43, 0xe1, 0xe3, 0x59, 0xa2, 0xa4, 0x80, 0xff, 0x60, 0xff, 0xc2, 0xac,
    0xa1, 0xbd, 0x41, 0xff, 0x00, 0xff, 0xc0, 0xfe, 0xe0, 0xfe, 0x00, 0xff,
    0xe0, 0xfe, 0xe1, 0xfe, 0xe0, 0xfe, 0xe1, 0xfe, 0xe0, 0xfe, 0xe0, 0xfe,
    0xe0, 0xfe, 0xe0, 0xfe, 0xe0, 0xfe, 0x01, 0xff, 0x00, 0xff, 0xe1, 0xfe,
    0x00, 0xff, 0xe1, 0xfe, 0x00, 0xff, 0xe0, 0xfe, 0xc1, 0xfe, 0x20, 0xff,
    0xe2, 0xac, 0x01, 0xd6, 0x21, 0xff, 0x00, 0xff, 0x40, 0xff, 0x82, 0xc5,
    0xe1, 0xb4, 0x60, 0xff, 0x40, 0xff, 0xa0, 0xac, 0x64, 0x3a, 0x88, 0x14,
    0x66, 0x0a, 0x63, 0x12, 0x08, 0x42, 0x7f, 0xf7, 0xde, 0xff, 0x7f, 0xff,
    0xbe, 0xf7, 0x9e, 0xf7, 0xbf, 0xf7, 0x9e, 0xf7, 0x9e, 0xf7, 0x9e, 0xf7,
    0x9e, 0xf7, 0x9e, 0xf7, 0x9d, 0xef, 0x9e, 0xf7, 0x7e, 0xf7, 0x9d, 0xef,
    0x7d, 0xef, 0x7e, 0xf7, 0x9e, 0xf7, 0x9d, 0xef, 0x7e, 0xf7, 0x7e, 0xf7,
    0x7e, 0xf7, 0x7d, 0xef, 0x7e, 0xf7, 0x7e, 0xf7, 0x7d, 0xef, 0x9e, 0xf7,
    0x7e, 0xf7, 0x7d, 0xef, 0x9e, 0xf7, 0x9e, 0xf7, 0x9e, 0xf7, 0x9e, 0xf7,
    0x9e, 0xf7, 0x9e, 0xf7, 0x9e, 0xf7, 0xbe, 0xf7, 0xbf, 0xf7, 0x9e, 0xf7,
    0xbd, 0xf7, 0xff, 0xff, 0x4c, 0x53, 0xa0, 0x60, 0x23, 0x71, 0x42, 0xd1,
    0x42, 0xe1, 0x04, 0x89, 0x05, 0x19, 0x00, 0xd6, 0x01, 0xff, 0x00, 0xff,
    0xe0, 0xfe, 0xe0, 0xfe, 0xc0, 0xfe, 0x00, 0xff, 0x00, 0xff, 0xe0, 0xfe,
    0x01, 0xff, 0xe0, 0xfe, 0xe3, 0xfe, 0xc0, 0xfe, 0xe0, 0xfe, 0xe0, 0xfe,
    0xe0, 0xfe, 0xe0, 0xfe, 0xe0, 0xfe, 0xe0, 0xfe, 0xe0, 0xfe, 0xe0, 0xfe,
    0xe0, 0xfe, 0xc0, 0xfe, 0xe0, 0xfe, 0xe2, 0xfe, 0x21, 0xff, 0x61, 0xe6,
    0x62, 0x73, 0x02, 0xff, 0x01, 0xff, 0xc0, 0xfe, 0xc1, 0xfe, 0xc1, 0xfe,
    0x00, 0xff, 0x20, 0xff, 0xe1, 0xd5, 0xe4, 0x18, 0xe7, 0x02, 0x2a, 0x05,
    0x47, 0x04, 0x66, 0x1a, 0xe3, 0x01, 0x2d, 0x6b, 0xff, 0xff, 0xbf, 0xff,
    0x9e, 0xf7, 0x9e, 0xf7, 0xbf, 0xff, 0x7e, 0xf7, 0xbe, 0xf7, 0x9e, 0xf7,
    0x7e, 0xf7, 0x9e, 0xf7, 0x9e, 0xf7, 0x7e, 0xf7, 0x7e, 0xf7, 0x9e, 0xf7,
    0x7e, 0xf7, 0x7d, 0xef, 0x7e, 0xf7, 0x7d, 0xef, 0x7d, 0xef, 0x7e, 0xf7,
    0x7e, 0xf7, 0x7d, 0xef, 0x9e, 0xf7, 0x7d, 0xef, 0x7e, 0xf7, 0x9e, 0xf7,
    0x9e, 0xf7, 0x9e, 0xf7, 0x9e, 0xf7, 0x9e, 0xf7, 0x9e, 0xf7, 0x9e, 0xf7,
    0x9e, 0xf7, 0x9e, 0xf7, 0xbe, 0xf7, 0x9e, 0xf7, 0xbe, 0xf7, 0x9d, 0xf7,
    0xff, 0xff, 0x15, 0x95, 0x62, 0x48, 0x44, 0x69, 0x43, 0xa9, 0x42, 0xc9,
    0x43, 0xe9, 0x62, 0xe9, 0xe3, 0xb8, 0xc2, 0x51, 0xc0, 0xe6, 0xc0, 0xfe,
    0xe1, 0xfe, 0x00, 0xff, 0xe0, 0xfe, 0xc1, 0xfe, 0xc0, 0xfe, 0xe1, 0xfe,
    0xc1, 0xfe, 0xe1, 0xfe, 0xe0, 0xfe, 0x20, 0xff, 0x08, 0xff, 0x2c, 0xff,
    0x71, 0xff, 0x96, 0xff, 0xb9, 0xff, 0x98, 0xff, 0x95, 0xff, 0x73, 0xff,
    0x6d, 0xff, 0x27, 0xff, 0xe0, 0xfe, 0xa0, 0xfe, 0x60, 0xff, 0x03, 0x7b,
    0x41, 0xbd, 0x60, 0xff, 0xa0, 0xfe, 0xe0, 0xfe, 0x00, 0xff, 0xe0, 0xfe,
    0xe0, 0xfe, 0x80, 0xf6, 0x23, 0x32, 0xe8, 0x0b, 0x27, 0x0d, 0xc8, 0x0c,
    0x69, 0x0c, 0xc9, 0x13, 0x85, 0x1a, 0x83, 0x01, 0x14, 0xa5, 0xdf, 0xff,
    0x7e, 0xf7, 0xbe, 0xf7, 0xbe, 0xf7, 0x9e, 0xf7, 0x9e, 0xf7, 0x9e, 0xf7,
    0x9e, 0xf7, 0x9e, 0xf7, 0x9e, 0xf7, 0x9e, 0xf7, 0x9e, 0xf7, 0x9e, 0xf7,
    0x9e, 0xf7, 0x7d, 0xef, 0x7e, 0xf7, 0x9e, 0xf7, 0x7e, 0xf7, 0x7d, 0xef,
    0x7e, 0xf7, 0x7e, 0xf7, 0x9d, 0xef, 0x7e, 0xf7, 0x7d, 0xef, 0x9e, 0xf7,
    0x9e, 0xf7, 0x9e, 0xf7, 0x7e, 0xf7, 0x9e, 0xf7, 0x9e, 0xf7, 0x9e, 0xf7,
    0x9e, 0xf7, 0xbe, 0xf7, 0x9e, 0xf7, 0x9e, 0xf7, 0xbe, 0xff, 0xdf, 0xff,
    0x1c, 0xdf, 0x45, 0x39, 0x23, 0x71, 0x42, 0x89, 0x43, 0xd1, 0xe3, 0x18,
    0x43, 0x89, 0x23, 0xf1, 0x82, 0xe9, 0xa4, 0xc8, 0x02, 0xa3, 0x82, 0xff,
    0xc0, 0xfe, 0xe1, 0xfe, 0xe0, 0xfe, 0xe0, 0xfe, 0x21, 0xff, 0x00, 0xff,
    0xe0, 0xfe, 0x04, 0xff, 0x50, 0xff, 0xbb, 0xff, 0xff, 0xf7, 0xff, 0xf7,
    0xff, 0xff, 0xff, 0xff, 0xdf, 0xff, 0xff, 0xff, 0xff, 0xff, 0xff, 0xff,
    0xbf, 0xff, 0xff, 0xff, 0x9a, 0xf7, 0xd0, 0xff, 0xa5, 0xcd, 0xc0, 0x41,
    0x20, 0xff, 0xe1, 0xfe, 0x00, 0xff, 0x20, 0xff, 0xe0, 0xfe, 0x20, 0xff,
    0x21, 0xff, 0x04, 0x64, 0x28, 0x04, 0x08, 0x05, 0x0a, 0x05, 0x06, 0x0b,
    0xc3, 0x20, 0x68, 0x04, 0x07, 0x13, 0xa5, 0x12, 0xa4, 0x21, 0x1c, 0xe7,
    0xdf, 0xff, 0x7e, 0xf7, 0xbe, 0xf7, 0xbf, 0xff, 0x9e, 0xf7, 0x9e, 0xf7,
    0xbe, 0xf7, 0x9e, 0xf7, 0x9e, 0xf7, 0x9e, 0xf7, 0x9d, 0xef, 0x7e, 0xf7,
    0x7e, 0xf7, 0x9e, 0xf7, 0x7d, 0xef, 0x7e, 0xf7, 0x9e, 0xf7, 0x7d, 0xef,
    0x7d, 0xef, 0x7e, 0xf7, 0x7e, 0xf7, 0x7d, 0xef, 0x9e, 0xf7, 0x7e, 0xf7,
    0x9e, 0xf7, 0x9d, 0xef, 0x9e, 0xf7, 0x9e, 0xf7, 0x9e, 0xf7, 0x9e, 0xf7,
    0x9e, 0xf7, 0xbe, 0xf7, 0xbe, 0xf7, 0x9e, 0xf7, 0x9e, 0xf7, 0xdf, 0xff,
    0x4b, 0x5b, 0xa1, 0x60, 0x24, 0x71, 0x03, 0xf1, 0x24, 0xe1, 0x42, 0xb9,
    0xe3, 0x48, 0x22, 0xa1, 0x22, 0xe1, 0xa3, 0xd9, 0x02, 0xe1, 0x20, 0xf4,
    0x80, 0xff, 0xc0, 0xfe, 0xc0, 0xfe, 0x01, 0xff, 0xc0, 0xfe, 0xe2, 0xfe,
    0x72, 0xff, 0xdf, 0xff, 0xff, 0xff, 0xdf, 0xff, 0xbf, 0xff, 0xdf, 0xff,
    0xff, 0xff, 0xff, 0xff, 0xff, 0xff, 0xff, 0xff, 0xdf, 0xff, 0xde, 0xff,
    0xdf, 0xff, 0xde, 0xff, 0xdf, 0xff, 0xff, 0xff, 0x2b, 0x42, 0x6a, 0x8c,
    0xa3, 0xff, 0xc0, 0xfe, 0xe0, 0xfe, 0xc0, 0xfe, 0xe1, 0xfe, 0x00, 0xff,
    0xa4, 0x85, 0xc9, 0x04, 0xe9, 0x04, 0xaa, 0x0c, 0x48, 0x13, 0xc4, 0x19,
    0x07, 0x04, 0xc9, 0x04, 0xe8, 0x04, 0xa6, 0x1a, 0x03, 0x02, 0x2d, 0x73,
    0xff, 0xff, 0x9e, 0xf7, 0xbe, 0xf7, 0x9e, 0xf7, 0x9e, 0xf7, 0x9e, 0xf7,
    0xbe, 0xf7, 0x9e, 0xf7, 0x9e, 0xf7, 0x9e, 0xf7, 0x9e, 0xf7, 0x9e, 0xf7,
    0x7d, 0xef, 0x9e, 0xf7, 0x7d, 0xef, 0x7e, 0xf7, 0x7e, 0xf7, 0x7e, 0xf7,
    0x7e, 0xf7, 0x7d, 0xef, 0x9e, 0xf7, 0x7e, 0xf7, 0x9e, 0xf7, 0x7d, 0xef,
    0x9e, 0xf7, 0x9e, 0xf7, 0x9e, 0xf7, 0x9e, 0xf7, 0x9e, 0xf7, 0x9e, 0xf7,
    0xbe, 0xf7, 0x9e, 0xf7, 0x9e, 0xf7, 0x9e, 0xf7, 0xff, 0xff, 0x3a, 0xc6,
    0xa2, 0x38, 0x24, 0x71, 0x23, 0xb9, 0x61, 0xc1, 0x62, 0xe9, 0x23, 0xe9,
    0x64, 0xe9, 0x02, 0xa9, 0x84, 0xd9, 0x61, 0xd9, 0x63, 0xd1, 0xa3, 0xe0,
    0x42, 0xe4, 0x60, 0xff, 0x01, 0xff, 0xc1, 0xfe, 0x0a, 0xff, 0xfc, 0xff,
    0xff, 0xff, 0xdf, 0xff, 0xdf, 0xff, 0xfe, 0xff, 0xfe, 0xff, 0xff, 0xff,
    0xdf, 0xff, 0xdf, 0xff, 0xdf, 0xff, 0xdf, 0xff, 0xdf, 0xff, 0xdf, 0xff,
    0xff, 0xff, 0xde, 0xff, 0xff, 0xff, 0xf4, 0xa4, 0xe3, 0x18, 0x7f, 0xf7,
    0xdd, 0xff, 0x2a, 0xff, 0xe0, 0xfe, 0x00, 0xff, 0x20, 0xff, 0xe5, 0x85,
    0x8b, 0x0c, 0xa7, 0x04, 0xc8, 0x04, 0x68, 0x0c, 0xa6, 0x0b, 0x08, 0x05,
    0x08, 0x05, 0xe9, 0x04, 0x27, 0x0c, 0xa7, 0x0b, 0x86, 0x1a, 0x83, 0x09,
    0x18, 0xc6, 0xff, 0xff, 0x9e, 0xf7, 0x9e, 0xf7, 0xbe, 0xf7, 0x9e, 0xf7,
    0x9e, 0xf7, 0x9e, 0xf7, 0x9e, 0xf7, 0x9e, 0xf7, 0x9e, 0xf7, 0x9e, 0xf7,
    0x7e, 0xf7, 0x9e, 0xf7, 0x7d, 0xef, 0x7d, 0xef, 0x9e, 0xf7, 0x7d, 0xef,
    0x7e, 0xf7, 0x7d, 0xef, 0x7d, 0xef, 0x7e, 0xf7, 0x9e, 0xf7, 0x7e, 0xf7,
    0x9e, 0xf7, 0x9e, 0xf7, 0x9e, 0xf7, 0x9e, 0xf7, 0x9e, 0xf7, 0x9e, 0xf7,
    0xbe, 0xf7, 0x9f, 0xff, 0x9e, 0xf7, 0x9e, 0xf7, 0xff, 0xff, 0xca, 0x52,
    0xc1, 0x60, 0x44, 0x89, 0x41, 0xc9, 0xc4, 0x18, 0x23, 0x61, 0x43, 0xd9,
    0x43, 0xd9, 0x82, 0xe1, 0x24, 0xe1, 0x22, 0xe1, 0x63, 0xe1, 0x43, 0xd9,
    0xc3, 0xd8, 0x22, 0xf4, 0x00, 0xff, 0x6f, 0xff, 0xdf, 0xff, 0xff, 0xff,
    0xbe, 0xff, 0xdf, 0xff, 0xfe, 0xff, 0xdf, 0xff, 0xff, 0xff, 0xdf, 0xff,
    0xff, 0xff, 0xdf, 0xff, 0xdf, 0xff, 0xff, 0xff, 0xff, 0xff, 0xff, 0xff,
    0xdf, 0xff, 0xff, 0xff, 0xbe, 0xf7, 0x02, 0x19, 0xae, 0x73, 0xff, 0xff,
    0xbf, 0xff, 0xff, 0xff, 0x30, 0xff, 0xe0, 0xfe, 0xe4, 0x85, 0x89, 0x04,
    0xc8, 0x04, 0x89, 0x04, 0xc7, 0x04, 0xc9, 0x04, 0xc9, 0x04, 0xa9, 0x0c,
    0xa8, 0x0c, 0x46, 0x12, 0xc4, 0x20, 0xa9, 0x04, 0xe6, 0x1a, 0x44, 0x02,
    0xcb, 0x5a, 0xff, 0xff, 0x9e, 0xf7, 0xbe, 0xff, 0xbf, 0xff, 0x9e, 0xf7,
    0x9e, 0xf7, 0xbe, 0xf7, 0x9e, 0xf7, 0x9e, 0xf7, 0x9e, 0xf7, 0x9e, 0xf7,
    0x9e, 0xf7, 0x7e, 0xf7, 0x7e, 0xf7, 0x7e, 0xf7, 0x7d, 0xef, 0x7e, 0xf7,
    0x7e, 0xf7, 0x9e, 0xf7, 0x7d, 0xef, 0x9e, 0xf7, 0x9e, 0xf7, 0x9e, 0xf7,
    0x9e, 0xf7, 0x7e, 0xf7, 0x9e, 0xf7, 0x9d, 0xf7, 0xbe, 0xf7, 0x9f, 0xf7,
    0x9f, 0xff, 0xbe, 0xf7, 0x9d, 0xef, 0xff, 0xff, 0x39, 0xc6, 0xc4, 0x48,
    0x23, 0x69, 0x23, 0xc1, 0x84, 0xe1, 0x02, 0xc9, 0x04, 0x79, 0x22, 0x71,
    0x43, 0xd9, 0x42, 0xd9, 0x62, 0xe1, 0x44, 0xd9, 0x23, 0xe1, 0x61, 0xd9,
    0x63, 0xd9, 0xa1, 0xe0, 0x74, 0xe6, 0xde, 0xff, 0xdf, 0xff, 0xdf, 0xff,
    0xdf, 0xff, 0xff, 0xff, 0xdf, 0xff, 0xff, 0xf7, 0xdf, 0xff, 0xff, 0xff,
    0xff, 0xff, 0xdf, 0xff, 0xff, 0xff, 0xff, 0xff, 0xff, 0xff, 0xff, 0xff,
    0xdf, 0xff, 0xff, 0xff, 0xcf, 0x7b, 0x41, 0x08, 0xba, 0xde, 0xff, 0xff,
    0xbf, 0xf7, 0xdf, 0xff, 0xff, 0xff, 0xf5, 0xc6, 0x48, 0x0c, 0xa9, 0x04,
    0xa7, 0x04, 0xc8, 0x04, 0xa8, 0x0c, 0xaa, 0x04, 0xa8, 0x04, 0x89, 0x04,
    0xa5, 0x12, 0xa5, 0x12, 0x47, 0x04, 0xc9, 0x04, 0x08, 0x0c, 0x85, 0x1a,
    0xc4, 0x09, 0x18, 0xd6, 0xff, 0xff, 0x7e, 0xf7, 0xbf, 0xff, 0x9e, 0xf7,
    0x9e, 0xf7, 0x9e, 0xff, 0x9e, 0xf7, 0x9e, 0xf7, 0x9e, 0xf7, 0x9e, 0xf7,
    0x7d, 0xef, 0x9e, 0xf7, 0x9e, 0xf7, 0x7d, 0xef, 0x7e, 0xf7, 0x7e, 0xf7,
    0x7e, 0xf7, 0x7e, 0xf7, 0x7d, 0xef, 0x9e, 0xf7, 0x7e, 0xf7, 0x9d, 0xef,
    0x9e, 0xf7, 0x9e, 0xf7, 0x9e, 0xf7, 0x9e, 0xf7, 0x9e, 0xf7, 0x9f, 0xf7,
    0x9e, 0xff, 0xbe, 0xf7, 0xbe, 0xf7, 0xff, 0xff, 0x6d, 0x73, 0xa1, 0x50,
    0x63, 0x79, 0x43, 0xe1, 0x62, 0xd9, 0x62, 0xf9, 0x63, 0xf1, 0x42, 0xd1,
    0x43, 0xd9, 0x42, 0xd9, 0x23, 0xd9, 0x63, 0xd9, 0x43, 0xe1, 0x83, 0xe1,
    0xe0, 0xd8, 0x71, 0xf4, 0xfe, 0xff, 0xbf, 0xff, 0xdf, 0xff, 0xff, 0xff,
    0xfe, 0xff, 0xdf, 0xff, 0xdf, 0xff, 0xff, 0xff, 0xff, 0xff, 0xdf, 0xff,
    0xdf, 0xff, 0xff, 0xff, 0xff, 0xff, 0xdf, 0xff, 0xdf, 0xff, 0xdf, 0xff,
    0xff, 0xff, 0x9a, 0xd6, 0x41, 0x08, 0xcb, 0x5a, 0xff, 0xff, 0xbf, 0xff,
    0xff, 0xff, 0xdf, 0xff, 0xde, 0xff, 0xff, 0xff, 0x52, 0x7e, 0x67, 0x04,
    0xc9, 0x14, 0xa8, 0x04, 0xe9, 0x04, 0x88, 0x04, 0xc9, 0x04, 0x68, 0x04,
    0x67, 0x04, 0x09, 0x05, 0x09, 0x05, 0xa8, 0x0c, 0xa9, 0x04, 0x07, 0x13,
    0xc4, 0x09, 0x8e, 0x73, 0xff, 0xff, 0x7e, 0xef, 0xbe, 0xff, 0x9e, 0xf7,
    0x9e, 0xf7, 0xbf, 0xff, 0x9e, 0xf7, 0x9e, 0xf7, 0x9e, 0xf7, 0x7e, 0xf7,
    0x9e, 0xf7, 0x7e, 0xf7, 0x9e, 0xf7, 0x7d, 0xef, 0x9e, 0xf7, 0x7d, 0xef,
    0x7d, 0xef, 0x7e, 0xf7, 0x7e, 0xf7, 0x9e, 0xf7, 0x7d, 0xef, 0x9e, 0xf7,
    0x9e, 0xf7, 0x9e, 0xf7, 0x9e, 0xf7, 0xbe, 0xf7, 0x9e, 0xf7, 0x9e, 0xf7,
    0x9e, 0xf7, 0x9e, 0xff, 0xdf, 0xff, 0x3d, 0xe7, 0x65, 0x49, 0x02, 0x69,
    0x23, 0xb9, 0x22, 0x71, 0x02, 0x21, 0x03, 0xa1, 0x62, 0xe1, 0x44, 0xe9,
    0x63, 0xd9, 0x43, 0xe1, 0x43, 0xd9, 0x42, 0xd9, 0x43, 0xe1, 0xc1, 0xd8,
    0x2b, 0xe3, 0xff, 0xff, 0xdf, 0xff, 0xdf, 0xff, 0xff, 0xf7, 0xff, 0xff,
    0xde, 0xff, 0xff, 0xff, 0xdf, 0xff, 0xdf, 0xff, 0xdf, 0xff, 0xff, 0xff,
    0xff, 0xff, 0xdf, 0xff, 0xff, 0xff, 0xff, 0xff, 0xff, 0xff, 0xdf, 0xff,
    0xff, 0xff, 0x8a, 0x52, 0x20, 0x08, 0x96, 0xb5, 0xff, 0xff, 0xdf, 0xff,
    0xff, 0xff, 0xdf, 0xff, 0xff, 0xff, 0xff, 0xff, 0xff, 0xff, 0x6f, 0x55,
    0x68, 0x04, 0xc9, 0x04, 0xa8, 0x04, 0xc8, 0x04, 0xa8, 0x04, 0xc9, 0x0c,
    0xe9, 0x04, 0xe9, 0x04, 0x87, 0x0b, 0x23, 0x29, 0x45, 0x12, 0xe6, 0x0b,
    0x25, 0x12, 0xe6, 0x29, 0x3d, 0xef, 0xdf, 0xff, 0x9e, 0xf7, 0x9e, 0xef,
    0x9e, 0xf7, 0x9e, 0xf7, 0x9e, 0xf7, 0x9e, 0xf7, 0x9e, 0xf7, 0x9e, 0xf7,
    0x9e, 0xf7, 0x7d, 0xef, 0x9e, 0xf7, 0x9e, 0xf7, 0x7d, 0xef, 0x7e, 0xf7,
    0x7e, 0xf7, 0x7d, 0xef, 0x7d, 0xef, 0x9e, 0xf7, 0x7e, 0xf7, 0x9e, 0xf7,
    0x7e, 0xf7, 0x9e, 0xf7, 0x7e, 0xf7, 0xbe, 0xf7, 0x9e, 0xf7, 0xbe, 0xf7,
    0xbe, 0xf7, 0x7e, 0xf7, 0xff, 0xff, 0x75, 0xa5, 0x82, 0x40, 0x64, 0x79,
    0x42, 0xe1, 0x04, 0xc1, 0x24, 0x81, 0x23, 0x49, 0x03, 0x59, 0x43, 0xa1,
    0x43, 0xe1, 0x43, 0xd9, 0x63, 0xd9, 0x63, 0xe1, 0x03, 0xe1, 0xc4, 0xe1,
    0x7c, 0xf7, 0xff, 0xff, 0xbf, 0xff, 0xff, 0xff, 0xfe, 0xff, 0xdf, 0xff,
    0xff, 0xff, 0xdf, 0xff, 0xff, 0xff, 0xff, 0xff, 0xff, 0xff, 0x9e, 0xf7,
    0x7e, 0xf7, 0x9e, 0xf7, 0x5d, 0xef, 0x3d, 0xe7, 0x5d, 0xef, 0xff, 0xff,
    0x34, 0xa5, 0x21, 0x08, 0xe8, 0x41, 0xdf, 0xff, 0xff, 0xff, 0xdf, 0xff,
    0xdf, 0xff, 0xff, 0xff, 0xbf, 0xff, 0xfe, 0xff, 0xdf, 0xff, 0xbe, 0xe7,
    0xca, 0x14, 0x87, 0x0c, 0xc9, 0x04, 0xa8, 0x04, 0xc9, 0x0c, 0xa8, 0x04,
    0x86, 0x0b, 0xe5, 0x19, 0xa5, 0x19, 0xa6, 0x1a, 0x48, 0x0c, 0xc9, 0x04,
    0xa6, 0x12, 0xa3, 0x11, 0x35, 0xad, 0xff, 0xff, 0x9e, 0xf7, 0xbe, 0xf7,
    0x9e, 0xff, 0xbe, 0xf7, 0x9e, 0xf7, 0x9e, 0xf7, 0x9e, 0xf7, 0x9e, 0xf7,
    0x9e, 0xf7, 0x9e, 0xf7, 0x7e, 0xf7, 0x7e, 0xf7, 0x7d, 0xef, 0x7e, 0xf7,
    0x7e, 0xf7, 0x7e, 0xf7, 0x9d, 0xef, 0x9e, 0xf7, 0x9e, 0xf7, 0x9e, 0xf7,
    0x9e, 0xf7, 0x9e, 0xf7, 0x7e, 0xf7, 0x9e, 0xf7, 0x9e, 0xf7, 0x9e, 0xf7,
    0xbe, 0xf7, 0x7e, 0xf7, 0xff, 0xff, 0x4d, 0x6b, 0xc2, 0x58, 0x23, 0x91,
    0x62, 0xf9, 0x43, 0xf1, 0x43, 0xf1, 0x63, 0xe1, 0x22, 0xb9, 0x22, 0x91,
    0x22, 0xa1, 0x62, 0xd9, 0x43, 0xe1, 0x63, 0xd9, 0xc1, 0xe0, 0xf1, 0xf4,
    0xff, 0xff, 0x9f, 0xff, 0xff, 0xff, 0xfe, 0xff, 0xdf, 0xff, 0xdf, 0xff,
    0xff, 0xff, 0xff, 0xff, 0xff, 0xff, 0x9e, 0xef, 0x5d, 0xef, 0x9e, 0xf7,
    0xdf, 0xff, 0xff, 0xff, 0xff, 0xff, 0xff, 0xff, 0xff, 0xff, 0x7d, 0xef,
    0x45, 0x29, 0x41, 0x08, 0x51, 0x8c, 0xff, 0xff, 0xde, 0xff, 0xff, 0xff,
    0xdf, 0xff, 0xdf, 0xff, 0xdf, 0xff, 0xbf, 0xff, 0xfd, 0xff, 0xff, 0xff,
    0x96, 0x8e, 0x46, 0x04, 0xe8, 0x04, 0x88, 0x04, 0xa8, 0x04, 0x46, 0x0b,
    0x47, 0x13, 0x28, 0x04, 0xe8, 0x04, 0x49, 0x05, 0x09, 0x05, 0x29, 0x05,
    0x26, 0x13, 0xc3, 0x09, 0x6d, 0x6b, 0xff, 0xff, 0x7e, 0xf7, 0xbf, 0xff,
    0x9e, 0xf7, 0xbf, 0xf7, 0x9e, 0xf7, 0x9e, 0xf7, 0x9e, 0xf7, 0x9e, 0xf7,
    0x9e, 0xf7, 0x9e, 0xf7, 0x7e, 0xf7, 0x9e, 0xf7, 0x7d, 0xef, 0x7e, 0xf7,
    0x7d, 0xef, 0x7e, 0xf7, 0x7e, 0xf7, 0x7e, 0xf7, 0x9e, 0xf7, 0x9e, 0xf7,
    0x9e, 0xf7, 0x9e, 0xf7, 0x9e, 0xf7, 0xbe, 0xf7, 0x9e, 0xff, 0xbe, 0xf7,
    0x9e, 0xf7, 0xbf, 0xff, 0x9d, 0xef, 0xa7, 0x51, 0xe2, 0x70, 0x62, 0xa9,
    0x02, 0x79, 0x44, 0x79, 0x62, 0xc9, 0x23, 0xe1, 0x43, 0xe9, 0x41, 0xe9,
    0x23, 0xd9, 0x43, 0xe1, 0x42, 0xe1, 0x22, 0xd9, 0x25, 0xda, 0xde, 0xff,
    0xff, 0xff, 0xdf, 0xff, 0xdf, 0xff, 0xff, 0xff, 0xdf, 0xff, 0xff, 0xff,
    0xdf, 0xff, 0xff, 0xff, 0x7d, 0xf7, 0x7e, 0xf7, 0xff, 0xff, 0xff, 0xff,
    0xff, 0xff, 0xff, 0xff, 0xff, 0xff, 0xdf, 0xff, 0xff, 0xff, 0xcf, 0x7b,
    0x81, 0x10, 0x24, 0x21, 0xbb, 0xde, 0xbe, 0xf7, 0xff, 0xff, 0xdf, 0xff,
    0xff, 0xff, 0xdf, 0xff, 0xff, 0xff, 0xff, 0xff, 0xde, 0xff, 0xfe, 0xf7,
    0xbe, 0xff, 0x0b, 0x25, 0x87, 0x04, 0xa9, 0x0c, 0x89, 0x0c, 0xc9, 0x04,
    0xc8, 0x04, 0xe9, 0x04, 0xc9, 0x0c, 0x88, 0x04, 0xa5, 0x12, 0xa6, 0x1a,
    0xe8, 0x0b, 0x45, 0x0a, 0x27, 0x3a, 0x9e, 0xf7, 0x9f, 0xff, 0x9e, 0xf7,
    0x9e, 0xf7, 0xbe, 0xf7, 0x9e, 0xf7, 0x9e, 0xf7, 0x9e, 0xf7, 0x9e, 0xf7,
    0x9e, 0xf7, 0x9e, 0xf7, 0x7d, 0xef, 0x9e, 0xf7, 0x7e, 0xf7, 0x7d, 0xef,
    0x7e, 0xf7, 0x7d, 0xef, 0x7d, 0xef, 0x9e, 0xf7, 0x9e, 0xf7, 0x7d, 0xef,
    0x9e, 0xf7, 0x9e, 0xf7, 0xbe, 0xf7, 0x9f, 0xf7, 0x7e, 0xf7, 0xbe, 0xf7,
    0x9e, 0xf7, 0xff, 0xff, 0x79, 0xc6, 0xe3, 0x48, 0x04, 0x71, 0x42, 0xc9,
    0x23, 0x81, 0x03, 0x49, 0x03, 0x61, 0x23, 0xb1, 0x83, 0xd9, 0x43, 0xd9,
    0x63, 0xe1, 0x44, 0xe1, 0x82, 0xd1, 0xc2, 0xd8, 0x91, 0xec, 0xff, 0xff,
    0x9e, 0xff, 0xff, 0xff, 0xff, 0xff, 0xdf, 0xff, 0xff, 0xff, 0xdf, 0xff,
    0xff, 0xff, 0x5d, 0xef, 0x9d, 0xf7, 0xff, 0xff, 0xff, 0xff, 0xdf, 0xff,
    0xff, 0xff, 0xff, 0xff, 0xdf, 0xff, 0xff, 0xff, 0x7a, 0xd6, 0xc3, 0x18,
    0x61, 0x10, 0x6d, 0x6b, 0xff, 0xff, 0x5d, 0xef, 0x7e, 0xf7, 0xff, 0xff,
    0xdf, 0xff, 0xff, 0xff, 0xff, 0xff, 0xfe, 0xf7, 0xdf, 0xff, 0xdf, 0xff,
    0xff, 0xff, 0x55, 0x86, 0x87, 0x04, 0xc9, 0x0c, 0xe9, 0x04, 0x87, 0x04,
    0xa7, 0x0c, 0xc8, 0x04, 0x87, 0x0b, 0x26, 0x1a, 0xc4, 0x19, 0xe5, 0x12,
    0x68, 0x04, 0xa5, 0x12, 0x84, 0x11, 0x9a, 0xd6, 0xdf, 0xff, 0x9e, 0xf7,
    0xbe, 0xff, 0xbe, 0xf7, 0x9e, 0xf7, 0x9e, 0xf7, 0x9e, 0xf7, 0x9e, 0xf7,
    0x9e, 0xf7, 0x9e, 0xf7, 0x7d, 0xef, 0x9e, 0xf7, 0x7e, 0xf7, 0x7d, 0xef,
    0x7e, 0xf7, 0x9e, 0xf7, 0x9e, 0xf7, 0x7e, 0xf7, 0x9e, 0xf7, 0x9e, 0xf7,
    0x9e, 0xf7, 0x9e, 0xf7, 0xbe, 0xf7, 0x9e, 0xf7, 0x7e, 0xf7, 0xbe, 0xf7,
    0x7e, 0xf7, 0xff, 0xff, 0x74, 0xa5, 0x82, 0x50, 0x44, 0x79, 0x41, 0xe1,
    0x63, 0xf1, 0x43, 0xe9, 0x43, 0xe1, 0x22, 0xd1, 0x43, 0xd9, 0x42, 0xe1,
    0x42, 0xd9, 0x63, 0xe1, 0x22, 0xd9, 0x43, 0xe1, 0xdb, 0xfe, 0xff, 0xff,
    0xff, 0xff, 0xbe, 0xff, 0xdf, 0xff, 0xff, 0xff, 0xff, 0xff, 0xff, 0xff,
    0xbf, 0xf7, 0x7d, 0xef, 0xff, 0xff, 0xff, 0xff, 0xff, 0xff, 0xff, 0xff,
    0xff, 0xff, 0xff, 0xff, 0xff, 0xff, 0xff, 0xff, 0x8a, 0x52, 0xa2, 0x10,
    0xa2, 0x18, 0x59, 0xce, 0xff, 0xff, 0xff, 0xff, 0x7e, 0xef, 0xbe, 0xf7,
    0xff, 0xff, 0xff, 0xff, 0xdf, 0xff, 0xff, 0xff, 0xdf, 0xff, 0xbf, 0xff,
    0xff, 0xff, 0x7b, 0xcf, 0xa8, 0x04, 0xa8, 0x04, 0xa8, 0x04, 0xc8, 0x04,
    0xa9, 0x04, 0xc9, 0x04, 0x68, 0x04, 0x88, 0x0c, 0x49, 0x05, 0x09, 0x05,
    0xc9, 0x04, 0xa5, 0x12, 0xa4, 0x11, 0x55, 0xa5, 0xff, 0xff, 0x9e, 0xf7,
    0xbe, 0xf7, 0x9e, 0xf7, 0x9e, 0xf7, 0x9e, 0xf7, 0x9e, 0xf7, 0x9e, 0xf7,
    0x9e, 0xf7, 0x9e, 0xf7, 0x7e, 0xf7, 0x9e, 0xf7, 0x7d, 0xef, 0x7e, 0xf7,
    0x7d, 0xef, 0x9e, 0xf7, 0x7e, 0xf7, 0x9e, 0xf7, 0x9e, 0xf7, 0x9e, 0xf7,
    0x9e, 0xf7, 0x9e, 0xf7, 0x9e, 0xf7, 0xbe, 0xff, 0x9e, 0xf7, 0x9e, 0xf7,
    0x9e, 0xf7, 0xff, 0xff, 0x0f, 0x84, 0x81, 0x50, 0x63, 0x89, 0x24, 0xd9,
    0x43, 0xb9, 0x43, 0xe9, 0x43, 0xe1, 0x63, 0xe9, 0x42, 0xd9, 0x43, 0xe1,
    0x62, 0xd9, 0x44, 0xe1, 0x01, 0xd9, 0x87, 0xe2, 0xff, 0xff, 0xbe, 0xff,
    0xff, 0xff, 0xdf, 0xff, 0xdf, 0xff, 0xff, 0xff, 0xff, 0xff, 0xdf, 0xff,
    0x5d, 0xef, 0xff, 0xff, 0xff, 0xff, 0xff, 0xff, 0xff, 0xff, 0xff, 0xff,
    0xff, 0xff, 0xff, 0xff, 0xff, 0xff, 0x14, 0xa5, 0x82, 0x10, 0xa2, 0x18,
    0x49, 0x4a, 0xff, 0xff, 0xff, 0xff, 0xff, 0xff, 0xdf, 0xff, 0x5d, 0xef,
    0xff, 0xff, 0xff, 0xff, 0xff, 0xff, 0xbf, 0xff, 0xff, 0xff, 0xdf, 0xff,
    0xff, 0xff, 0xff, 0xff, 0x2d, 0x3d, 0x87, 0x04, 0xc8, 0x04, 0xc9, 0x04,
    0xa8, 0x04, 0xc8, 0x04, 0xc9, 0x04, 0xe9, 0x04, 0xa9, 0x04, 0x28, 0x04,
    0x69, 0x0c, 0x47, 0x13, 0xc3, 0x09, 0x30, 0x8c, 0xff, 0xff, 0x7e, 0xf7,
    0xbf, 0xff, 0xbe, 0xf7, 0x9e, 0xf7, 0xbe, 0xf7, 0x9e, 0xf7, 0x9e, 0xf7,
    0x9e, 0xf7, 0x9e, 0xf7, 0x7e, 0xf7, 0x9e, 0xf7, 0x9e, 0xf7, 0x7d, 0xef,
    0x7e, 0xf7, 0x7d, 0xef, 0x9e, 0xf7, 0x9e, 0xf7, 0x7d, 0xef, 0x9e, 0xf7,
    0x9e, 0xf7, 0x9e, 0xf7, 0x9e, 0xf7, 0xbe, 0xf7, 0x9e, 0xf7, 0x9f, 0xff,
    0x9e, 0xf7, 0xff, 0xff, 0x6d, 0x73, 0xa1, 0x58, 0x43, 0xa1, 0x03, 0x91,
    0x23, 0x21, 0x03, 0x51, 0x23, 0x99, 0x63, 0xd1, 0x62, 0xd9, 0x22, 0xd9,
    0x62, 0xd9, 0x43, 0xe1, 0xe1, 0xd8, 0xac, 0xeb, 0xff, 0xff, 0xde, 0xff,
    0xdf, 0xff, 0xff, 0xff, 0xff, 0xff, 0xff, 0xff, 0xff, 0xff, 0xbe, 0xf7,
    0x9e, 0xf7, 0xff, 0xff, 0xff, 0xff, 0xff, 0xff, 0xff, 0xff, 0xdf, 0xff,
    0xff, 0xff, 0xff, 0xff, 0x9e, 0xf7, 0x85, 0x31, 0xe3, 0x18, 0x82, 0x10,
    0x35, 0xad, 0xff, 0xff, 0xdf, 0xff, 0xff, 0xff, 0xff, 0xff, 0x9e, 0xf7,
    0x9e, 0xf7, 0xff, 0xff, 0xff, 0xff, 0xdf, 0xff, 0xff, 0xff, 0xdf, 0xff,
    0xdf, 0xff, 0xff, 0xff, 0xf1, 0x65, 0x67, 0x04, 0x89, 0x0c, 0xa9, 0x0c,
    0xa8, 0x04, 0xc8, 0x04, 0x68, 0x04, 0x46, 0x0b, 0xe4, 0x19, 0xe2, 0x20,
    0x45, 0x0b, 0x87, 0x13, 0xc4, 0x09, 0x8d, 0x6b, 0xff, 0xff, 0x7e, 0xf7,
    0x9e, 0xf7, 0xbe, 0xf7, 0x9e, 0xf7, 0x9e, 0xf7, 0x9e, 0xf7, 0x9e, 0xf7,
    0x9e, 0xf7, 0x9e, 0xf7, 0x7d, 0xef, 0x7e, 0xf7, 0x9e, 0xf7, 0x7d, 0xef,
    0x7e, 0xf7, 0x9e, 0xf7, 0x7d, 0xef, 0x9e, 0xf7, 0x9e, 0xf7, 0x7e, 0xf7,
    0x9e, 0xf7, 0x9e, 0xf7, 0x9f, 0xf7, 0x9e, 0xf7, 0xbe, 0xf7, 0xbf, 0xff,
    0x9e, 0xf7, 0xff, 0xff, 0xaa, 0x62, 0xc2, 0x60, 0x23, 0xa1, 0x62, 0xe9,
    0x43, 0xb9, 0x03, 0xc1, 0x42, 0xc1, 0x62, 0xd1, 0x43, 0xe1, 0x64, 0xe1,
    0x63, 0xe1, 0x63, 0xe1, 0xc0, 0xd8, 0x12, 0xf5, 0xff, 0xff, 0xdf, 0xff,
    0xdf, 0xff, 0xff, 0xff, 0xff, 0xff, 0xff, 0xff, 0xff, 0xff, 0x7d, 0xef,
    0xbf, 0xff, 0xff, 0xff, 0xff, 0xff, 0xff, 0xff, 0xff, 0xff, 0xff, 0xff,
    0xff, 0xff, 0xff, 0xff, 0xae, 0x7b, 0x41, 0x08, 0x04, 0x21, 0x65, 0x29,
    0x9e, 0xf7, 0xff, 0xff, 0xff, 0xff, 0xff, 0xff, 0xff, 0xff, 0xff, 0xff,
    0x5d, 0xef, 0xff, 0xff, 0xdf, 0xff, 0xff, 0xff, 0xff, 0xff, 0xff, 0xff,
    0xbf, 0xf7, 0xff, 0xff, 0x95, 0x96, 0x87, 0x04, 0xe9, 0x04, 0xc9, 0x04,
    0xa8, 0x04, 0xa8, 0x04, 0x88, 0x04, 0x47, 0x0c, 0x48, 0x0c, 0x48, 0x04,
    0xc9, 0x04, 0xa7, 0x0b, 0x04, 0x0a, 0xeb, 0x52, 0xff, 0xff, 0xbe, 0xf7,
    0x7e, 0xf7, 0xbe, 0xff, 0x9e, 0xf7, 0x9e, 0xf7, 0x9e, 0xf7, 0x9e, 0xf7,
    0x9e, 0xf7, 0x9e, 0xf7, 0x7e, 0xef, 0x7d, 0xf7, 0x9e, 0xf7, 0x7e, 0xf7,
    0x7d, 0xef, 0x9e, 0xf7, 0x7e, 0xf7, 0x9e, 0xf7, 0x9e, 0xf7, 0x9e, 0xf7,
    0x9e, 0xf7, 0x9e, 0xf7, 0x9e, 0xf7, 0x9e, 0xf7, 0xbf, 0xff, 0x9f, 0xff,
    0x9e, 0xf7, 0xff, 0xff, 0x69, 0x5a, 0xc2, 0x60, 0x45, 0xa9, 0x62, 0xf9,
    0x81, 0xf1, 0x62, 0xe9, 0x63, 0xe9, 0x62, 0xe1, 0x23, 0xe1, 0x22, 0xe1,
    0x43, 0xe1, 0x63, 0xd9, 0xe1, 0xe0, 0xd6, 0xed, 0xff, 0xff, 0xbf, 0xff,
    0xff, 0xff, 0xdf, 0xff, 0xff, 0xff, 0xff, 0xff, 0xff, 0xff, 0x5d, 0xef,
    0xff, 0xff, 0xff, 0xff, 0xff, 0xff, 0xff, 0xff, 0xff, 0xff, 0xff, 0xff,
    0xff, 0xff, 0x59, 0xce, 0x86, 0x31, 0xa6, 0x31, 0x20, 0x00, 0x10, 0x84,
    0xff, 0xff, 0xff, 0xff, 0xff, 0xff, 0xff, 0xff, 0xff, 0xff, 0xff, 0xff,
    0x7d, 0xef, 0xff, 0xff, 0xff, 0xff, 0xff, 0xff, 0xdf, 0xff, 0xdf, 0xff,
    0xdf, 0xff, 0xff, 0xff, 0xb7, 0xae, 0x87, 0x04, 0xc8, 0x04, 0xa8, 0x04,
    0x88, 0x04, 0xc9, 0x04, 0x09, 0x05, 0x09, 0x05, 0x09, 0x05, 0x09, 0x05,
    0x2b, 0x0d, 0xc7, 0x0b, 0x24, 0x0a, 0xca, 0x42, 0xbf, 0xff, 0x9e, 0xf7,
    0x9e, 0xf7, 0xbe, 0xff, 0x9e, 0xf7, 0x9e, 0xf7, 0x9e, 0xf7, 0x9e, 0xf7,
    0x9e, 0xf7, 0x9e, 0xf7, 0x7e, 0xf7, 0x9e, 0xf7, 0x7e, 0xef, 0x7d, 0xf7,
    0x7e, 0xf7, 0x7e, 0xf7, 0x9e, 0xf7, 0x9e, 0xf7, 0x9e, 0xf7, 0x9e, 0xf7,
    0x9e, 0xf7, 0x9e, 0xf7, 0x9e, 0xf7, 0x9d, 0xf7, 0xbe, 0xf7, 0x9e, 0xf7,
    0xbe, 0xf7, 0xdf, 0xff, 0x28, 0x52, 0xc2, 0x60, 0x24, 0xb9, 0x23, 0x89,
    0x04, 0x59, 0x03, 0x81, 0xe3, 0xa0, 0x43, 0xb1, 0x63, 0xd9, 0x62, 0xe1,
    0x43, 0xe1, 0x63, 0xd9, 0xe2, 0xe0, 0x38, 0xee, 0xff, 0xff, 0xdf, 0xff,
    0xff, 0xff, 0xdf, 0xff, 0xff, 0xff, 0xff, 0xff, 0xdf, 0xff, 0x5d, 0xef,
    0xff, 0xff, 0xff, 0xff, 0xff, 0xff, 0xff, 0xff, 0xff, 0xff, 0xff, 0xff,
    0xff, 0xff, 0xae, 0x73, 0xf3, 0xa4, 0xb6, 0xb5, 0x66, 0x31, 0xdb, 0xde,
    0xff, 0xff, 0xff, 0xff, 0xdf, 0xff, 0xff, 0xff, 0xff, 0xff, 0xff, 0xff,
    0x7d, 0xef, 0xdf, 0xff, 0xff, 0xff, 0xff, 0xff, 0xdf, 0xff, 0xff, 0xff,
    0xff, 0xff, 0xff, 0xff, 0xf8, 0xbe, 0x87, 0x04, 0xa9, 0x0c, 0xc9, 0x04,
    0xa8, 0x04, 0x68, 0x0c, 0x08, 0x0c, 0x67, 0x0b, 0xc6, 0x12, 0x26, 0x12,
    0xe5, 0x1a, 0xe7, 0x0b, 0x25, 0x12, 0x89, 0x42, 0xdf, 0xff, 0x7e, 0xf7,
    0xdf, 0xf7, 0x9e, 0xf7, 0x9e, 0xf7, 0xbe, 0xf7, 0x9e, 0xf7, 0x9e, 0xf7,
    0x9e, 0xf7, 0x9e, 0xf7, 0x7d, 0xf7, 0x9e, 0xef, 0x9e, 0xf7, 0x7d, 0xef,
    0x7d, 0xef, 0x9e, 0xf7, 0x7d, 0xef, 0x9e, 0xf7, 0x7e, 0xf7, 0x9e, 0xef,
    0x9e, 0xf7, 0x9e, 0xf7, 0x9e, 0xf7, 0x9e, 0xf7, 0x9e, 0xf7, 0x9f, 0xf7,
    0xbe, 0xf7, 0xbf, 0xf7, 0x28, 0x52, 0xc2, 0x60, 0x42, 0xb1, 0x42, 0x81,
    0x23, 0x59, 0x23, 0x89, 0x23, 0xa1, 0x42, 0xb9, 0x43, 0xe1, 0x23, 0xd9,
    0x43, 0xd9, 0x63, 0xd9, 0xe1, 0xe0, 0x38, 0xf6, 0xff, 0xff, 0xde, 0xff,
    0xff, 0xff, 0xdf, 0xff, 0xdf, 0xff, 0xff, 0xff, 0xdf, 0xff, 0x7d, 0xef,
    0xff, 0xff, 0xff, 0xff, 0xdf, 0xff, 0xff, 0xff, 0xff, 0xff, 0xdf, 0xff,
    0xff, 0xff, 0xae, 0x7b, 0x92, 0x94, 0x92, 0x94, 0xae, 0x7b, 0xff, 0xff,
    0xff, 0xff, 0xff, 0xff, 0xff, 0xff, 0xff, 0xff, 0xff, 0xff, 0xff, 0xff,
    0x5d, 0xef, 0xdf, 0xff, 0xff, 0xff, 0xff, 0xff, 0xdf, 0xff, 0xff, 0xff,
    0xbf, 0xff, 0xff, 0xff, 0x39, 0xbf, 0x67, 0x04, 0x88, 0x0c, 0xc9, 0x04,
    0xe9, 0x04, 0x88, 0x0c, 0xe7, 0x0b, 0x46, 0x0b, 0xa5, 0x12, 0x25, 0x1a,
    0x45, 0x0b, 0xe8, 0x0b, 0x24, 0x0a, 0x89, 0x42, 0xdf, 0xff, 0x9e, 0xf7,
    0xbe, 0xf7, 0x9e, 0xf7, 0x9e, 0xf7, 0x9e, 0xf7, 0x9e, 0xf7, 0x9e, 0xf7,
    0x9e, 0xf7, 0x9e, 0xf7, 0x7e, 0xf7, 0x7e, 0xf7, 0x9e, 0xf7, 0x7e, 0xf7,
    0x7e, 0xf7, 0x9e, 0xf7, 0x7e, 0xf7, 0x9e, 0xf7, 0x9d, 0xf7, 0x7e, 0xf7,
    0x9e, 0xf7, 0x9e, 0xf7, 0xbf, 0xf7, 0x9e, 0xf7, 0xbe, 0xf7, 0x9f, 0xff,
    0xbe, 0xf7, 0xdf, 0xff, 0x69, 0x5a, 0xc2, 0x60, 0x63, 0xa9, 0x62, 0xf9,
    0x42, 0xf9, 0x62, 0xf1, 0x43, 0xe9, 0x43, 0xe1, 0x63, 0xd9, 0x43, 0xd9,
    0x43, 0xd9, 0x83, 0xe1, 0xc0, 0xd8, 0x96, 0xf5, 0xff, 0xff, 0xde, 0xff,
    0xdf, 0xff, 0xff, 0xff, 0xff, 0xff, 0xff, 0xff, 0xdf, 0xff, 0x7d, 0xef,
    0xff, 0xff, 0xff, 0xff, 0xff, 0xff, 0xff, 0xff, 0xff, 0xff, 0xff, 0xff,
    0xff, 0xff, 0x1c, 0xe7, 0xf0, 0x83, 0xef, 0x7b, 0xdb, 0xde, 0xff, 0xff,
    0xff, 0xff, 0xff, 0xff, 0xff, 0xff, 0xff, 0xff, 0xff, 0xff, 0xff, 0xff,
    0x7e, 0xf7, 0xff, 0xff, 0xff, 0xff, 0xdf, 0xff, 0xff, 0xff, 0xff, 0xff,
    0xbf, 0xf7, 0xff, 0xff, 0xd7, 0xae, 0x87, 0x04, 0xc8, 0x04, 0xa8, 0x04,
    0x88, 0x04, 0xa9, 0x04, 0xe9, 0x04, 0x09, 0x05, 0x29, 0x05, 0x29, 0x05,
    0x2a, 0x05, 0xa7, 0x0b, 0x24, 0x0a, 0xa9, 0x52, 0xdf, 0xff, 0x9f, 0xff,
    0x9e, 0xff, 0xbf, 0xf7, 0x9e, 0xf7, 0x9e, 0xf7, 0x9e, 0xf7, 0x9e, 0xf7,
    0x9e, 0xf7, 0x9e, 0xf7, 0x7e, 0xef, 0x9d, 0xf7, 0x7e, 0xf7, 0x7d, 0xef,
    0x7d, 0xef, 0x7e, 0xf7, 0x9e, 0xf7, 0x9e, 0xf7, 0x9e, 0xf7, 0x9e, 0xf7,
    0x9e, 0xf7, 0x9e, 0xf7, 0x9e, 0xf7, 0x9e, 0xf7, 0xbe, 0xff, 0x9e, 0xf7,
    0x9e, 0xef, 0xff, 0xff, 0xaa, 0x62, 0xc2, 0x60, 0x24, 0xa9, 0x62, 0xd9,
    0x23, 0xc1, 0x23, 0xc9, 0x43, 0xc1, 0x43, 0xd9, 0x43, 0xe1, 0x42, 0xe1,
    0x42, 0xd9, 0x63, 0xe1, 0xc0, 0xd8, 0x13, 0xf5, 0xff, 0xff, 0xdd, 0xff,
    0xff, 0xff, 0xdf, 0xff, 0xff, 0xff, 0xff, 0xff, 0xff, 0xff, 0x5d, 0xef,
    0xdf, 0xff, 0xff, 0xff, 0xff, 0xff, 0xff, 0xff, 0xff, 0xff, 0xff, 0xff,
    0xff, 0xff, 0xff, 0xff, 0x9e, 0xf7, 0x9e, 0xf7, 0xff, 0xff, 0xff, 0xff,
    0xff, 0xff, 0xff, 0xff, 0xff, 0xff, 0xff, 0xff, 0xff, 0xff, 0xbf, 0xff,
    0x7d, 0xef, 0xff, 0xff, 0xff, 0xff, 0xdf, 0xff, 0xff, 0xff, 0xdf, 0xff,
    0xdf, 0xff, 0xff, 0xff, 0x54, 0x96, 0x87, 0x04, 0xc9, 0x04, 0xa9, 0x04,
    0xa8, 0x04, 0xc8, 0x04, 0x88, 0x04, 0x27, 0x0c, 0x08, 0x0c, 0x28, 0x0c,
    0xc9, 0x04, 0x87, 0x13, 0x24, 0x0a, 0xea, 0x5a, 0xff, 0xff, 0x9e, 0xef,
    0x9e, 0xff, 0xbe, 0xf7, 0x9e, 0xf7, 0xbe, 0xf7, 0x9e, 0xf7, 0x9e, 0xf7,
    0x9e, 0xf7, 0x9e, 0xf7, 0x7e, 0xf7, 0x9e, 0xef, 0x9d, 0xf7, 0x7e, 0xf7,
    0x7e, 0xf7, 0x9e, 0xef, 0x7d, 0xf7, 0x7e, 0xef, 0x9e, 0xf7, 0x9e, 0xf7,
    0x9e, 0xf7, 0x9e, 0xf7, 0x9e, 0xf7, 0xbd, 0xf7, 0xbf, 0xf7, 0x9e, 0xff,
    0x9d, 0xf7, 0xff, 0xff, 0x2d, 0x6b, 0xa1, 0x60, 0x63, 0x99, 0x04, 0x91,
    0x03, 0x19, 0x04, 0x61, 0x43, 0x89, 0x43, 0xd9, 0x43, 0xe1, 0x63, 0xd9,
    0x63, 0xd9, 0x43, 0xe1, 0xe0, 0xd8, 0xce, 0xeb, 0xff, 0xff, 0xdf, 0xff,
    0xff, 0xff, 0xdf, 0xff, 0xdf, 0xff, 0xdf, 0xff, 0xff, 0xff, 0x9e, 0xf7,
    0x9e, 0xf7, 0xff, 0xff, 0xff, 0xff, 0xff, 0xff, 0xff, 0xff, 0xff, 0xff,
    0x7e, 0xf7, 0x38, 0xc6, 0x55, 0xad, 0x75, 0xad, 0x39, 0xc6, 0x7e, 0xf7,
    0xff, 0xff, 0xff, 0xff, 0xff, 0xff, 0xff, 0xff, 0xff, 0xff, 0x9e, 0xf7,
    0x9e, 0xf7, 0xff, 0xff, 0xdf, 0xff, 0xff, 0xff, 0xdf, 0xff, 0xff, 0xf7,
    0xdf, 0xff, 0xff, 0xff, 0xf1, 0x65, 0x87, 0x0c, 0xea, 0x0c, 0xa8, 0x04,
    0xc8, 0x04, 0xc9, 0x0c, 0x89, 0x04, 0x27, 0x13, 0x05, 0x1a, 0xe3, 0x20,
    0x25, 0x13, 0xa8, 0x13, 0xc4, 0x01, 0x4d, 0x6b, 0xff, 0xff, 0x9e, 0xff,
    0x9e, 0xf7, 0xbf, 0xf7, 0x9e, 0xf7, 0x9e, 0xf7, 0x9e, 0xf7, 0x9e, 0xf7,
    0x9e, 0xf7, 0x9e, 0xf7, 0x7e, 0xf7, 0x7e, 0xf7, 0x7d, 0xef, 0x7e, 0xf7,
    0x7e, 0xf7, 0x9e, 0xf7, 0x7d, 0xf7, 0x7e, 0xef, 0x9e, 0xf7, 0x9d, 0xf7,
    0x9e, 0xf7, 0x9e, 0xf7, 0x9e, 0xf7, 0xbe, 0xf7, 0x9f, 0xf7, 0x9f, 0xff,
    0x9d, 0xf7, 0xff, 0xff, 0x31, 0x84, 0x81, 0x50, 0x23, 0x91, 0x62, 0xd1,
    0x41, 0xb9, 0x43, 0xe9, 0x63, 0xe9, 0x42, 0xd9, 0x43, 0xe1, 0x42, 0xe1,
    0x42, 0xd9, 0x63, 0xe9, 0x02, 0xd1, 0x68, 0xea, 0xff, 0xff, 0xbf, 0xf7,
    0xff, 0xf7, 0x9f, 0xff, 0xff, 0xff, 0xff, 0xff, 0xff, 0xff, 0xbf, 0xff,
    0xbf, 0xff, 0xff, 0xff, 0xff, 0xff, 0xff, 0xff, 0x7e, 0xef, 0x39, 0xce,
    0x96, 0xb5, 0x96, 0xb5, 0xb7, 0xbd, 0xb6, 0xb5, 0x55, 0xad, 0x96, 0xb5,
    0x59, 0xce, 0x5d, 0xef, 0xff, 0xff, 0xff, 0xff, 0xdf, 0xff, 0xbf, 0xff,
    0xdf, 0xff, 0xff, 0xff, 0xdf, 0xff, 0xff, 0xff, 0xdf, 0xff, 0xdf, 0xff,
    0xff, 0xf7, 0xff, 0xff, 0x2d, 0x35, 0x87, 0x04, 0xa7, 0x04, 0xa8, 0x0c,
    0xc8, 0x04, 0xc8, 0x04, 0xc8, 0x04, 0xe8, 0x04, 0xc8, 0x04, 0x07, 0x04,
    0x48, 0x0c, 0x47, 0x1b, 0xc3, 0x01, 0x30, 0x8c, 0xff, 0xff, 0x7e, 0xf7,
    0xbe, 0xf7, 0xbe, 0xf7, 0x9e, 0xf7, 0x9e, 0xff, 0x9e, 0xf7, 0x9e, 0xf7,
    0x9e, 0xf7, 0x9e, 0xf7, 0x7d, 0xf7, 0x9e, 0xf7, 0x7e, 0xef, 0x7d, 0xf7,
    0x7d, 0xef, 0x7e, 0xf7, 0x9e, 0xf7, 0x9e, 0xf7, 0x9e, 0xf7, 0x7e, 0xf7,
    0x9e, 0xf7, 0x9e, 0xf7, 0x9e, 0xf7, 0xbe, 0xf7, 0x9f, 0xf7, 0x9f, 0xff,
    0x9d, 0xf7, 0xff, 0xff, 0x75, 0xad, 0x81, 0x48, 0x24, 0x81, 0x23, 0xe1,
    0x44, 0xf9, 0x42, 0xe9, 0x62, 0xd9, 0x63, 0xd1, 0x42, 0xd9, 0x22, 0xe1,
    0x63, 0xd1, 0x62, 0xd9, 0x44, 0xe1, 0x42, 0xd9, 0xbc, 0xfe, 0xff, 0xff,
    0xbe, 0xff, 0xff, 0xff, 0xdf, 0xff, 0xff, 0xff, 0xdf, 0xff, 0xff, 0xff,
    0xff, 0xff, 0xff, 0xff, 0x7d, 0xef, 0x59, 0xce, 0xb6, 0xb5, 0x75, 0xad,
    0xb6, 0xb5, 0x96, 0xb5, 0x96, 0xb5, 0xb7, 0xbd, 0xb6, 0xbd, 0xb6, 0xb5,
    0x96, 0xb5, 0x96, 0xb5, 0x59, 0xce, 0x7e, 0xf7, 0xff, 0xff, 0xff, 0xff,
    0xff, 0xff, 0xff, 0xff, 0xff, 0xff, 0xdf, 0xff, 0xff, 0xff, 0xdf, 0xff,
    0xff, 0xff, 0x7b, 0xdf, 0xc9, 0x04, 0xc8, 0x04, 0xa9, 0x04, 0xc9, 0x04,
    0xc9, 0x04, 0xa8, 0x04, 0x68, 0x0c, 0xc9, 0x0c, 0x0a, 0x0d, 0x09, 0x05,
    0xe9, 0x04, 0xa6, 0x1a, 0xa3, 0x09, 0x35, 0xb5, 0xff, 0xff, 0x7e, 0xf7,
    0xbf, 0xf7, 0x9e, 0xf7, 0x9e, 0xf7, 0xbf, 0xf7, 0x9e, 0xf7, 0x9e, 0xf7,
    0x9e, 0xf7, 0x9e, 0xf7, 0x7e, 0xef, 0x9e, 0xf7, 0x7d, 0xf7, 0x7e, 0xef,
    0x7e, 0xf7, 0x7d, 0xef, 0x9e, 0xf7, 0x7d, 0xf7, 0x9e, 0xf7, 0x9e, 0xf7,
    0x9e, 0xf7, 0x9e, 0xf7, 0x9e, 0xf7, 0x9e, 0xf7, 0xbf, 0xf7, 0x9e, 0xf7,
    0xbe, 0xf7, 0xdf, 0xff, 0x7a, 0xce, 0x03, 0x49, 0x23, 0x71, 0x43, 0xc9,
    0x43, 0x81, 0x23, 0x49, 0x03, 0x61, 0x03, 0xa9, 0x44, 0xe1, 0x82, 0xd9,
    0x42, 0xe1, 0x22, 0xd9, 0x82, 0xd9, 0xe0, 0xd8, 0xd1, 0xf4, 0xff, 0xff,
    0xdf, 0xff, 0xdf, 0xf7, 0xdf, 0xff, 0xdf, 0xff, 0xff, 0xff, 0xff, 0xff,
    0x9e, 0xf7, 0x59, 0xce, 0xb7, 0xbd, 0x75, 0xad, 0xb6, 0xbd, 0x96, 0xb5,
    0xd7, 0xbd, 0xb7, 0xbd, 0x96, 0xb5, 0xb6, 0xb5, 0xb7, 0xb5, 0x96, 0xb5,
    0x96, 0xb5, 0x96, 0xb5, 0x76, 0xb5, 0xb6, 0xb5, 0x79, 0xce, 0x9e, 0xf7,
    0xff, 0xff, 0xff, 0xff, 0xdf, 0xff, 0xff, 0xff, 0xbf, 0xff, 0xdf, 0xff,
    0xff, 0xff, 0x53, 0x86, 0x67, 0x0c, 0xa8, 0x0c, 0xa8, 0x04, 0x88, 0x04,
    0xa8, 0x04, 0xc9, 0x04, 0x88, 0x0b, 0x45, 0x12, 0xc4, 0x19, 0xc6, 0x12,
    0x88, 0x04, 0x85, 0x1a, 0xa4, 0x11, 0x7a, 0xd6, 0xdf, 0xff, 0x9e, 0xf7,
    0xbe, 0xff, 0x9e, 0xf7, 0x9e, 0xf7, 0x9e, 0xf7, 0x9e, 0xf7, 0x9e, 0xf7,
    0x9e, 0xf7, 0x9e, 0xf7, 0x7e, 0xf7, 0x9e, 0xf7, 0x7d, 0xef, 0x7e, 0xf7,
    0x7e, 0xf7, 0x7d, 0xef, 0x9e, 0xf7, 0x7e, 0xef, 0x9e, 0xf7, 0x9e, 0xf7,
    0x9e, 0xf7, 0x9e, 0xf7, 0x9e, 0xf7, 0x9e, 0xf7, 0xbe, 0xf7, 0x9e, 0xf7,
    0xbe, 0xf7, 0xbf, 0xff, 0x7e, 0xef, 0xe7, 0x51, 0x01, 0x69, 0x63, 0xb1,
    0x02, 0x79, 0x03, 0x79, 0x43, 0xc9, 0x42, 0xe1, 0x42, 0xe9, 0x63, 0xe9,
    0x62, 0xd9, 0x24, 0xe1, 0x64, 0xe9, 0x02, 0xd9, 0x83, 0xd9, 0x9d, 0xff,
    0xff, 0xf7, 0xff, 0xff, 0xff, 0xff, 0xff, 0xff, 0x9e, 0xf7, 0x9a, 0xd6,
    0x96, 0xb5, 0x75, 0xad, 0x96, 0xb5, 0x96, 0xb5, 0x97, 0xb5, 0x96, 0xb5,
    0x96, 0xb5, 0x96, 0xb5, 0x96, 0xb5, 0x96, 0xb5, 0x96, 0xb5, 0x96, 0xb5,
    0xb6, 0xbd, 0xb7, 0xb5, 0xb6, 0xb5, 0x96, 0xb5, 0x76, 0xb5, 0x96, 0xb5,
    0x79, 0xce, 0xbe, 0xf7, 0xff, 0xff, 0xff, 0xff, 0xdf, 0xff, 0xdf, 0xff,
    0x9d, 0xef, 0xc9, 0x0c, 0xa8, 0x04, 0xe8, 0x04, 0xa9, 0x04, 0xa8, 0x04,
    0xe9, 0x0c, 0xe9, 0x04, 0xa8, 0x0c, 0x48, 0x0c, 0x06, 0x13, 0xc6, 0x12,
    0xc7, 0x0b, 0x65, 0x12, 0x27, 0x3a, 0x7e, 0xf7, 0xbf, 0xf7, 0xbf, 0xf7,
    0x9e, 0xf7, 0x9e, 0xf7, 0x9e, 0xf7, 0x9e, 0xf7, 0x9e, 0xf7, 0x9e, 0xf7,
    0x9e, 0xf7, 0x9e, 0xf7, 0x7d, 0xf7, 0x9e, 0xef, 0x7e, 0xf7, 0x7d, 0xf7,
    0x7e, 0xf7, 0x7e, 0xf7, 0x9e, 0xf7, 0x7e, 0xef, 0x9e, 0xf7, 0x9e, 0xf7,
    0x9e, 0xf7, 0x9e, 0xf7, 0x9e, 0xf7, 0x9e, 0xf7, 0x9e, 0xf7, 0x9e, 0xff,
    0xbe, 0xf7, 0x9e, 0xf7, 0xff, 0xff, 0x2c, 0x6b, 0x62, 0x60, 0x23, 0x89,
    0x63, 0xf9, 0x43, 0xf1, 0x63, 0xf1, 0x63, 0xe9, 0x42, 0xc1, 0x23, 0x89,
    0x43, 0xa1, 0x43, 0xd9, 0xc0, 0xd8, 0x64, 0xe1, 0x2e, 0xec, 0x7f, 0xff,
    0xdf, 0xff, 0xfe, 0xff, 0xbf, 0xff, 0x7a, 0xd6, 0xb6, 0xb5, 0x75, 0xad,
    0x96, 0xb5, 0xb7, 0xbd, 0xb6, 0xb5, 0xd7, 0xbd, 0x96, 0xb5, 0xb7, 0xbd,
    0xb6, 0xb5, 0x96, 0xb5, 0xb6, 0xb5, 0xb7, 0xbd, 0xb6, 0xbd, 0xb6, 0xb5,
    0x96, 0xb5, 0xb6, 0xbd, 0x96, 0xb5, 0x96, 0xb5, 0xb7, 0xbd, 0xb7, 0xbd,
    0x96, 0xb5, 0x96, 0xb5, 0x7a, 0xd6, 0xbe, 0xf7, 0xff, 0xff, 0xff, 0xff,
    0xbe, 0xf7, 0x53, 0x76, 0xa8, 0x0c, 0x88, 0x04, 0xc9, 0x04, 0x67, 0x13,
    0x27, 0x1b, 0x08, 0x0c, 0xe8, 0x04, 0x49, 0x05, 0xe8, 0x04, 0x0a, 0x05,
    0x27, 0x1b, 0xc3, 0x01, 0x6d, 0x6b, 0xff, 0xff, 0x9e, 0xf7, 0x9e, 0xf7,
    0x9e, 0xf7, 0x9e, 0xf7, 0x9e, 0xf7, 0x9e, 0xf7, 0x9e, 0xf7, 0x9e, 0xf7,
    0x9e, 0xf7, 0x9e, 0xf7, 0x7e, 0xf7, 0x7e, 0xf7, 0x7d, 0xef, 0x7e, 0xf7,
    0x7d, 0xef, 0x7d, 0xf7, 0x9e, 0xf7, 0x7d, 0xf7, 0x9e, 0xf7, 0x9e, 0xf7,
    0x7e, 0xf7, 0x9e, 0xf7, 0x9e, 0xf7, 0x9f, 0xf7, 0xbe, 0xf7, 0x9e, 0xff,
    0xbe, 0xf7, 0x7e, 0xf7, 0xff, 0xff, 0x75, 0xa5, 0xa2, 0x50, 0x44, 0x79,
    0x63, 0xd1, 0x03, 0xc1, 0x23, 0x81, 0x24, 0x41, 0x04, 0x59, 0x22, 0xa1,
    0x00, 0xd9, 0x44, 0xe1, 0x0f, 0xec, 0x3c, 0xf7, 0xff, 0xff, 0xff, 0xff,
    0x9f, 0xf7, 0xbb, 0xd6, 0x96, 0xb5, 0x76, 0xb5, 0xb6, 0xb5, 0xb6, 0xb5,
    0x96, 0xb5, 0xb7, 0xbd, 0x96, 0xb5, 0x96, 0xb5, 0xb6, 0xbd, 0xb6, 0xb5,
    0x96, 0xb5, 0x96, 0xb5, 0xb7, 0xbd, 0x96, 0xb5, 0x96, 0xb5, 0xb7, 0xb5,
    0xb7, 0xbd, 0x96, 0xb5, 0xb6, 0xb5, 0xb6, 0xb5, 0xb6, 0xb5, 0x96, 0xb5,
    0x96, 0xb5, 0xb6, 0xb5, 0x96, 0xb5, 0x97, 0xbd, 0xbb, 0xd6, 0x9e, 0xff,
    0xff, 0xff, 0xff, 0xff, 0x7c, 0xe7, 0xd2, 0x75, 0xc7, 0x04, 0x87, 0x04,
    0x67, 0x0b, 0x25, 0x12, 0xc4, 0x11, 0xc6, 0x12, 0x28, 0x04, 0xa8, 0x04,
    0x86, 0x1a, 0xa3, 0x09, 0x55, 0xb5, 0xff, 0xff, 0x9e, 0xef, 0x9e, 0xf7,
    0xbe, 0xff, 0x9e, 0xff, 0xbe, 0xf7, 0x9e, 0xf7, 0x9e, 0xf7, 0x9e, 0xf7,
    0x9e, 0xf7, 0x9e, 0xf7, 0x7e, 0xf7, 0x9e, 0xef, 0x7d, 0xf7, 0x7e, 0xef,
    0x7e, 0xef, 0x7e, 0xef, 0x9e, 0xf7, 0x7d, 0xf7, 0x9e, 0xf7, 0x9e, 0xef,
    0x9e, 0xf7, 0x9e, 0xf7, 0x9e, 0xf7, 0x9e, 0xf7, 0xbe, 0xf7, 0x9e, 0xf7,
    0xbf, 0xf7, 0x9e, 0xff, 0xbf, 0xff, 0x5d, 0xe7, 0x85, 0x41, 0xc2, 0x68,
    0x62, 0xb9, 0x25, 0x69, 0x03, 0x29, 0x22, 0xa9, 0xe0, 0xe0, 0x24, 0xf1,
    0xac, 0xe3, 0xbb, 0xf6, 0xff, 0xff, 0xff, 0xff, 0xbd, 0xf7, 0xbb, 0xde,
    0x97, 0xbd, 0x95, 0xad, 0xb6, 0xb5, 0x96, 0xb5, 0x96, 0xb5, 0xb7, 0xbd,
    0x96, 0xb5, 0xb6, 0xb5, 0x96, 0xb5, 0xb7, 0xb5, 0x96, 0xb5, 0x96, 0xb5,
    0xb6, 0xb5, 0xb7, 0xbd, 0x96, 0xb5, 0xb6, 0xb5, 0xb6, 0xb5, 0x96, 0xb5,
    0xb7, 0xbd, 0x76, 0xb5, 0xb7, 0xb5, 0xb6, 0xbd, 0x96, 0xb5, 0xb6, 0xb5,
    0xb7, 0xbd, 0xb6, 0xb5, 0x96, 0xbd, 0xb6, 0xad, 0x95, 0xad, 0xb6, 0xbd,
    0x9a, 0xd6, 0xbf, 0xf7, 0xff, 0xff, 0xff, 0xff, 0x5c, 0xdf, 0xd0, 0x65,
    0xe8, 0x04, 0xa7, 0x04, 0x67, 0x13, 0x64, 0x21, 0x45, 0x1a, 0x07, 0x0c,
    0x66, 0x12, 0x05, 0x22, 0x1c, 0xef, 0xbf, 0xff, 0xbe, 0xef, 0x9e, 0xff,
    0xbe, 0xf7, 0x9e, 0xf7, 0x9e, 0xf7, 0x9e, 0xf7, 0x9e, 0xf7, 0x9e, 0xf7,
    0x9e, 0xf7, 0x9e, 0xf7, 0x7d, 0xef, 0x9e, 0xf7, 0x7e, 0xf7, 0x7d, 0xf7,
    0x7e, 0xf7, 0x7d, 0xf7, 0x7e, 0xef, 0x9e, 0xf7, 0x7e, 0xf7, 0x9e, 0xf7,
    0x9e, 0xf7, 0x7e, 0xf7, 0x9e, 0xf7, 0x9e, 0xf7, 0x9e, 0xf7, 0x9e, 0xf7,
    0xbe, 0xf7, 0x9e, 0xf7, 0x9e, 0xf7, 0xff, 0xff, 0x6d, 0x6b, 0xa2, 0x60,
    0x42, 0x81, 0x44, 0xe9, 0x01, 0xe1, 0x22, 0xe9, 0x6c, 0xeb, 0xba, 0xf6,
    0xff, 0xff, 0xff, 0xff, 0xbf, 0xf7, 0xba, 0xd6, 0xd7, 0xbd, 0x75, 0xb5,
    0x96, 0xb5, 0x96, 0xb5, 0x96, 0xb5, 0xb6, 0xb5, 0xb6, 0xb5, 0x96, 0xb5,
    0xb6, 0xb5, 0x96, 0xb5, 0xb6, 0xbd, 0x96, 0xb5, 0xb7, 0xb5, 0x96, 0xb5,
    0x96, 0xb5, 0xb6, 0xb5, 0x96, 0xb5, 0x96, 0xb5, 0xb6, 0xb5, 0x96, 0xb5,
    0xb6, 0xb5, 0xb6, 0xb5, 0x96, 0xb5, 0x96, 0xb5, 0x96, 0xb5, 0x96, 0xb5,
    0x96, 0xb5, 0x96, 0xb5, 0xb6, 0xb5, 0xb6, 0xbd, 0xb7, 0xbd, 0x96, 0xb5,
    0x96, 0xb5, 0xd7, 0xbd, 0xba, 0xd6, 0xbe, 0xff, 0xff, 0xff, 0xff, 0xff,
    0x1b, 0xdf, 0xd0, 0x55, 0xc8, 0x0c, 0xa7, 0x04, 0xc9, 0x0c, 0xe6, 0x1a,
    0xe5, 0x01, 0x6d, 0x73, 0xff, 0xff, 0x9d, 0xe7, 0xbf, 0xff, 0x9e, 0xf7,
    0x9e, 0xf7, 0xbf, 0xf7, 0x9e, 0xf7, 0x9e, 0xf7, 0x9e, 0xf7, 0x9e, 0xf7,
    0x9e, 0xf7, 0x7e, 0xf7, 0x7e, 0xf7, 0x9e, 0xf7, 0x7d, 0xef, 0x7e, 0xf7,
    0x7d, 0xf7, 0x7e, 0xf7, 0x7d, 0xef, 0x9e, 0xf7, 0x7d, 0xf7, 0x9e, 0xf7,
    0x9e, 0xf7, 0x9e, 0xf7, 0x9e, 0xf7, 0x9e, 0xf7, 0x9e, 0xf7, 0x9e, 0xf7,
    0x9e, 0xf7, 0x9e, 0xf7, 0x9e, 0xf7, 0xff, 0xff, 0x59, 0xc6, 0xa3, 0x40,
    0xe1, 0x60, 0xe1, 0xb0, 0x4b, 0xeb, 0x99, 0xee, 0xff, 0xf7, 0xff, 0xff,
    0x9e, 0xf7, 0xbb, 0xde, 0xd7, 0xbd, 0x75, 0xad, 0x96, 0xb5, 0x96, 0xb5,
    0x96, 0xb5, 0xb7, 0xbd, 0xb6, 0xb5, 0x97, 0xb5, 0x96, 0xbd, 0xb6, 0xb5,
    0x97, 0xb5, 0xb7, 0xbd, 0x96, 0xb5, 0xb6, 0xb5, 0xb6, 0xbd, 0x97, 0xbd,
    0xb6, 0xb5, 0xb6, 0xb5, 0x97, 0xbd, 0xb7, 0xb5, 0x96, 0xbd, 0x96, 0xb5,
    0xb6, 0xb5, 0x96, 0xb5, 0xb7, 0xbd, 0xb6, 0xb5, 0x97, 0xb5, 0xb6, 0xbd,
    0xb6, 0xb5, 0x97, 0xb5, 0x96, 0xb5, 0x96, 0xb5, 0x96, 0xb5, 0xb6, 0xb5,
    0x96, 0xb5, 0x96, 0xb5, 0x96, 0xb5, 0xb7, 0xbd, 0xda, 0xde, 0xde, 0xf7,
    0xff, 0xff, 0xff, 0xff, 0x39, 0xc7, 0xaf, 0x4d, 0xc7, 0x03, 0x44, 0x02,
    0x83, 0x09, 0x59, 0xd6, 0xdf, 0xff, 0xbe, 0xf7, 0xbe, 0xff, 0x9e, 0xf7,
    0xbe, 0xf7, 0x9e, 0xf7, 0x9e, 0xf7, 0x9e, 0xf7, 0x9e, 0xf7, 0x9e, 0xf7,
    0x9e, 0xf7, 0x7e, 0xf7, 0x9d, 0xf7, 0x9e, 0xef, 0x7e, 0xef, 0x7d, 0xf7,
    0x7e, 0xef, 0x7e, 0xf7, 0x9d, 0xef, 0x9e, 0xf7, 0x7e, 0xef, 0x9e, 0xf7,
    0x9e, 0xf7, 0x7e, 0xef, 0x9e, 0xf7, 0x9e, 0xf7, 0x9e, 0xf7, 0x9e, 0xf7,
    0xbe, 0xf7, 0xbf, 0xff, 0x9e, 0xf7, 0xbf, 0xff, 0xff, 0xff, 0x0a, 0x63,
    0x49, 0x8a, 0x58, 0xde, 0xff, 0xff, 0xff, 0xff, 0x9f, 0xf7, 0xdb, 0xde,
    0xf8, 0xc5, 0x75, 0xad, 0x96, 0xb5, 0xb7, 0xbd, 0x96, 0xb5, 0xb7, 0xb5,
    0xd7, 0xbd, 0x96, 0xb5, 0x96, 0xb5, 0xb6, 0xb5, 0xb7, 0xbd, 0x96, 0xb5,
    0xb6, 0xb5, 0x96, 0xbd, 0x96, 0xb5, 0xb7, 0xb5, 0x96, 0xb5, 0x96, 0xb5,
    0xb7, 0xb5, 0x96, 0xbd, 0xb6, 0xb5, 0xb6, 0xb5, 0x97, 0xb5, 0xb6, 0xbd,
    0x97, 0xb5, 0x96, 0xb5, 0xb6, 0xbd, 0xb6, 0xb5, 0x96, 0xb5, 0xb7, 0xbd,
    0xb6, 0xb5, 0x96, 0xb5, 0xb7, 0xbd, 0xb6, 0xb5, 0x96, 0xb5, 0x96, 0xb5,
    0xb7, 0xbd, 0xb6, 0xb5, 0xb6, 0xb5, 0x96, 0xb5, 0x95, 0xb5, 0xb6, 0xbd,
    0xfc, 0xd6, 0x9f, 0xf7, 0xff, 0xff, 0xff, 0xff, 0xb9, 0xce, 0x8a, 0x4b,
    0x2c, 0x5b, 0xbf, 0xff, 0x9e, 0xff, 0xbe, 0xf7, 0x9e, 0xff, 0x9e, 0xf7,
    0x9e, 0xf7, 0xbe, 0xf7, 0x9e, 0xf7, 0x9e, 0xf7, 0x9e, 0xf7, 0x9e, 0xf7,
    0x9e, 0xf7, 0x7e, 0xef, 0x7d, 0xf7, 0x7e, 0xf7, 0x7e, 0xf7, 0x7d, 0xef,
    0x7e, 0xf7, 0x7d, 0xef, 0x7e, 0xf7, 0x7e, 0xf7, 0x7e, 0xf7, 0x7d, 0xef,
    0x9e, 0xf7, 0x9e, 0xf7, 0x9e, 0xf7, 0x7e, 0xf7, 0x9e, 0xf7, 0x9e, 0xf7,
    0x9e, 0xf7, 0xbe, 0xf7, 0x9e, 0xf7, 0x9e, 0xf7, 0xbf, 0xf7, 0x5d, 0xef,
    0xbf, 0xff, 0xff, 0xff, 0x9f, 0xff, 0xdb, 0xe6, 0xf7, 0xc5, 0x96, 0xb5,
    0x96, 0xb5, 0x96, 0xb5, 0xd7, 0xbd, 0x96, 0xb5, 0x96, 0xb5, 0xb6, 0xb5,
    0xb6, 0xbd, 0xb6, 0xb5, 0x96, 0xb5, 0xb6, 0xbd, 0x96, 0xb5, 0x96, 0xb5,
    0xb6, 0xb5, 0xb6, 0xb5, 0x97, 0xb5, 0xb6, 0xbd, 0xb6, 0xbd, 0x96, 0xb5,
    0xb6, 0xb5, 0x96, 0xb5, 0x96, 0xb5, 0xb6, 0xb5, 0x96, 0xbd, 0x96, 0xb5,
    0xb6, 0xb5, 0x97, 0xb5, 0x96, 0xb5, 0xb6, 0xb5, 0x96, 0xb5, 0x96, 0xb5,
    0xb6, 0xb5, 0x96, 0xbd, 0xb7, 0xbd, 0xb7, 0xbd, 0x96, 0xb5, 0xb6, 0xb5,
    0x96, 0xb5, 0x96, 0xb5, 0x96, 0xb5, 0x96, 0xb5, 0xb7, 0xbd, 0x96, 0xb5,
    0x76, 0xb5, 0xd7, 0xc5, 0xfc, 0xe6, 0x9e, 0xef, 0xdf, 0xff, 0xbf, 0xff,
    0x3d, 0xef, 0xff, 0xff, 0xbe, 0xf7, 0x9e, 0xf7, 0x9f, 0xff, 0xbf, 0xff,
    0x9e, 0xf7, 0x9e, 0xf7, 0x9e, 0xf7, 0x9e, 0xf7, 0x9e, 0xf7, 0x9e, 0xf7,
    0x7e, 0xf7, 0x9e, 0xf7, 0x9e, 0xf7, 0x7d, 0xef, 0x7e, 0xf7, 0x7e, 0xf7,
    0x7d, 0xf7, 0x7e, 0xf7, 0x7d, 0xef, 0x7e, 0xf7, 0x9e, 0xf7, 0x9d, 0xf7,
    0x9e, 0xf7, 0x9e, 0xf7, 0x9e, 0xf7, 0x9e, 0xf7, 0x9e, 0xf7, 0x9e, 0xf7,
    0x9e, 0xf7, 0xbe, 0xf7, 0x9e, 0xf7, 0x9e, 0xf7, 0x9e, 0xff, 0xdf, 0xff,
    0xbf, 0xff, 0xda, 0xde, 0xf6, 0xbd, 0x75, 0xb5, 0xb7, 0xad, 0x96, 0xb5,
    0xb7, 0xbd, 0xb6, 0xb5, 0x96, 0xb5, 0x96, 0xb5, 0xb6, 0xb5, 0xb7, 0xbd,
    0x96, 0xb5, 0x96, 0xb5, 0x97, 0xb5, 0xb6, 0xb5, 0x96, 0xb5, 0x97, 0xb5,
    0x96, 0xb5, 0xb6, 0xbd, 0x96, 0xb5, 0x97, 0xb5, 0xb6, 0xb5, 0xb7, 0xb5,
    0x96, 0xbd, 0xb7, 0xb5, 0x97, 0xb5, 0xb6, 0xbd, 0xb6, 0xb5, 0x97, 0xb5,
    0x96, 0xb5, 0x96, 0xb5, 0xb7, 0xbd, 0xb6, 0xb5, 0x97, 0xbd, 0xb6, 0xb5,
    0x96, 0xb5, 0x96, 0xb5, 0x96, 0xb5, 0x96, 0xb5, 0x96, 0xb5, 0xb7, 0xbd,
    0xb7, 0xbd, 0xb7, 0xbd, 0xb7, 0xb5, 0xb6, 0xb5, 0x77, 0xbd, 0xb7, 0xb5,
    0x96, 0xb5, 0x75, 0xb5, 0x55, 0xad, 0x18, 0xc6, 0x1c, 0xe7, 0xde, 0xef,
    0xdf, 0xff, 0x9e, 0xf7, 0x9e, 0xef, 0x9e, 0xf7, 0x9e, 0xf7, 0x9e, 0xf7,
    0x9e, 0xf7, 0x9e, 0xf7, 0x9e, 0xf7, 0x9e, 0xf7, 0x9e, 0xf7, 0x7e, 0xf7,
    0x7d, 0xf7, 0x9e, 0xf7, 0x7d, 0xef, 0x7e, 0xef, 0x9d, 0xf7, 0x7e, 0xf7,
    0x7e, 0xef, 0x9e, 0xf7, 0x7d, 0xef, 0x7d, 0xef, 0x7e, 0xf7, 0x9e, 0xf7,
    0x7d, 0xef, 0x9e, 0xf7, 0x9e, 0xf7, 0x9e, 0xf7, 0x9e, 0xf7, 0x9e, 0xf7,
    0x9e, 0xf7, 0x9e, 0xf7, 0xbf, 0xff, 0xbe, 0xf7, 0xde, 0xf7, 0x1b, 0xdf,
    0xf7, 0xc5, 0x97, 0xb5, 0x76, 0xb5, 0xd7, 0xbd, 0x96, 0xb5, 0xb7, 0xb5,
    0x96, 0xb5, 0xb6, 0xbd, 0x96, 0xb5, 0xb7, 0xbd, 0xb6, 0xb5, 0x96, 0xb5,
    0xb7, 0xbd, 0x96, 0xb5, 0xb6, 0xb5, 0x97, 0xbd, 0xb7, 0xbd, 0xb6, 0xb5,
    0x96, 0xb5, 0xb7, 0xbd, 0xb6, 0xb5, 0xb6, 0xb5, 0x96, 0xb5, 0x96, 0xbd,
    0xb6, 0xb5, 0x96, 0xb5, 0xb6, 0xbd, 0xb7, 0xb5, 0xb7, 0xbd, 0xb6, 0xbd,
    0xb6, 0xb5, 0xb6, 0xb5, 0x96, 0xbd, 0x96, 0xb5, 0xb7, 0xb5, 0xb6, 0xbd,
    0x96, 0xb5, 0xb7, 0xb5, 0xb7, 0xbd, 0xb6, 0xb5, 0xb6, 0xb5, 0x96, 0xb5,
    0x96, 0xb5, 0x96, 0xb5, 0x96, 0xb5, 0xb7, 0xbd, 0x96, 0xb5, 0xd6, 0xb5,
    0xd6, 0xad, 0xb6, 0xbd, 0xd7, 0xbd, 0x96, 0xad, 0x76, 0xb5, 0xf7, 0xbd,
    0xfc, 0xe6, 0xbe, 0xf7, 0xbf, 0xff, 0xdf, 0xf7, 0xbe, 0xf7, 0x7e, 0xf7,
    0x9e, 0xf7, 0x9e, 0xf7, 0x9e, 0xf7, 0x9e, 0xf7, 0x9e, 0xf7, 0x7e, 0xef,
    0x7e, 0xf7, 0x9e, 0xf7, 0x7d, 0xef, 0x7e, 0xf7, 0x7e, 0xf7, 0x7d, 0xef,
    0x7e, 0xf7, 0x7e, 0xf7, 0x9e, 0xf7, 0x7d, 0xef, 0x7e, 0xf7, 0x9e, 0xf7,
    0x7e, 0xef, 0x9e, 0xf7, 0x9e, 0xf7, 0x9e, 0xf7, 0x9e, 0xf7, 0x9e, 0xf7,
    0x9e, 0xf7, 0x9e, 0xf7, 0x9e, 0xf7, 0xbe, 0xf7, 0x9f, 0xff, 0x5e, 0xef,
    0x5d, 0xef, 0x9e, 0xef, 0x5d, 0xf7, 0x7d, 0xef, 0x7d, 0xf7, 0x9e, 0xef,
    0x7d, 0xf7, 0xbe, 0xf7, 0x39, 0xce, 0x76, 0xb5, 0x96, 0xb5, 0x96, 0xb5,
    0x96, 0xb5, 0xb7, 0xbd, 0x96, 0xb5, 0xb6, 0xb5, 0xb6, 0xbd, 0xb6, 0xb5,
    0x96, 0xb5, 0x96, 0xb5, 0x96, 0xb5, 0xb7, 0xbd, 0x96, 0xb5, 0xb6, 0xb5,
    0xb7, 0xb5, 0x96, 0xb5, 0x96, 0xb5, 0x96, 0xb5, 0x96, 0xb5, 0xb6, 0xb5,
    0xb7, 0xbd, 0x96, 0xb5, 0xb6, 0xb5, 0x96, 0xb5, 0x96, 0xb5, 0x96, 0xb5,
    0xb6, 0xb5, 0xb7, 0xbd, 0x96, 0xb5, 0x96, 0xb5, 0xb7, 0xbd, 0xb6, 0xb5,
    0xb7, 0xbd, 0xb6, 0xb5, 0x96, 0xb5, 0x38, 0xc6, 0xbe, 0xf7, 0x5d, 0xef,
    0x9e, 0xf7, 0x5e, 0xef, 0x7d, 0xef, 0x5d, 0xef, 0x7d, 0xf7, 0x7d, 0xef,
    0x5d, 0xef, 0x9e, 0xf7, 0x9e, 0xf7, 0x7e, 0xef, 0xbe, 0xf7, 0x9e, 0xff,
    0xbe, 0xf7, 0x7e, 0xf7, 0x9e, 0xf7, 0x9e, 0xf7, 0x9e, 0xf7, 0x7d, 0xf7,
    0x9e, 0xf7, 0x7e, 0xef, 0x7d, 0xf7, 0x7e, 0xf7, 0x7e, 0xef, 0x7d, 0xf7,
    0x7d, 0xef, 0x7e, 0xf7, 0x7e, 0xf7, 0x7d, 0xef, 0x7e, 0xf7, 0x9e, 0xf7,
    0x7d, 0xf7, 0x9e, 0xf7, 0x7e, 0xf7, 0x9e, 0xf7, 0x7e, 0xf7, 0x9e, 0xf7,
    0xbe, 0xf7, 0x9e, 0xf7, 0x9e, 0xf7, 0x9e, 0xf7, 0x9e, 0xf7, 0xdf, 0xf7,
    0x9e, 0xff, 0xdf, 0xff, 0xdf, 0xf7, 0xdf, 0xff, 0xdf, 0xf7, 0xbe, 0xff,
    0xdf, 0xff, 0xdf, 0xff, 0x39, 0xc6, 0x76, 0xb5, 0xb6, 0xbd, 0xb7, 0xb5,
    0xb6, 0xb5, 0x76, 0xb5, 0x76, 0xb5, 0x96, 0xb5, 0x96, 0xb5, 0xb7, 0xbd,
    0x96, 0xb5, 0x96, 0xb5, 0x96, 0xb5, 0x96, 0xb5, 0x96, 0xb5, 0xb7, 0xb5,
    0x96, 0xb5, 0x96, 0xb5, 0x96, 0xb5, 0x96, 0xb5, 0x96, 0xb5, 0x96, 0xb5,
    0x96, 0xb5, 0x96, 0xb5, 0x96, 0xb5, 0x96, 0xb5, 0x96, 0xb5, 0x96, 0xb5,
    0x96, 0xb5, 0x96, 0xb5, 0x96, 0xb5, 0x96, 0xb5, 0x96, 0xb5, 0x96, 0xb5,
    0xb6, 0xb5, 0xb6, 0xb5, 0x76, 0xb5, 0x39, 0xce, 0xff, 0xff, 0xbf, 0xff,
    0xbf, 0xff, 0xbf, 0xff, 0xdf, 0xff, 0xdf, 0xff, 0xbf, 0xff, 0xbf, 0xf7,
    0xdf, 0xff, 0x9e, 0xff, 0x9e, 0xff, 0xbe, 0xf7, 0xbe, 0xf7, 0x7e, 0xf7,
    0xbe, 0xef, 0x9e, 0xf7, 0x7e, 0xf7, 0x9e, 0xf7, 0x9e, 0xf7, 0x7e, 0xf7,
    0x9e, 0xef, 0x7d, 0xf7, 0x7e, 0xf7, 0x9d, 0xef, 0x9e, 0xf7, 0x7e, 0xf7,
    0x7d, 0xf7, 0x7e, 0xef, 0x9d, 0xf7, 0x7e, 0xef, 0x7d, 0xef, 0x7e, 0xf7,
    0x9e, 0xf7, 0x7d, 0xef, 0x9e, 0xf7, 0x9e, 0xf7, 0x9e, 0xf7, 0x9e, 0xf7,
    0x9e, 0xf7, 0x9e, 0xf7, 0x9e, 0xf7, 0x9e, 0xf7, 0x9e, 0xf7, 0xbe, 0xf7,
    0x9e, 0xf7, 0x9e, 0xf7, 0xbe, 0xf7, 0xbe, 0xf7, 0xbf, 0xff, 0xbf, 0xff,
    0x9e, 0xf7, 0xdf, 0xff, 0x59, 0xce, 0x96, 0xb5, 0xb7, 0xbd, 0x96, 0xb5,
    0xb6, 0xb5, 0x39, 0xce, 0x59, 0xce, 0xb6, 0xb5, 0x96, 0xb5, 0x96, 0xb5,
    0xb7, 0xbd, 0x18, 0xc6, 0x18, 0xc6, 0x18, 0xc6, 0xb7, 0xbd, 0x76, 0xb5,
    0xb7, 0xbd, 0xd7, 0xbd, 0x18, 0xc6, 0x18, 0xc6, 0x18, 0xc6, 0x18, 0xc6,
    0xb7, 0xbd, 0xb7, 0xbd, 0x18, 0xc6, 0xf8, 0xc5, 0x18, 0xc6, 0x18, 0xc6,
    0xf7, 0xbd, 0xb7, 0xbd, 0xf7, 0xbd, 0xf8, 0xc5, 0x18, 0xc6, 0xd7, 0xbd,
    0x55, 0xad, 0xb7, 0xbd, 0x96, 0xb5, 0x38, 0xc6, 0xdf, 0xff, 0xbe, 0xf7,
    0xbf, 0xff, 0xbe, 0xf7, 0xbe, 0xf7, 0xbe, 0xff, 0x9e, 0xf7, 0x9e, 0xf7,
    0xbe, 0xf7, 0xbe, 0xf7, 0x9e, 0xf7, 0x9e, 0xf7, 0x9e, 0xf7, 0x9e, 0xf7,
    0x9e, 0xf7, 0x9e, 0xf7, 0x9e, 0xf7, 0x9e, 0xf7, 0x7e, 0xf7, 0x7e, 0xef,
    0x7d, 0xef, 0x7e, 0xf7, 0x7e, 0xef, 0x7d, 0xf7, 0x7e, 0xef, 0x7e, 0xf7,
    0x7e, 0xf7, 0x7e, 0xf7, 0x9d, 0xef, 0x7e, 0xf7, 0x7e, 0xf7, 0x7d, 0xef,
    0x9e, 0xf7, 0x7e, 0xf7, 0x7d, 0xef, 0x9e, 0xf7, 0x9e, 0xf7, 0x9e, 0xf7,
    0x9e, 0xf7, 0x9e, 0xf7, 0x9e, 0xf7, 0x9e, 0xf7, 0x9e, 0xf7, 0x9e, 0xf7,
    0xbe, 0xff, 0x9e, 0xf7, 0xbf, 0xf7, 0xbe, 0xf7, 0xbe, 0xf7, 0xbf, 0xff,
    0xbe, 0xf7, 0xbf, 0xff, 0x38, 0xc6, 0x96, 0xb5, 0x96, 0xb5, 0xd7, 0xbd,
    0x7d, 0xef, 0x3c, 0xef, 0x3c, 0xe7, 0x9e, 0xf7, 0xf8, 0xc5, 0x76, 0xb5,
    0x3d, 0xef, 0x7e, 0xef, 0x1c, 0xe7, 0x5d, 0xef, 0xbe, 0xf7, 0xd7, 0xbd,
    0xd7, 0xbd, 0xdf, 0xff, 0x5d, 0xef, 0x3c, 0xef, 0x5d, 0xef, 0x3d, 0xef,
    0xb6, 0xb5, 0xba, 0xd6, 0xbf, 0xff, 0x5d, 0xef, 0x3c, 0xe7, 0x7e, 0xf7,
    0x9a, 0xd6, 0x76, 0xb5, 0x9e, 0xf7, 0x5d, 0xef, 0x5d, 0xef, 0x9e, 0xf7,
    0x9a, 0xd6, 0x96, 0xb5, 0x76, 0xb5, 0x59, 0xce, 0xdf, 0xff, 0xbe, 0xf7,
    0xbf, 0xff, 0xbe, 0xf7, 0xbe, 0xf7, 0xbf, 0xf7, 0x9e, 0xf7, 0x9e, 0xf7,
    0xbe, 0xf7, 0x9e, 0xf7, 0x9e, 0xf7, 0x9e, 0xf7, 0x9e, 0xf7, 0x9e, 0xf7,
    0x9e, 0xf7, 0x9e, 0xf7, 0x9e, 0xf7, 0x7e, 0xf7, 0x7d, 0xf7, 0x9e, 0xf7,
    0x7d, 0xf7, 0x9e, 0xf7, 0x7e, 0xef, 0x7d, 0xf7, 0x7d, 0xf7, 0x7e, 0xef,
    0x7e, 0xef, 0x7d, 0xf7, 0x7e, 0xf7, 0x9e, 0xf7, 0x7d, 0xf7, 0x7e, 0xef,
    0x7e, 0xf7, 0x9e, 0xf7, 0x9e, 0xf7, 0x7d, 0xf7, 0x9e, 0xf7, 0x9e, 0xf7,
    0x9e, 0xf7, 0x9e, 0xf7, 0x9e, 0xf7, 0xbe, 0xf7, 0x9e, 0xf7, 0x9f, 0xf7,
    0xbe, 0xff, 0xbe, 0xf7, 0x9f, 0xf7, 0xbe, 0xff, 0x9e, 0xf7, 0xbe, 0xf7,
    0xbf, 0xff, 0xdf, 0xff, 0x38, 0xc6, 0x96, 0xb5, 0x75, 0xad, 0xdb, 0xde,
    0x3d, 0xef, 0xf4, 0xa4, 0x55, 0xad, 0xdb, 0xde, 0xfb, 0xde, 0x75, 0xad,
    0xbe, 0xf7, 0xf7, 0xbd, 0x76, 0xb5, 0x34, 0xad, 0x1c, 0xe7, 0x9a, 0xd6,
    0x38, 0xce, 0x5d, 0xef, 0x55, 0xad, 0x76, 0xb5, 0x55, 0xad, 0x96, 0xb5,
    0x55, 0xad, 0x7d, 0xef, 0x39, 0xc6, 0x34, 0xa5, 0x55, 0xad, 0x76, 0xb5,
    0x96, 0xb5, 0x18, 0xc6, 0x9e, 0xf7, 0x76, 0xb5, 0x75, 0xad, 0xd7, 0xbd,
    0xdf, 0xff, 0x18, 0xc6, 0x75, 0xad, 0x38, 0xc6, 0xdf, 0xff, 0xbf, 0xf7,
    0xbe, 0xff, 0xbe, 0xf7, 0x9e, 0xf7, 0xbf, 0xff, 0xbe, 0xf7, 0xbe, 0xff,
    0x9e, 0xf7, 0x9e, 0xf7, 0x9e, 0xf7, 0x9e, 0xf7, 0x9e, 0xf7, 0x9e, 0xf7,
    0x9e, 0xf7, 0x9e, 0xf7, 0x7e, 0xf7, 0x7e, 0xef, 0x9e, 0xf7, 0x7d, 0xef,
    0x7e, 0xf7, 0x7d, 0xf7, 0x9e, 0xef, 0x9e, 0xf7, 0x7d, 0xf7, 0x7e, 0xef,
    0x7d, 0xf7, 0x7e, 0xef, 0x7e, 0xef, 0x9d, 0xf7, 0x7e, 0xef, 0x7d, 0xf7,
    0x9d, 0xef, 0x7e, 0xef, 0x9e, 0xf7, 0x7e, 0xf7, 0x7e, 0xef, 0x9e, 0xf7,
    0x9e, 0xf7, 0x9e, 0xf7, 0x9e, 0xf7, 0x9e, 0xf7, 0x9e, 0xf7, 0x9e, 0xf7,
    0x9e, 0xf7, 0xbe, 0xf7, 0x9e, 0xff, 0x9f, 0xf7, 0xbf, 0xff, 0xbe, 0xf7,
    0x9e, 0xf7, 0xff, 0xff, 0x39, 0xce, 0x76, 0xb5, 0xb6, 0xb5, 0x38, 0xc6,
    0x9e, 0xf7, 0x9a, 0xd6, 0x76, 0xb5, 0x76, 0xad, 0xb6, 0xb5, 0xf8, 0xc5,
    0x7d, 0xef, 0x96, 0xb5, 0x96, 0xb5, 0xb7, 0xb5, 0xbf, 0xff, 0x18, 0xc6,
    0xdb, 0xde, 0x1c, 0xe7, 0xd7, 0xbd, 0x39, 0xce, 0x18, 0xc6, 0xd7, 0xbd,
    0xb7, 0xbd, 0x7e, 0xf7, 0x79, 0xd6, 0x18, 0xc6, 0x18, 0xc6, 0x18, 0xc6,
    0x75, 0xad, 0x9a, 0xd6, 0x3d, 0xef, 0x75, 0xad, 0xd7, 0xbd, 0x55, 0xad,
    0x1c, 0xe7, 0x9a, 0xd6, 0x55, 0xad, 0x59, 0xce, 0xdf, 0xff, 0x9e, 0xf7,
    0xbf, 0xff, 0xbf, 0xf7, 0x9e, 0xf7, 0xbe, 0xff, 0x9e, 0xf7, 0x9f, 0xf7,
    0x9e, 0xf7, 0x9e, 0xf7, 0xbe, 0xf7, 0x9e, 0xf7, 0x9e, 0xf7, 0x9e, 0xf7,
    0x9e, 0xf7, 0x9e, 0xf7, 0x7d, 0xf7, 0x9e, 0xf7, 0x9e, 0xf7, 0x7d, 0xef,
    0x7e, 0xef, 0x7e, 0xf7, 0x7d, 0xf7, 0x7e, 0xef, 0x7e, 0xf7, 0x9d, 0xf7,
    0x7e, 0xf7, 0x7e, 0xf7, 0x9d, 0xef, 0x7e, 0xf7, 0x7e, 0xf7, 0x7e, 0xf7,
    0x7d, 0xf7, 0x7d, 0xef, 0x9e, 0xf7, 0x7e, 0xf7, 0x7d, 0xf7, 0x9e, 0xf7,
    0x9e, 0xf7, 0x9e, 0xf7, 0x9e, 0xf7, 0x9e, 0xf7, 0x9e, 0xf7, 0x9e, 0xf7,
    0x9e, 0xf7, 0xbf, 0xf7, 0xbe, 0xf7, 0x9e, 0xf7, 0x9e, 0xf7, 0xbf, 0xff,
    0x9e, 0xf7, 0xdf, 0xff, 0x38, 0xc6, 0x76, 0xb5, 0x96, 0xb5, 0x76, 0xb5,
    0x39, 0xce, 0x7d, 0xef, 0xdf, 0xff, 0x39, 0xce, 0x75, 0xad, 0x79, 0xd6,
    0xff, 0xff, 0x1c, 0xe7, 0x3c, 0xe7, 0x7e, 0xf7, 0xfb, 0xde, 0x55, 0xad,
    0x5d, 0xef, 0x9e, 0xf7, 0x5d, 0xef, 0x3c, 0xe7, 0x7e, 0xef, 0x18, 0xc6,
    0xd7, 0xbd, 0xdf, 0xff, 0x3c, 0xe7, 0x3d, 0xef, 0x5d, 0xef, 0x1c, 0xe7,
    0x76, 0xb5, 0xfc, 0xe6, 0xdb, 0xde, 0x75, 0xad, 0xb7, 0xbd, 0x96, 0xb5,
    0x5d, 0xef, 0x9a, 0xd6, 0x35, 0xad, 0x59, 0xce, 0xdf, 0xff, 0x9e, 0xf7,
    0xbe, 0xff, 0x9e, 0xf7, 0x9e, 0xf7, 0xbe, 0xf7, 0x9e, 0xf7, 0x9e, 0xf7,
    0x9e, 0xf7, 0x9e, 0xf7, 0x9e, 0xf7, 0x9e, 0xf7, 0x9e, 0xf7, 0x9e, 0xf7,
    0x7e, 0xf7, 0x7e, 0xf7, 0x9e, 0xef, 0x7e, 0xf7, 0x7d, 0xf7, 0x7e, 0xf7,
    0x9e, 0xef, 0x7d, 0xf7, 0x7e, 0xf7, 0x7e, 0xef, 0x7d, 0xef, 0x7e, 0xf7,
    0x7e, 0xf7, 0x7d, 0xef, 0x7d, 0xf7, 0x7e, 0xf7, 0x9e, 0xef, 0x7d, 0xef,
    0x7e, 0xf7, 0x7e, 0xf7, 0x7d, 0xef, 0x9e, 0xf7, 0x9e, 0xf7, 0x7d, 0xef,
    0x9e, 0xf7, 0x9e, 0xf7, 0x9e, 0xf7, 0x9e, 0xf7, 0x9e, 0xf7, 0xbe, 0xf7,
    0x9e, 0xff, 0x9e, 0xf7, 0xbe, 0xf7, 0xbe, 0xff, 0x9e, 0xf7, 0x9e, 0xf7,
    0x9e, 0xf7, 0xbf, 0xf7, 0x39, 0xce, 0x75, 0xb5, 0xf8, 0xbd, 0x18, 0xc6,
    0x55, 0xad, 0x75, 0xad, 0x39, 0xce, 0xdf, 0xff, 0x76, 0xb5, 0xfc, 0xde,
    0xfc, 0xe6, 0xf7, 0xc5, 0x38, 0xc6, 0xd7, 0xbd, 0x76, 0xb5, 0xb6, 0xb5,
    0xbe, 0xf7, 0xd7, 0xbd, 0x55, 0xad, 0x96, 0xb5, 0x96, 0xb5, 0x75, 0xad,
    0x9a, 0xd6, 0x5d, 0xef, 0x55, 0xad, 0x96, 0xb5, 0x76, 0xb5, 0x75, 0xad,
    0x96, 0xb5, 0x7e, 0xf7, 0x39, 0xc6, 0x75, 0xb5, 0x76, 0xb5, 0xd7, 0xbd,
    0xbf, 0xff, 0xd7, 0xbd, 0x96, 0xb5, 0x38, 0xc6, 0xdf, 0xff, 0x9e, 0xf7,
    0xbe, 0xf7, 0x9e, 0xf7, 0x9e, 0xf7, 0xbf, 0xff, 0x9e, 0xf7, 0x9e, 0xf7,
    0xbe, 0xff, 0x9e, 0xf7, 0x9e, 0xf7, 0x9e, 0xf7, 0x9e, 0xf7, 0x9e, 0xf7,
    0x7e, 0xf7, 0x9e, 0xf7, 0x7d, 0xef, 0x7d, 0xef, 0x7e, 0xf7, 0x7e, 0xf7,
    0x9d, 0xef, 0x7d, 0xf7, 0x9e, 0xf7, 0x9e, 0xef, 0x7d, 0xf7, 0x7e, 0xf7,
    0x7e, 0xef, 0x9e, 0xf7, 0x7d, 0xf7, 0x7e, 0xef, 0x9d, 0xf7, 0x7e, 0xf7,
    0x9e, 0xef, 0x7e, 0xf7, 0x7d, 0xef, 0x7e, 0xef, 0x9e, 0xf7, 0x7e, 0xf7,
    0x9e, 0xf7, 0x9e, 0xf7, 0x9e, 0xf7, 0x9e, 0xf7, 0x9e, 0xf7, 0x9e, 0xf7,
    0x9e, 0xf7, 0x9e, 0xf7, 0x9e, 0xf7, 0xbf, 0xf7, 0xbe, 0xf7, 0x9e, 0xf7,
    0x9e, 0xf7, 0xdf, 0xff, 0x18, 0xc6, 0x75, 0xad, 0x79, 0xce, 0xbf, 0xff,
    0x96, 0xb5, 0x96, 0xb5, 0xd7, 0xbd, 0xbe, 0xf7, 0xb7, 0xbd, 0x7d, 0xef,
    0x39, 0xce, 0x55, 0xad, 0x96, 0xb5, 0x96, 0xb5, 0xb7, 0xbd, 0x18, 0xc6,
    0x7e, 0xf7, 0x96, 0xb5, 0xb7, 0xbd, 0x96, 0xb5, 0xd7, 0xbd, 0x75, 0xb5,
    0x1c, 0xe7, 0xbb, 0xde, 0x55, 0xad, 0xd7, 0xbd, 0xb7, 0xbd, 0x96, 0xb5,
    0xb6, 0xbd, 0xbe, 0xf7, 0xd7, 0xbd, 0xb6, 0xb5, 0x18, 0xc6, 0x7d, 0xef,
    0xfb, 0xde, 0x96, 0xb5, 0x76, 0xb5, 0x38, 0xc6, 0xdf, 0xff, 0x9f, 0xf7,
    0xbe, 0xf7, 0xbf, 0xff, 0x9e, 0xf7, 0xbe, 0xf7, 0x9e, 0xf7, 0x9e, 0xf7,
    0x9e, 0xf7, 0x9e, 0xf7, 0x9e, 0xf7, 0x9e, 0xf7, 0x9e, 0xf7, 0x7e, 0xf7,
    0x7e, 0xf7, 0x9e, 0xf7, 0x7d, 0xf7, 0x7e, 0xef, 0x9e, 0xf7, 0x7d, 0xef,
    0x7e, 0xf7, 0x7e, 0xef, 0x7d, 0xf7, 0x7e, 0xf7, 0x7e, 0xef, 0x7d, 0xf7,
    0x7d, 0xf7, 0x7e, 0xf7, 0x7e, 0xef, 0x7d, 0xf7, 0x7e, 0xf7, 0x7d, 0xef,
    0x7e, 0xf7, 0x9d, 0xf7, 0x7e, 0xf7, 0x7d, 0xf7, 0x7d, 0xef, 0x9e, 0xf7,
    0x7e, 0xf7, 0x9e, 0xf7, 0x9e, 0xf7, 0x9e, 0xf7, 0x9e, 0xf7, 0x9e, 0xf7,
    0x9e, 0xf7, 0x9e, 0xf7, 0x9e, 0xf7, 0x9e, 0xf7, 0xbf, 0xff, 0xbe, 0xf7,
    0x9e, 0xf7, 0xbf, 0xff, 0x59, 0xce, 0x76, 0xb5, 0x96, 0xb5, 0xfc, 0xe6,
    0x9e, 0xf7, 0x1c, 0xe7, 0x9e, 0xf7, 0x7a, 0xd6, 0xb6, 0xb5, 0x5d, 0xef,
    0xf7, 0xbd, 0xb6, 0xb5, 0x96, 0xb5, 0xb6, 0xb5, 0x76, 0xb5, 0x59, 0xce,
    0xdf, 0xff, 0x5d, 0xef, 0x5d, 0xef, 0x5d, 0xef, 0x5d, 0xef, 0xb7, 0xb5,
    0x1c, 0xe7, 0x9e, 0xf7, 0x5d, 0xef, 0x7d, 0xef, 0x5d, 0xef, 0xbb, 0xd6,
    0xf7, 0xbd, 0xdf, 0xff, 0x5d, 0xef, 0x5d, 0xef, 0x7d, 0xef, 0xbb, 0xde,
    0x75, 0xad, 0x96, 0xb5, 0x96, 0xb5, 0x39, 0xce, 0xdf, 0xff, 0x9e, 0xf7,
    0x9e, 0xf7, 0xbe, 0xff, 0x9e, 0xf7, 0x9f, 0xf7, 0x9e, 0xf7, 0x9e, 0xf7,
    0x9e, 0xf7, 0x9e, 0xf7, 0x9e, 0xf7, 0x9e, 0xf7, 0x9e, 0xf7, 0x7e, 0xf7,
    0x9d, 0xef, 0x9e, 0xf7, 0x7e, 0xf7, 0x7d, 0xf7, 0x7e, 0xef, 0x7e, 0xf7,
    0x7d, 0xf7, 0x9e, 0xef, 0x7e, 0xf7, 0x7d, 0xf7, 0x9e, 0xef, 0x7e, 0xf7,
    0x7e, 0xf7, 0x7d, 0xef, 0x9e, 0xef, 0x9e, 0xf7, 0x7e, 0xef, 0x7d, 0xf7,
    0x7e, 0xef, 0x9e, 0xf7, 0x7e, 0xf7, 0x7e, 0xef, 0x7d, 0xf7, 0x7e, 0xef,
    0x9e, 0xf7, 0x7d, 0xf7, 0x9e, 0xf7, 0x9e, 0xf7, 0x9e, 0xf7, 0x9e, 0xf7,
    0x9e, 0xf7, 0x9e, 0xf7, 0x9e, 0xf7, 0x9e, 0xf7, 0x9e, 0xf7, 0x9e, 0xf7,
    0x9e, 0xf7, 0xdf, 0xff, 0x39, 0xce, 0x96, 0xb5, 0xd7, 0xbd, 0x96, 0xb5,
    0xd7, 0xbd, 0x38, 0xc6, 0xb6, 0xb5, 0xb6, 0xb5, 0xb7, 0xbd, 0xb6, 0xbd,
    0xb7, 0xb5, 0xb7, 0xbd, 0xb6, 0xb5, 0xb6, 0xb5, 0xb6, 0xb5, 0xb7, 0xbd,
    0xd7, 0xbd, 0xf7, 0xbd, 0xf7, 0xbd, 0xd7, 0xbd, 0xb7, 0xbd, 0xb6, 0xb5,
    0xd7, 0xbd, 0xd7, 0xbd, 0xf7, 0xbd, 0xd7, 0xbd, 0xd7, 0xbd, 0xd7, 0xbd,
    0xd7, 0xbd, 0xb7, 0xbd, 0xd7, 0xbd, 0xd7, 0xbd, 0x96, 0xb5, 0x96, 0xb5,
    0xb7, 0xbd, 0xb7, 0xbd, 0x96, 0xb5, 0x59, 0xce, 0xbf, 0xff, 0xbe, 0xf7,
    0x9e, 0xf7, 0x9e, 0xf7, 0xbe, 0xf7, 0x9e, 0xf7, 0x9e, 0xf7, 0x9e, 0xf7,
    0x9e, 0xf7, 0x9e, 0xf7, 0x9e, 0xf7, 0x7e, 0xf7, 0x7e, 0xf7, 0x9e, 0xf7,
    0x7d, 0xef, 0x7e, 0xef, 0x7e, 0xf7, 0x7d, 0xef, 0x9e, 0xf7, 0x7e, 0xf7,
    0x7d, 0xef, 0x9e, 0xf7, 0x7e, 0xef, 0x7d, 0xf7, 0x9d, 0xf7, 0x7e, 0xef,
    0x7e, 0xf7, 0x7d, 0xf7, 0x7e, 0xf7, 0x7e, 0xef, 0x9d, 0xf7, 0x7e, 0xf7,
    0x7d, 0xef, 0x7d, 0xef, 0x9e, 0xf7, 0x7e, 0xf7, 0x7d, 0xef, 0x7e, 0xf7,
    0x9e, 0xf7, 0x7e, 0xef, 0x7e, 0xf7, 0x9e, 0xf7, 0x7e, 0xf7, 0x9e, 0xf7,
    0x9e, 0xf7, 0x9e, 0xf7, 0x9e, 0xf7, 0x9e, 0xf7, 0x9e, 0xf7, 0x9e, 0xf7,
    0xbe, 0xf7, 0xbe, 0xf7, 0x38, 0xc6, 0x55, 0xad, 0x76, 0xb5, 0x75, 0xad,
    0x75, 0xad, 0x55, 0xad, 0x76, 0xb5, 0x76, 0xb5, 0x75, 0xad, 0x76, 0xb5,
    0x76, 0xb5, 0x76, 0xb5, 0x76, 0xb5, 0x76, 0xb5, 0x75, 0xad, 0x75, 0xad,
    0x55, 0xad, 0x75, 0xad, 0x55, 0xad, 0x76, 0xb5, 0x75, 0xb5, 0x76, 0xb5,
    0x75, 0xad, 0x75, 0xad, 0x76, 0xb5, 0x76, 0xb5, 0x75, 0xb5, 0x75, 0xad,
    0x75, 0xad, 0x75, 0xad, 0x75, 0xad, 0x96, 0xb5, 0x76, 0xb5, 0x75, 0xad,
    0x76, 0xad, 0x75, 0xad, 0x55, 0xad, 0x18, 0xc6, 0xbe, 0xf7, 0x9e, 0xf7,
    0x9e, 0xf7, 0x9e, 0xf7, 0x9e, 0xf7, 0x9e, 0xf7, 0x9e, 0xf7, 0x9e, 0xf7,
    0x9e, 0xf7, 0x9e, 0xf7, 0x9e, 0xf7, 0x7e, 0xf7, 0x9e, 0xf7, 0x7d, 0xef,
    0x7e, 0xf7, 0x7d, 0xf7, 0x7e, 0xef, 0x9d, 0xf7, 0x7e, 0xf7, 0x7d, 0xef,
    0x7e, 0xf7, 0x7d, 0xf7, 0x7e, 0xef, 0x7e, 0xf7, 0x7d, 0xf7, 0x7e, 0xef,
    0x7e, 0xef, 0x7d, 0xf7, 0x7e, 0xf7, 0x7d, 0xef, 0x7e, 0xf7, 0x9e, 0xf7,
    0x7e, 0xf7, 0x7d, 0xef, 0x7e, 0xf7, 0x9d, 0xf7, 0x7e, 0xef, 0x7d, 0xf7,
    0x7d, 0xef, 0x9e, 0xf7, 0x7e, 0xf7, 0x7d, 0xef, 0x9e, 0xf7, 0x9e, 0xf7,
    0x9e, 0xf7, 0x9e, 0xf7, 0x9e, 0xf7, 0x9e, 0xf7, 0x9e, 0xf7, 0x9e, 0xf7,
    0x9e, 0xf7, 0xbf, 0xff, 0xfc, 0xe6, 0xba, 0xd6, 0xdb, 0xde, 0xdb, 0xde,
    0xdb, 0xde, 0xbb, 0xde, 0xbb, 0xde, 0xdb, 0xde, 0xdb, 0xde, 0xdb, 0xde,
    0xdb, 0xde, 0xdb, 0xde, 0xdb, 0xde, 0xbb, 0xde, 0xdb, 0xde, 0xdb, 0xde,
    0xdb, 0xde, 0xdb, 0xde, 0xdb, 0xde, 0xdb, 0xde, 0xdb, 0xde, 0xdb, 0xde,
    0xdb, 0xde, 0xdb, 0xde, 0xdb, 0xde, 0xdb, 0xde, 0xdb, 0xde, 0xdb, 0xde,
    0xdb, 0xde, 0xdb, 0xde, 0xbb, 0xde, 0xdb, 0xde, 0xdb, 0xde, 0xdb, 0xde,
    0xdb, 0xde, 0xdb, 0xde, 0xba, 0xde, 0x1c, 0xe7, 0xbe, 0xf7, 0x9e, 0xf7,
    0x9e, 0xf7, 0x9e, 0xf7, 0x9e, 0xf7, 0x9e, 0xf7, 0x9e, 0xf7, 0x9e, 0xf7,
    0x9e, 0xf7, 0x9e, 0xf7, 0x7e, 0xf7, 0x7e, 0xf7, 0x7d, 0xef, 0x7e, 0xf7,
    0x7e, 0xf7, 0x9d, 0xf7, 0x7e, 0xef, 0x7e, 0xf7, 0x7d, 0xef, 0x9e, 0xf7,
    0x9e, 0xf7, 0x7d, 0xef, 0x9e, 0xf7, 0x7e, 0xef, 0x7e, 0xf7, 0x7d, 0xf7,
    0x7e, 0xef, 0x9e, 0xf7, 0x9d, 0xef, 0x7e, 0xf7, 0x7d, 0xef, 0x7e, 0xf7,
    0x9e, 0xf7, 0x7e, 0xef, 0x7d, 0xf7, 0x9e, 0xef, 0x7e, 0xf7, 0x7e, 0xf7,
    0x7d, 0xef, 0x7e, 0xf7, 0x7d, 0xef, 0x9e, 0xf7, 0x7e, 0xf7, 0x9e, 0xf7,
    0x9e, 0xf7, 0x9e, 0xf7, 0x9e, 0xf7, 0x9e, 0xf7, 0x9e, 0xf7, 0x9e, 0xf7,
    0x9e, 0xf7, 0xbe, 0xff, 0xbe, 0xf7, 0xbf, 0xff, 0xdf, 0xff, 0xbf, 0xff,
    0xdf, 0xff, 0xdf, 0xff, 0xdf, 0xff, 0xdf, 0xff, 0xdf, 0xff, 0xdf, 0xff,
    0xdf, 0xff, 0xdf, 0xff, 0xdf, 0xff, 0xdf, 0xff, 0xdf, 0xff, 0xdf, 0xff,
    0xdf, 0xff, 0xdf, 0xff, 0xdf, 0xff, 0xdf, 0xff, 0xdf, 0xff, 0xdf, 0xff,
    0xdf, 0xff, 0xdf, 0xff, 0xdf, 0xff, 0xdf, 0xff, 0xdf, 0xff, 0xdf, 0xff,
    0xdf, 0xff, 0xdf, 0xff, 0xdf, 0xff, 0xbf, 0xff, 0xbf, 0xff, 0xbf, 0xff,
    0xdf, 0xff, 0xdf, 0xff, 0xbe, 0xf7, 0xbf, 0xff, 0xbe, 0xf7, 0x9e, 0xf7,
    0x9e, 0xf7, 0x9e, 0xf7, 0x9e, 0xf7, 0x9e, 0xf7, 0x9e, 0xf7, 0x9e, 0xf7,
    0x7e, 0xf7, 0x7e, 0xf7, 0x9e, 0xf7, 0x7d, 0xef, 0x7e, 0xef, 0x9e, 0xf7,
    0x7d, 0xef, 0x7e, 0xef, 0x9e, 0xf7, 0x7d, 0xf7, 0x7e, 0xef, 0x7e, 0xf7,
    0x7d, 0xef, 0x7e, 0xf7, 0x7d, 0xf7, 0x9d, 0xef, 0x7e, 0xf7, 0x7e, 0xf7,
    0x7d, 0xf7, 0x7e, 0xf7, 0x7e, 0xf7, 0x9d, 0xef, 0x7e, 0xf7, 0x7d, 0xef,
    0x7d, 0xf7, 0x7e, 0xf7, 0x7e, 0xef, 0x7d, 0xf7, 0x9e, 0xf7, 0x7e, 0xef,
    0x9e, 0xf7, 0x7d, 0xf7, 0x7e, 0xef, 0x7e, 0xf7, 0x9e, 0xf7, 0x7d, 0xef,
    0x9e, 0xf7, 0x9e, 0xf7, 0x9e, 0xf7, 0x9e, 0xf7, 0x9e, 0xf7, 0x9e, 0xf7,
    0xbe, 0xf7, 0x7e, 0xf7, 0x9e, 0xf7, 0xbe, 0xf7, 0x9e, 0xf7, 0x9e, 0xf7,
    0x9e, 0xf7, 0x9e, 0xf7, 0x9e, 0xf7, 0x9e, 0xf7, 0x9e, 0xf7, 0x9e, 0xf7,
    0x9e, 0xf7, 0x9e, 0xf7, 0x9e, 0xf7, 0x9e, 0xf7, 0xbe, 0xf7, 0x9e, 0xf7,
    0xbe, 0xf7, 0xbe, 0xf7, 0x9e, 0xf7, 0xbe, 0xf7, 0xbe, 0xf7, 0x9e, 0xf7,
    0xbe, 0xf7, 0xbe, 0xf7, 0x9e, 0xf7, 0x9e, 0xf7, 0xbe, 0xf7, 0x9e, 0xf7,
    0x9e, 0xf7, 0x9e, 0xf7, 0xbe, 0xf7, 0x9e, 0xf7, 0xbe, 0xf7, 0x9e, 0xf7,
    0x9e, 0xf7, 0x9e, 0xf7, 0x9e, 0xf7, 0x9e, 0xf7, 0x9e, 0xf7, 0x9e, 0xf7,
    0x9e, 0xf7, 0x9e, 0xf7, 0x9e, 0xf7, 0x9e, 0xf7, 0x9e, 0xf7, 0x9e, 0xf7,
    0x7e, 0xf7, 0x9e, 0xf7, 0x7d, 0xef, 0x7e, 0xf7, 0x9e, 0xf7, 0x7d, 0xf7,
    0x7e, 0xf7, 0x7e, 0xef, 0x7d, 0xf7, 0x9e, 0xf7, 0x7e, 0xf7, 0x7d, 0xef,
    0x9e, 0xf7, 0x7e, 0xf7, 0x7e, 0xef, 0x9d, 0xf7, 0x7e, 0xef, 0x7e, 0xef,
    0x7e, 0xef, 0x7d, 0xf7, 0x7e, 0xf7, 0x7e, 0xef, 0x9e, 0xf7, 0x7e, 0xf7,
    0x9d, 0xef, 0x7e, 0xf7, 0x7e, 0xf7, 0x9d, 0xef, 0x7d, 0xf7, 0x7e, 0xef,
    0x7d, 0xf7, 0x9e, 0xf7, 0x7d, 0xef, 0x7d, 0xf7, 0x9e, 0xf7, 0x7e, 0xf7,
    0x7e, 0xf7, 0x9e, 0xf7, 0x9e, 0xf7, 0x9e, 0xf7, 0x9e, 0xf7, 0x9e, 0xf7,
    0x9e, 0xf7, 0x7e, 0xf7, 0x9e, 0xf7, 0x9e, 0xf7, 0x9e, 0xf7, 0xbe, 0xf7,
    0xbe, 0xf7, 0x9e, 0xf7, 0xbe, 0xf7, 0x9e, 0xf7, 0x9e, 0xf7, 0xbe, 0xf7,
    0xbe, 0xf7, 0xbe, 0xf7, 0xbe, 0xf7, 0xbe, 0xf7, 0xbf, 0xff, 0x9e, 0xf7,
    0x9e, 0xf7, 0xbf, 0xff, 0x9e, 0xf7, 0xbf, 0xf7, 0x9e, 0xf7, 0x9e, 0xf7,
    0xbf, 0xff, 0x9e, 0xf7, 0xbe, 0xf7, 0x9f, 0xf7, 0xbf, 0xff, 0xbe, 0xf7,
    0x9e, 0xf7, 0xbf, 0xf7, 0x9e, 0xf7, 0x9e, 0xf7, 0xbe, 0xf7, 0x9e, 0xf7,
    0x9e, 0xf7, 0x9e, 0xf7, 0xbe, 0xf7, 0x9e, 0xf7, 0x9e, 0xf7, 0x9e, 0xf7,
    0x9e, 0xf7, 0x9e, 0xf7, 0x9e, 0xf7, 0x9e, 0xf7, 0x9e, 0xf7, 0x9e, 0xf7,
    0x7e, 0xf7, 0x7d, 0xef, 0x7e, 0xf7, 0x7e, 0xf7, 0x7d, 0xef, 0x7d, 0xf7,
    0x9e, 0xf7, 0x7d, 0xef, 0x7e, 0xf7, 0x7d, 0xef, 0x7e, 0xf7, 0x9d, 0xf7,
    0x7e, 0xef, 0x7e, 0xf7, 0x7d, 0xf7, 0x7e, 0xef, 0x7d, 0xf7, 0x7d, 0xf7,
    0x7e, 0xf7, 0x7d, 0xef, 0x9d, 0xf7, 0x7e, 0xf7, 0x7d, 0xef, 0x7e, 0xf7,
    0x9e, 0xef, 0x7d, 0xf7, 0x7e, 0xf7, 0x7e, 0xef, 0x7d, 0xf7, 0x7e, 0xf7,
    0x7e, 0xef, 0x9e, 0xf7, 0x7e, 0xef, 0x7d, 0xef, 0x7e, 0xf7, 0x9e, 0xf7,
    0x7e, 0xef, 0x7e, 0xf7, 0x9e, 0xf7, 0x9e, 0xf7, 0x9e, 0xf7, 0x9e, 0xf7,
    0x9e, 0xf7, 0x9e, 0xf7, 0xbe, 0xf7, 0x9e, 0xf7, 0x9e, 0xf7, 0x9e, 0xf7,
    0x9e, 0xf7, 0x9e, 0xf7, 0x9e, 0xf7, 0x9e, 0xf7, 0x9e, 0xf7, 0x9e, 0xf7,
    0x9e, 0xf7, 0x9e, 0xf7, 0x9e, 0xf7, 0x9e, 0xf7, 0x9e, 0xf7, 0x9e, 0xf7,
    0xbf, 0xf7, 0x9e, 0xff, 0xbe, 0xf7, 0x9f, 0xff, 0x9e, 0xf7, 0x9e, 0xf7,
    0xbf, 0xf7, 0x9e, 0xf7, 0x9e, 0xf7, 0x9e, 0xf7, 0xbe, 0xf7, 0x9e, 0xff,
    0x9e, 0xf7, 0x9e, 0xf7, 0xbf, 0xff, 0x9e, 0xf7, 0x9e, 0xf7, 0x9e, 0xf7,
    0xbe, 0xf7, 0x9e, 0xf7, 0x9e, 0xf7, 0x9e, 0xf7, 0x9e, 0xf7, 0x9e, 0xf7,
    0x9e, 0xf7, 0x9e, 0xf7, 0x9e, 0xf7, 0x9e, 0xf7, 0x7e, 0xf7, 0x7e, 0xf7,
    0x7d, 0xef, 0x7e, 0xf7, 0x9e, 0xf7, 0x7d, 0xef, 0x7e, 0xef, 0x9e, 0xf7,
    0x7e, 0xef, 0x7d, 0xf7, 0x9e, 0xf7, 0x7e, 0xef, 0x7d, 0xef, 0x7e, 0xf7,
    0x7d, 0xef, 0x9d, 0xf7, 0x7e, 0xf7, 0x9e, 0xef, 0x7e, 0xf7, 0x7e, 0xf7,
    0x7e, 0xf7, 0x7e, 0xef, 0x7e, 0xf7, 0x9d, 0xef, 0x7e, 0xf7, 0x7d, 0xf7,
    0x7e, 0xef, 0x9d, 0xf7, 0x7e, 0xef, 0x9e, 0xf7, 0x7d, 0xf7, 0x9e, 0xef,
    0x7d, 0xf7, 0x7d, 0xf7, 0x9e, 0xf7, 0x7e, 0xef, 0x7d, 0xf7, 0x7d, 0xef,
    0x9e, 0xf7, 0x7d, 0xf7, 0x7e, 0xf7, 0x9e, 0xf7, 0x7e, 0xf7, 0x9e, 0xf7,
    0x9e, 0xf7, 0x9e, 0xf7, 0x7e, 0xf7, 0x9e, 0xf7, 0x9e, 0xf7, 0x9e, 0xf7,
    0x9e, 0xf7, 0xbe, 0xff, 0x9e, 0xf7, 0x9e, 0xf7, 0xbe, 0xf7, 0x9e, 0xf7,
    0x9e, 0xf7, 0x9e, 0xf7, 0x9e, 0xf7, 0x9e, 0xf7, 0xbf, 0xff, 0xbe, 0xf7,
    0x9e, 0xf7, 0x9e, 0xf7, 0x9e, 0xf7, 0xbe, 0xf7, 0xbe, 0xff, 0xbf, 0xff,
    0xbe, 0xf7, 0xbe, 0xff, 0x9e, 0xf7, 0x9e, 0xf7, 0x9e, 0xf7, 0x9e, 0xf7,
    0x9e, 0xf7, 0x9e, 0xf7, 0x9e, 0xf7, 0x9e, 0xf7, 0x9e, 0xf7, 0x9e, 0xf7,
    0xbe, 0xf7, 0x7e, 0xf7, 0xbe, 0xf7, 0x9e, 0xf7, 0x9e, 0xf7, 0x9e, 0xf7,
    0x9e, 0xf7, 0x9e, 0xf7, 0x7e, 0xf7, 0x7e, 0xf7, 0x9e, 0xf7, 0x9e, 0xf7,
    0x7d, 0xef, 0x7e, 0xf7, 0x9d, 0xf7, 0x7e, 0xef, 0x7e, 0xf7, 0x7d, 0xf7,
    0x7e, 0xef, 0x7e, 0xf7, 0x9d, 0xf7, 0x7e, 0xf7, 0x7e, 0xf7, 0x9e, 0xef,
    0x7e, 0xf7, 0x7d, 0xf7, 0x9e, 0xef, 0x7e, 0xf7, 0x7d, 0xef, 0x7e, 0xf7,
    0x7d, 0xf7, 0x7e, 0xf7, 0x7e, 0xef, 0x7e, 0xf7, 0x9d, 0xf7, 0x7e, 0xef,
    0x7e, 0xf7, 0x7d, 0xf7, 0x7e, 0xef, 0x7e, 0xf7, 0x9d, 0xef, 0x7e, 0xf7,
    0x7e, 0xef, 0x7d, 0xf7, 0x7e, 0xf7, 0x9e, 0xf7, 0x7d, 0xef, 0x7e, 0xf7,
    0x9e, 0xef, 0x9e, 0xf7, 0x7d, 0xf7, 0x7e, 0xef, 0x9e, 0xf7, 0x9e, 0xf7,
    0x9e, 0xf7, 0x9e, 0xf7, 0x9e, 0xf7, 0x9e, 0xf7, 0x9e, 0xf7, 0x9e, 0xf7,
    0x9e, 0xf7, 0x9e, 0xf7, 0x9e, 0xf7, 0x9e, 0xf7, 0x9e, 0xf7, 0x9e, 0xf7,
    0xbe, 0xf7, 0x9e, 0xf7, 0x9e, 0xf7, 0xbe, 0xf7, 0x9e, 0xf7, 0x9e, 0xf7,
    0x9e, 0xf7, 0x9e, 0xf7, 0x9e, 0xf7, 0x9e, 0xf7, 0x9e, 0xf7, 0x9e, 0xf7,
    0x9e, 0xf7, 0x9e, 0xf7, 0x9e, 0xf7, 0x9e, 0xf7, 0xbf, 0xf7, 0x9e, 0xf7,
    0xbe, 0xf7, 0x9e, 0xf7, 0x9e, 0xf7, 0xbe, 0xf7, 0x9e, 0xf7, 0x9e, 0xf7,
    0x9e, 0xf7, 0x9e, 0xf7, 0x9e, 0xf7, 0x9e, 0xf7, 0x9e, 0xf7, 0x9e, 0xf7,
    0x9e, 0xf7, 0x7e, 0xf7, 0x7e, 0xf7, 0x9e, 0xf7, 0x7d, 0xef, 0x7e, 0xf7,
    0x7e, 0xf7, 0x7d, 0xef, 0x7e, 0xf7, 0x9e, 0xf7, 0x7d, 0xf7, 0x9d, 0xef,
    0x7e, 0xf7, 0x7e, 0xef, 0x7d, 0xef, 0x7d, 0xf7, 0x9e, 0xf7, 0x7d, 0xef,
    0x7e, 0xf7, 0x7e, 0xef, 0x7d, 0xf7, 0x7d, 0xf7, 0x9e, 0xef, 0x7d, 0xf7,
    0x7e, 0xef, 0x9d, 0xf7, 0x7d, 0xf7, 0x7e, 0xef, 0x7e, 0xf7, 0x9d, 0xef,
    0x7e, 0xf7, 0x7e, 0xf7, 0x9d, 0xef, 0x7e, 0xf7, 0x7e, 0xf7, 0x7d, 0xef,
    0x9e, 0xf7, 0x7e, 0xef, 0x7d, 0xef, 0x7e, 0xf7, 0x7e, 0xf7, 0x7d, 0xf7,
    0x7e, 0xef, 0x7d, 0xef, 0x9e, 0xf7, 0x9e, 0xf7, 0x7d, 0xf7, 0x7e, 0xf7,
    0x9e, 0xf7, 0x7e, 0xf7, 0x9e, 0xf7, 0x9e, 0xf7, 0x9e, 0xf7, 0x9e, 0xf7,
    0x9e, 0xf7, 0x9e, 0xf7, 0x9e, 0xf7, 0x9e, 0xf7, 0x9e, 0xf7, 0x9e, 0xf7,
    0x9f, 0xf7, 0xbe, 0xff, 0x9e, 0xf7, 0x9e, 0xf7, 0x9e, 0xf7, 0x9e, 0xf7,
    0xbe, 0xff, 0x9e, 0xf7, 0xbe, 0xf7, 0x9e, 0xf7, 0x9e, 0xf7, 0x9e, 0xf7,
    0x9e, 0xf7, 0x9e, 0xf7, 0x9e, 0xf7, 0xbe, 0xff, 0x9e, 0xf7, 0x9e, 0xf7,
    0x9e, 0xff, 0x9e, 0xf7, 0x9e, 0xf7, 0x9e, 0xf7, 0x9e, 0xf7, 0x9e, 0xf7,
    0x9e, 0xf7, 0x9e, 0xf7, 0x7e, 0xf7, 0x9e, 0xf7, 0x7e, 0xf7, 0x9e, 0xf7,
    0x7e, 0xf7, 0x9e, 0xf7, 0x9e, 0xf7, 0x7d, 0xef, 0x7e, 0xf7, 0x7d, 0xef,
    0x9e, 0xf7, 0x7e, 0xef, 0x7d, 0xef, 0x7e, 0xf7, 0x7e, 0xef, 0x9d, 0xf7,
    0x7e, 0xf7, 0x7e, 0xf7, 0x9e, 0xef, 0x7e, 0xf7, 0x7d, 0xef, 0x7e, 0xf7,
    0x9d, 0xf7, 0x7e, 0xef, 0x7e, 0xf7, 0x9e, 0xf7, 0x7e, 0xef, 0x7e, 0xf7,
    0x7e, 0xf7, 0x7e, 0xef, 0x9d, 0xf7, 0x7e, 0xf7, 0x7e, 0xef, 0x7d, 0xf7,
    0x7e, 0xf7, 0x9d, 0xef, 0x7d, 0xf7, 0x7e, 0xf7, 0x7e, 0xef, 0x7d, 0xf7,
    0x9e, 0xf7, 0x7e, 0xf7, 0x7d, 0xef, 0x9e, 0xf7, 0x7e, 0xf7, 0x9d, 0xef,
    0x7e, 0xf7, 0x7e, 0xf7, 0x7d, 0xef, 0x9e, 0xf7, 0x7e, 0xef, 0x7e, 0xf7,
    0x7d, 0xef, 0x7e, 0xf7, 0x7e, 0xf7, 0x9e, 0xf7, 0x9e, 0xf7, 0x9e, 0xf7,
    0x9e, 0xf7, 0x9e, 0xf7, 0x9e, 0xf7, 0x9e, 0xf7, 0x9e, 0xf7, 0x9e, 0xf7,
    0x9e, 0xf7, 0x9e, 0xf7, 0x9e, 0xf7, 0x9e, 0xf7, 0xbf, 0xf7, 0x9e, 0xf7,
    0x9e, 0xf7, 0x9f, 0xf7, 0x9e, 0xf7, 0xbe, 0xf7, 0x9f, 0xf7, 0xbe, 0xf7,
    0x9e, 0xf7, 0x9e, 0xf7, 0x9e, 0xf7, 0x9e, 0xf7, 0x9e, 0xf7, 0x9e, 0xf7,
    0x9e, 0xf7, 0x9e, 0xf7, 0x9e, 0xf7, 0x9e, 0xf7, 0x9e, 0xf7, 0x9e, 0xf7,
    0x9e, 0xf7, 0x9e, 0xf7, 0x7e, 0xf7, 0x7e, 0xf7, 0x9e, 0xf7, 0x7e, 0xf7,
    0x7e, 0xf7, 0x9e, 0xf7, 0x7d, 0xef, 0x7e, 0xf7, 0x7e, 0xf7, 0x9d, 0xef,
    0x7e, 0xf7, 0x7e, 0xf7, 0x9d, 0xf7, 0x7e, 0xef, 0x7e, 0xf7, 0x7d, 0xef,
    0x7e, 0xf7, 0x9d, 0xf7, 0x7d, 0xf7, 0x7e, 0xef, 0x7e, 0xf7, 0x9e, 0xf7,
    0x7d, 0xef, 0x7e, 0xf7, 0x9d, 0xf7, 0x7d, 0xef, 0x7e, 0xf7, 0x7d, 0xf7,
    0x7d, 0xf7, 0x7e, 0xef, 0x7e, 0xf7, 0x9d, 0xf7, 0x7e, 0xef, 0x7e, 0xf7,
    0x9d, 0xef, 0x7e, 0xf7, 0x7e, 0xf7, 0x9d, 0xef, 0x7e, 0xf7, 0x7d, 0xef,
    0x7e, 0xf7, 0x7e, 0xf7, 0x9d, 0xef, 0x7e, 0xf7, 0x7d, 0xef, 0x7e, 0xf7,
    0x9e, 0xf7, 0x7d, 0xf7, 0x7e, 0xef, 0x7d, 0xf7, 0x7e, 0xf7, 0x9d, 0xef,
    0x9e, 0xf7, 0x9e, 0xf7, 0x7d, 0xef, 0x7e, 0xf7, 0x7e, 0xf7, 0x9e, 0xf7,
    0x9e, 0xf7, 0x9e, 0xf7, 0x9e, 0xf7, 0x9e, 0xf7, 0x9e, 0xf7, 0x9e, 0xf7,
    0x9e, 0xf7, 0x9e, 0xf7, 0x9e, 0xf7, 0x9e, 0xf7, 0x9e, 0xf7, 0x9e, 0xf7,
    0x9e, 0xf7, 0x9e, 0xf7, 0x9e, 0xf7, 0x9e, 0xf7, 0x9e, 0xf7, 0x9e, 0xf7,
    0x9e, 0xf7, 0x9e, 0xf7, 0x9e, 0xf7, 0x9e, 0xf7, 0x9e, 0xf7, 0x9e, 0xf7,
    0x9e, 0xf7, 0x9e, 0xf7, 0x9e, 0xf7, 0x9e, 0xf7, 0x9e, 0xf7, 0x9e, 0xf7,
    0x7e, 0xf7, 0x7e, 0xf7, 0x9e, 0xf7, 0x9e, 0xf7, 0x7d, 0xef, 0x7d, 0xef,
    0x7e, 0xf7, 0x7d, 0xef, 0x7d, 0xef, 0x7e, 0xf7, 0x7e, 0xf7, 0x7d, 0xef,
    0x7e, 0xf7, 0x7d, 0xf7, 0x9e, 0xef, 0x7d, 0xf7, 0x7e, 0xf7, 0x9e, 0xef,
    0x7d, 0xef, 0x7e, 0xf7, 0x7e, 0xef, 0x9d, 0xf7, 0x7e, 0xf7, 0x7d, 0xef,
    0x7e, 0xf7, 0x7e, 0xf7, 0x7e, 0xef, 0x7d, 0xef, 0x7e, 0xf7, 0x7e, 0xef,
    0x7e, 0xf7, 0x7d, 0xef, 0x7e, 0xf7, 0x7d, 0xef, 0x9e, 0xf7, 0x7e, 0xf7,
    0x7d, 0xef, 0x7e, 0xf7, 0x7e, 0xef, 0x9e, 0xf7, 0x7d, 0xf7, 0x7e, 0xef,
    0x9d, 0xf7, 0x7e, 0xef, 0x7e, 0xf7, 0x7d, 0xf7, 0x7e, 0xef, 0x7e, 0xef,
    0x7d, 0xf7, 0x9e, 0xef, 0x7e, 0xf7, 0x7d, 0xf7, 0x7e, 0xef, 0x7e, 0xf7,
    0x7d, 0xf7, 0x7e, 0xef, 0x7d, 0xef, 0x9e, 0xf7, 0x7e, 0xf7, 0x7d, 0xef,
    0x7e, 0xf7, 0x9e, 0xf7, 0x9e, 0xf7, 0x9e, 0xf7, 0x9e, 0xf7, 0x9e, 0xf7,
    0x9e, 0xf7, 0x9e, 0xf7, 0x9e, 0xf7, 0x9e, 0xf7, 0x9e, 0xf7, 0x9e, 0xf7,
    0x9e, 0xf7, 0x9e, 0xf7, 0x9e, 0xf7, 0x9e, 0xf7, 0x9e, 0xf7, 0x9e, 0xf7,
    0x9e, 0xf7, 0x9e, 0xf7, 0x9e, 0xf7, 0x9e, 0xf7, 0x9e, 0xf7, 0x9e, 0xf7,
    0x9e, 0xf7, 0x9e, 0xf7, 0x9e, 0xf7, 0x9e, 0xf7, 0x9e, 0xf7, 0x7e, 0xf7,
    0x7e, 0xf7, 0x9e, 0xf7, 0x7e, 0xf7, 0x9e, 0xf7, 0x7d, 0xef, 0x7e, 0xf7,
    0x9e, 0xf7, 0x7e, 0xf7, 0x7e, 0xef, 0x9d, 0xf7, 0x7e, 0xf7, 0x9e, 0xef,
    0x7d, 0xf7, 0x7e, 0xef, 0x7e, 0xf7, 0x7d, 0xf7, 0x9e, 0xf7, 0x7e, 0xf7,
    0x7d, 0xf7, 0x7e, 0xef, 0x9e, 0xf7, 0x7d, 0xf7, 0x7e, 0xef, 0x9e, 0xef,
    0x7d, 0xf7, 0x9e, 0xf7, 0x7e, 0xef, 0x9d, 0xf7, 0x7e, 0xf7, 0x7e, 0xf7,
    0x7e, 0xf7, 0x9e, 0xf7, 0x7d, 0xef, 0x7e, 0xf7, 0x7d, 0xf7, 0x9e, 0xef,
    0x7e, 0xf7, 0x7d, 0xf7, 0x7e, 0xef, 0x7d, 0xf7, 0x7e, 0xf7, 0x9e, 0xef,
    0x7d, 0xf7, 0x7e, 0xf7, 0x9e, 0xef, 0x7d, 0xf7, 0x9e, 0xf7, 0x7d, 0xf7,
    0x7d, 0xef, 0x7e, 0xf7, 0x9e, 0xf7, 0x7d, 0xef, 0x9e, 0xef, 0x7e, 0xf7,
    0x7d, 0xf7, 0x7e, 0xef, 0x9e, 0xf7, 0x7d, 0xf7, 0x9e, 0xef, 0x9e, 0xf7,
    0x7e, 0xf7, 0x7e, 0xef, 0x7e, 0xf7, 0x7e, 0xf7, 0x7e, 0xf7, 0x9e, 0xf7,
    0x9e, 0xf7, 0x9e, 0xf7, 0x9e, 0xf7, 0x9e, 0xf7, 0x9e, 0xf7, 0x9e, 0xf7,
    0x9e, 0xf7, 0x9e, 0xf7, 0x9e, 0xf7, 0x9e, 0xf7, 0x9e, 0xf7, 0x9e, 0xf7,
    0x9e, 0xf7, 0x9e, 0xf7, 0x9e, 0xf7, 0x9e, 0xf7, 0x9e, 0xf7, 0x9e, 0xf7,
    0x9e, 0xf7, 0x9e, 0xf7, 0x7e, 0xf7, 0x7e, 0xf7, 0x7e, 0xf7, 0x9e, 0xf7,
    0x9d, 0xef, 0x7e, 0xf7, 0x9e, 0xef, 0x7d, 0xf7, 0x7e, 0xf7, 0x7e, 0xef,
    0x7d, 0xf7, 0x7e, 0xf7, 0x9e, 0xef, 0x7d, 0xf7, 0x7e, 0xef, 0x9e, 0xf7,
    0x7d, 0xf7, 0x7e, 0xef, 0x9e, 0xef, 0x7d, 0xf7, 0x7e, 0xef, 0x7d, 0xf7,
    0x9e, 0xf7, 0x7e, 0xef, 0x7d, 0xf7, 0x7e, 0xf7, 0x7e, 0xef, 0x7d, 0xf7,
    0x9d, 0xf7, 0x7e, 0xef, 0x7d, 0xf7, 0x9e, 0xf7, 0x7d, 0xef, 0x7d, 0xf7,
    0x7d, 0xef, 0x7e, 0xf7, 0x9e, 0xf7, 0x7d, 0xef, 0x7e, 0xf7, 0x7d, 0xef,
    0x9e, 0xf7, 0x7e, 0xf7, 0x9d, 0xef, 0x7e, 0xf7, 0x7e, 0xef, 0x7d, 0xf7,
    0x7e, 0xf7, 0x7d, 0xef, 0x7e, 0xf7, 0x9e, 0xef, 0x7d, 0xf7, 0x7e, 0xf7,
    0x9e, 0xef, 0x7d, 0xf7, 0x7e, 0xf7, 0x7e, 0xef, 0x7d, 0xf7, 0x9e, 0xf7,
    0x7e, 0xef, 0x7d, 0xf7, 0x7e, 0xf7, 0x7e, 0xef, 0x7d, 0xf7, 0x7d, 0xf7,
    0x7e, 0xef, 0x7d, 0xf7, 0x9e, 0xf7, 0x9e, 0xef, 0x7d, 0xf7, 0x7e, 0xf7,
    0x7e, 0xf7, 0x7e, 0xf7, 0x7e, 0xf7, 0x7e, 0xf7, 0x9e, 0xf7, 0x9e, 0xf7,
    0x7e, 0xf7, 0x9e, 0xf7, 0x9e, 0xf7, 0x7e, 0xf7, 0x9e, 0xf7, 0x7e, 0xf7,
    0x9e, 0xf7, 0x7e, 0xf7, 0x7e, 0xf7, 0x7e, 0xf7, 0x7e, 0xf7, 0x7e, 0xf7,
    0x7e, 0xf7, 0x7e, 0xf7, 0x9e, 0xf7, 0x7e, 0xef, 0x9e, 0xf7, 0x7e, 0xf7,
    0x7d, 0xef, 0x7d, 0xf7, 0x7e, 0xef, 0x7d, 0xf7, 0x7e, 0xf7, 0x9d, 0xef,
    0x7d, 0xef, 0x7e, 0xf7, 0x7d, 0xf7, 0x7e, 0xef, 0x7d, 0xf7, 0x7e, 0xf7,
    0x7d, 0xef, 0x9e, 0xf7, 0x7d, 0xf7, 0x7e, 0xef, 0x7e, 0xef, 0x9d, 0xf7,
    0x7e, 0xef, 0x7d, 0xf7, 0x9e, 0xef, 0x7e, 0xf7, 0x7d, 0xf7, 0x7e, 0xf7,
    0x7e, 0xef, 0x7e, 0xf7, 0x7e, 0xf7, 0x7e, 0xef, 0x7e, 0xef, 0x7e, 0xf7,
    0x7e, 0xf7, 0x7d, 0xef, 0x7e, 0xf7, 0x9e, 0xf7, 0x7e, 0xef, 0x7d, 0xf7,
    0x7e, 0xef, 0x7e, 0xf7, 0x9d, 0xf7, 0x7e, 0xef, 0x7d, 0xf7, 0x9e, 0xf7,
    0x9e, 0xef, 0x7d, 0xf7, 0x7e, 0xf7, 0x7e, 0xef, 0x7d, 0xf7, 0x7e, 0xef,
    0x9e, 0xf7, 0x7d, 0xf7, 0x7e, 0xef, 0x9e, 0xf7, 0x7d, 0xf7, 0x7e, 0xef,
    0x9d, 0xf7, 0x7e, 0xf7, 0x7d, 0xef, 0x9e, 0xf7, 0x7e, 0xf7, 0x7d, 0xef,
    0x9e, 0xef, 0x7d, 0xf7, 0x7d, 0xef, 0x7e, 0xef, 0x9e, 0xf7, 0x9e, 0xf7,
    0x7d, 0xef, 0x9e, 0xf7, 0x9e, 0xf7, 0x7d, 0xf7, 0x7e, 0xf7, 0x7e, 0xf7,
    0x7e, 0xf7, 0x7e, 0xf7, 0x7e, 0xf7, 0x7e, 0xf7, 0x7e, 0xf7, 0x9e, 0xf7,
    0x7e, 0xf7, 0x7e, 0xf7, 0x9e, 0xf7, 0x9e, 0xf7, 0x7e, 0xef, 0x9e, 0xf7,
    0x9e, 0xf7, 0x7e, 0xef, 0x7d, 0xef, 0x7d, 0xf7, 0x7e, 0xef, 0x7d, 0xf7,
    0x7e, 0xf7, 0x9e, 0xef, 0x7e, 0xf7, 0x7e, 0xef, 0x9d, 0xf7, 0x7e, 0xf7,
    0x7e, 0xef, 0x9e, 0xf7, 0x7d, 0xf7, 0x9e, 0xef, 0x7e, 0xf7, 0x7d, 0xf7,
    0x9e, 0xef, 0x7e, 0xf7, 0x7d, 0xf7, 0x9e, 0xf7, 0x7e, 0xf7, 0x7d, 0xef,
    0x7e, 0xf7, 0x7e, 0xf7, 0x9d, 0xef, 0x7e, 0xef, 0x9d, 0xf7, 0x9e, 0xef,
    0x7e, 0xf7, 0x7d, 0xf7, 0x9d, 0xef, 0x7e, 0xf7, 0x9d, 0xf7, 0x7e, 0xef,
    0x7e, 0xf7, 0x7d, 0xef, 0x7d, 0xf7, 0x7e, 0xf7, 0x9e, 0xef, 0x7d, 0xf7,
    0x7e, 0xf7, 0x7d, 0xef, 0x7e, 0xf7, 0x9e, 0xef, 0x7d, 0xf7, 0x7e, 0xef,
    0x7e, 0xf7, 0x9d, 0xf7, 0x7e, 0xef, 0x7d, 0xf7, 0x9e, 0xf7, 0x7e, 0xef,
    0x7d, 0xf7, 0x7e, 0xef, 0x7d, 0xf7, 0x9e, 0xf7, 0x7e, 0xef, 0x7d, 0xf7,
    0x7e, 0xf7, 0x9e, 0xef, 0x7d, 0xef, 0x7e, 0xf7, 0x9e, 0xf7, 0x7e, 0xef,
    0x7e, 0xf7, 0x7e, 0xf7, 0x7d, 0xf7, 0x7e, 0xf7, 0x7d, 0xef, 0x7d, 0xf7,
    0x7e, 0xef, 0x7d, 0xef, 0x7e, 0xef, 0x7d, 0xef, 0x9e, 0xf7, 0x9e, 0xf7,
    0x9d, 0xef, 0x9e, 0xf7, 0x9d, 0xf7, 0x9e, 0xef, 0x7d, 0xf7, 0x9e, 0xf7,
    0x7d, 0xef, 0x7d, 0xef, 0x7d, 0xf7, 0x7d, 0xef, 0x7d, 0xef, 0x7d, 0xf7,
    0x7e, 0xf7, 0x7d, 0xef, 0x9e, 0xf7, 0x7e, 0xf7, 0x7d, 0xef, 0x9e, 0xf7,
    0x7e, 0xf7, 0x7d, 0xef, 0x9d, 0xf7, 0x7e, 0xf7, 0x7e, 0xef, 0x7d, 0xf7,
    0x7e, 0xf7, 0x9e, 0xef, 0x7d, 0xf7, 0x7e, 0xf7, 0x9e, 0xef, 0x7d, 0xf7,
    0x7e, 0xf7, 0x7e, 0xef, 0x7d, 0xef, 0x9e, 0xf7, 0x7d, 0xf7, 0x7e, 0xef,
    0x9e, 0xf7, 0x7d, 0xf7, 0x7e, 0xf7, 0x7e, 0xf7, 0x7d, 0xef, 0x7e, 0xf7,
    0x7d, 0xf7, 0x9e, 0xef, 0x7e, 0xf7, 0x7d, 0xf7, 0x7e, 0xf7, 0x7d, 0xf7,
    0x7e, 0xf7, 0x9e, 0xef, 0x7d, 0xf7, 0x7e, 0xef, 0x7d, 0xf7, 0x9e, 0xf7,
    0x7e, 0xef, 0x9d, 0xf7, 0x7e, 0xf7, 0x7e, 0xf7, 0x7d, 0xef, 0x7e, 0xf7,
    0x7d, 0xef, 0x7e, 0xf7, 0x9e, 0xef, 0x7d, 0xf7, 0x7e, 0xf7, 0x9e, 0xef,
    0x7d, 0xf7, 0x7e, 0xf7, 0x7e, 0xef, 0x7d, 0xf7, 0x7e, 0xef, 0x7d, 0xf7,
    0x7e, 0xf7, 0x7e, 0xef, 0x7d, 0xf7, 0x7d, 0xf7, 0x7e, 0xef, 0x9d, 0xf7,
    0x7d, 0xf7, 0x9e, 0xef, 0x7e, 0xf7, 0x9e, 0xf7, 0x7e, 0xef, 0x7e, 0xf7,
    0x9e, 0xf7, 0x7e, 0xf7, 0x7d, 0xf7, 0x7e, 0xef, 0x7e, 0xf7, 0x7d, 0xef,
    0x7d, 0xef, 0x7e, 0xf7, 0x7e, 0xef, 0x7d, 0xf7, 0x7e, 0xef, 0x7d, 0xf7,
    0x7e, 0xf7, 0x7e, 0xef, 0x9e, 0xf7, 0x7e, 0xf7, 0x7e, 0xf7, 0x9e, 0xef,
    0x7d, 0xf7, 0x7e, 0xf7, 0x9e, 0xf7, 0x7d, 0xef, 0x7e, 0xf7, 0x9e, 0xf7,
    0x7d, 0xef, 0x7e, 0xf7, 0x7e, 0xf7, 0x7d, 0xef, 0x9e, 0xf7, 0x7d, 0xf7,
    0x7e, 0xef, 0x7d, 0xf7, 0x7e, 0xef, 0x7e, 0xf7, 0x7d, 0xef, 0x9e, 0xf7,
    0x7e, 0xf7, 0x7d, 0xef, 0x7e, 0xf7, 0x7e, 0xf7, 0x7d, 0xef, 0x9e, 0xf7,
    0x7d, 0xef, 0x7e, 0xef, 0x7e, 0xf7, 0x9d, 0xf7, 0x7e, 0xef, 0x7e, 0xf7,
    0x7d, 0xef, 0x7e, 0xef, 0x7e, 0xf7, 0x9d, 0xef, 0x7e, 0xef, 0x7e, 0xf7
};
